Type,Age,Breed1,Breed2,Gender,Color1,Color2,Color3,MaturitySize,FurLength,Vaccinated,Dewormed,Sterilized,Health,Quantity,Fee,State,VideoAmt,PhotoAmt,has_name,has_description
0,2.0,136,107,0,0,0,0,1,1,1,0,1,0,3,0,2,0,8.0,1,1
0,12.0,136,0,1,1,0,0,0,0,0,0,0,0,1,0,2,0,3.0,1,1
0,2.0,136,107,0,0,1,5,1,0,1,1,1,0,1,0,2,0,1.0,1,1
0,2.0,136,107,0,2,0,0,1,1,0,0,1,0,1,0,2,0,2.0,1,1
1,4.0,99,0,2,0,1,0,1,1,1,1,1,0,4,0,2,0,2.0,1,1
0,12.0,136,0,1,0,1,2,1,0,0,0,0,0,1,0,2,0,3.0,1,1
0,24.0,136,0,0,4,6,0,1,0,2,2,2,0,1,0,7,0,4.0,1,1
1,40.0,87,0,1,0,0,0,1,1,2,0,1,0,1,0,3,0,3.0,0,1
1,4.0,100,0,1,0,0,0,1,0,2,2,1,0,1,100,12,0,1.0,1,1
0,8.0,136,107,0,4,6,0,1,1,2,2,2,0,1,0,2,0,3.0,1,1
1,2.0,91,0,2,0,3,5,1,1,1,1,1,0,2,0,2,0,5.0,1,1
0,1.0,136,107,1,1,0,0,1,1,1,0,1,0,1,150,2,1,14.0,1,1
0,1.0,136,0,2,1,0,0,1,0,1,0,1,0,2,0,2,0,1.0,1,1
0,2.0,136,51,1,0,6,0,1,1,1,1,1,0,1,0,2,0,7.0,1,1
0,2.0,136,107,1,0,1,3,0,0,1,1,1,0,2,0,3,0,4.0,0,1
1,2.0,99,0,2,0,5,0,0,1,1,1,1,0,2,0,2,0,5.0,1,1
0,1.0,136,0,0,0,1,0,1,0,2,2,2,0,3,0,2,0,1.0,0,1
0,36.0,136,0,0,1,2,0,2,0,2,2,1,0,1,0,12,0,2.0,1,1
0,12.0,136,0,0,4,0,0,1,1,2,2,1,1,1,0,2,0,8.0,1,1
0,3.0,137,107,0,0,0,0,1,0,2,2,1,0,1,0,2,0,2.0,1,1
1,1.0,135,0,0,0,6,0,1,1,1,1,1,0,1,50,2,0,3.0,1,1
1,3.0,100,97,2,6,0,0,1,0,0,0,1,0,2,0,12,0,4.0,1,1
0,8.0,136,0,1,0,0,0,1,0,0,0,0,0,1,0,5,0,8.0,1,1
1,12.0,100,78,0,2,6,0,1,0,1,1,0,0,2,0,12,0,0.0,0,1
0,6.0,136,0,1,0,6,0,1,1,0,0,1,0,1,0,2,0,5.0,1,1
1,12.0,117,78,1,6,0,0,1,0,0,0,0,0,1,0,12,0,4.0,1,1
1,2.0,100,0,1,0,5,5,0,0,1,0,1,0,1,0,1,0,2.0,1,1
1,12.0,99,0,1,6,0,0,1,1,2,2,2,0,1,0,0,0,1.0,1,1
0,3.0,136,0,1,1,2,0,1,0,0,0,0,0,1,0,2,0,3.0,1,1
0,5.0,136,0,1,1,6,0,1,0,0,0,0,0,1,0,2,0,5.0,1,1
1,2.0,100,0,1,5,6,0,0,0,1,1,1,0,1,0,12,0,5.0,1,1
0,3.0,28,0,1,0,1,0,0,0,1,1,1,0,1,100,2,0,2.0,1,1
1,36.0,122,0,1,4,5,5,2,1,1,1,0,0,1,0,2,0,8.0,1,1
0,1.0,136,0,0,0,1,1,1,0,1,1,2,0,6,1,12,0,4.0,1,1
0,5.0,136,0,1,4,0,0,1,0,0,0,0,0,1,0,12,0,4.0,1,1
1,3.0,99,0,1,6,0,0,1,1,1,1,1,0,1,0,2,0,1.0,1,1
0,1.0,136,0,1,1,6,0,1,0,1,1,1,0,1,50,2,0,1.0,1,1
0,3.0,136,0,1,6,0,0,1,0,1,1,1,0,1,0,2,0,1.0,1,1
0,4.0,136,107,1,1,0,0,1,1,0,0,1,0,1,0,2,0,4.0,1,1
1,24.0,100,0,0,5,6,0,1,0,1,0,0,0,1,0,2,0,0.0,1,1
1,24.0,100,0,1,0,1,5,2,1,0,0,0,0,1,0,12,0,3.0,1,1
1,1.0,129,0,1,0,6,0,1,1,1,1,1,0,1,0,2,0,1.0,0,1
1,1.0,100,0,1,0,6,0,0,0,1,1,1,0,1,0,2,0,3.0,1,1
1,3.0,88,69,2,0,1,1,1,1,1,0,1,0,2,100,2,0,2.0,1,1
1,1.0,99,0,0,2,3,0,2,1,1,1,1,0,1,0,2,0,3.0,1,1
1,2.0,100,0,1,3,6,0,0,0,1,1,1,1,1,0,2,0,4.0,1,1
0,1.0,136,0,1,0,1,5,1,2,1,1,1,0,1,0,12,0,1.0,1,1
1,24.0,100,0,1,0,1,5,0,0,0,0,0,0,1,0,2,0,2.0,1,1
0,2.0,136,107,1,1,0,0,1,0,0,0,1,0,1,0,2,0,3.0,1,1
1,1.0,100,0,1,0,1,0,1,0,1,1,1,0,1,0,12,0,1.0,0,1
1,16.0,106,0,0,1,5,5,1,1,0,0,0,0,3,0,2,0,4.0,1,1
1,2.0,79,0,0,5,6,0,1,2,0,0,1,0,1,350,2,0,10.0,1,1
1,3.0,99,76,2,0,6,0,1,1,1,0,1,0,2,50,2,0,3.0,0,1
0,4.0,16,107,1,1,6,0,0,0,0,0,1,0,1,300,2,0,5.0,1,1
1,6.0,99,0,1,1,5,5,1,2,2,2,2,0,1,0,12,0,6.0,1,1
0,1.0,136,0,0,0,1,0,1,0,0,0,1,0,1,0,2,0,6.0,1,1
0,7.0,136,0,0,0,1,0,2,2,0,0,1,0,1,0,7,0,2.0,1,1
1,4.0,100,0,0,3,0,0,1,0,1,1,1,0,1,0,12,0,3.0,1,1
0,2.0,65,107,1,0,1,0,1,2,1,1,1,0,2,0,4,0,1.0,0,1
0,18.0,51,39,1,0,1,5,1,0,0,1,2,0,1,200,2,0,3.0,1,1
1,6.0,99,0,1,2,3,3,1,1,1,1,2,0,2,50,12,0,0.0,1,1
0,5.0,136,0,0,0,0,0,1,0,0,0,1,0,1,0,2,1,5.0,1,1
1,3.0,122,0,0,0,6,0,0,0,1,1,1,0,1,0,12,0,1.0,1,1
0,2.0,136,0,1,4,0,0,1,0,1,0,1,0,1,0,3,0,1.0,1,1
0,2.0,144,107,2,0,1,2,1,0,1,1,1,0,6,0,3,0,2.0,0,1
0,0.0,136,0,2,0,5,5,1,0,1,1,1,0,5,0,2,0,5.0,1,1
1,3.0,100,0,0,3,0,0,0,0,1,0,1,0,1,0,12,0,1.0,1,1
1,2.0,100,0,0,0,6,0,0,0,1,0,1,0,1,0,2,0,1.0,1,1
0,2.0,136,0,0,1,0,0,1,0,0,0,1,0,1,0,4,1,9.0,1,1
0,19.0,151,0,0,2,0,0,1,1,0,0,1,0,1,350,2,0,3.0,1,1
0,24.0,136,0,1,0,6,0,1,0,2,2,1,0,1,0,12,0,2.0,1,1
0,3.0,136,0,1,2,0,0,1,0,2,2,2,0,1,0,3,0,3.0,1,1
0,5.0,136,0,0,1,3,3,1,1,0,0,1,0,1,0,2,0,1.0,1,1
1,4.0,100,77,1,2,6,0,1,0,0,0,1,0,1,120,2,0,7.0,1,1
0,60.0,136,0,1,6,0,0,0,2,0,0,2,0,1,0,12,0,5.0,1,1
0,1.0,44,107,0,0,1,0,1,1,1,1,1,0,1,0,3,0,5.0,1,1
0,2.0,136,0,1,0,1,0,1,0,1,0,1,0,1,0,2,0,4.0,1,1
1,2.0,100,0,1,0,3,5,1,0,1,0,1,0,1,0,12,0,15.0,1,1
0,48.0,28,0,1,0,1,0,0,0,0,0,0,0,1,0,2,0,2.0,1,1
0,1.0,136,0,1,1,6,0,1,1,0,0,1,0,1,0,2,0,4.0,1,1
1,3.0,100,0,0,4,0,0,1,0,1,0,1,0,1,0,12,1,12.0,1,1
1,3.0,99,97,2,6,0,0,0,1,0,0,0,0,2,0,2,0,4.0,1,1
0,6.0,136,0,1,1,0,0,1,0,2,2,2,0,1,0,2,0,3.0,1,1
0,2.0,136,0,0,0,0,0,1,0,1,0,1,0,1,0,2,0,4.0,1,1
0,1.0,136,107,1,0,1,0,1,1,0,0,1,0,1,150,2,1,13.0,1,1
0,3.0,136,0,0,0,6,0,1,0,1,1,1,0,1,10,1,0,1.0,1,1
1,3.0,125,0,2,0,1,2,1,1,1,1,1,0,4,0,7,0,1.0,1,1
0,2.0,136,0,1,0,1,5,1,1,1,0,1,0,1,0,3,0,1.0,1,1
0,2.0,136,0,0,4,0,0,1,1,2,2,1,0,1,0,2,0,5.0,1,1
1,2.0,100,0,1,0,1,0,1,0,1,1,1,0,1,0,2,0,11.0,1,1
0,2.0,136,107,0,0,1,1,0,1,0,0,1,0,1,0,2,0,5.0,1,1
0,2.0,136,0,1,1,6,0,1,0,2,2,1,0,1,0,2,0,1.0,1,1
1,14.0,99,0,1,1,0,0,1,2,1,0,2,0,1,0,12,0,1.0,1,1
0,3.0,136,0,1,0,3,0,2,0,2,0,2,0,2,0,2,0,1.0,1,1
1,3.0,100,0,0,0,1,5,0,1,1,1,1,0,1,0,2,0,4.0,1,1
1,1.0,100,0,1,0,3,5,1,0,1,0,1,0,1,0,12,0,3.0,1,1
0,2.0,136,107,1,1,3,5,1,0,0,1,1,0,1,0,12,0,1.0,1,1
0,36.0,38,0,0,4,6,0,0,1,0,0,0,0,1,200,2,0,4.0,1,1
1,2.0,100,0,0,0,1,4,0,0,1,0,1,0,1,0,2,0,7.0,1,1
0,2.0,136,0,1,0,1,0,1,0,0,0,1,0,1,0,12,0,2.0,1,1
1,24.0,98,0,1,1,0,0,1,2,0,0,0,0,1,150,7,0,1.0,1,1
1,6.0,100,0,1,1,5,5,1,0,1,1,1,0,1,0,2,0,1.0,0,1
0,2.0,136,0,1,6,0,0,0,0,1,1,1,0,1,0,2,0,1.0,1,1
1,2.0,98,76,2,0,6,0,0,2,1,1,1,0,3,0,7,0,1.0,1,1
0,2.0,21,0,1,0,0,0,2,0,2,2,2,0,1,0,2,0,5.0,1,1
0,36.0,158,0,1,0,1,0,2,1,2,2,2,1,1,0,12,0,4.0,0,1
0,2.0,136,0,2,0,1,5,1,0,1,1,1,0,6,0,12,0,1.0,1,1
1,2.0,100,0,2,0,1,5,1,0,0,0,1,0,4,0,12,0,4.0,1,1
1,1.0,132,0,1,0,5,5,1,0,1,1,1,0,1,0,2,0,5.0,1,1
0,8.0,136,107,1,5,0,0,1,0,0,0,0,0,1,0,2,0,4.0,1,1
1,112.0,100,0,0,0,6,0,0,0,1,1,1,0,1,0,12,0,5.0,1,1
1,20.0,132,0,1,0,1,5,0,0,0,0,0,0,1,0,2,0,1.0,1,1
1,3.0,99,0,1,0,6,0,1,1,1,1,2,0,1,0,2,0,4.0,1,1
1,1.0,100,78,2,0,6,0,1,0,1,1,1,0,4,0,12,0,2.0,1,1
0,5.0,8,107,1,4,6,0,1,1,0,0,1,0,1,0,2,0,11.0,1,1
0,72.0,58,0,0,1,4,5,2,2,0,0,1,0,1,0,2,0,4.0,1,1
1,11.0,100,0,2,2,6,0,1,1,1,1,1,0,3,0,12,0,3.0,0,1
1,6.0,100,0,2,4,5,5,1,1,1,0,1,0,2,0,12,0,5.0,1,1
1,0.0,100,0,1,0,1,1,0,0,1,1,1,0,1,0,2,0,3.0,0,1
1,6.0,85,0,2,3,6,0,1,0,1,1,1,0,5,0,7,0,3.0,1,1
1,3.0,100,0,1,3,6,0,0,0,0,0,1,0,1,0,2,0,6.0,1,1
1,3.0,129,97,0,1,5,5,0,0,1,0,1,0,1,0,2,0,5.0,1,1
0,4.0,136,0,0,0,6,0,1,0,0,0,1,0,1,0,2,0,1.0,1,1
0,3.0,136,0,0,4,0,0,1,0,0,0,1,0,1,0,2,0,1.0,1,1
0,2.0,136,0,1,0,1,0,1,1,0,0,1,0,1,0,2,0,7.0,1,1
0,2.0,136,0,1,1,0,0,1,0,1,1,1,0,2,0,2,0,2.0,1,1
1,33.0,100,0,1,1,0,0,1,0,0,0,0,0,1,80,12,0,5.0,1,1
0,24.0,136,0,0,2,4,0,1,0,0,0,0,0,1,80,2,3,20.0,1,1
0,1.0,136,0,1,0,1,0,1,1,1,1,1,0,1,0,3,0,1.0,1,1
0,6.0,136,0,1,1,0,0,2,0,0,0,1,0,1,0,12,0,5.0,1,1
0,2.0,136,0,2,0,3,5,1,0,1,1,1,0,6,0,12,0,6.0,0,1
0,12.0,136,0,0,1,2,3,1,0,1,1,1,0,1,0,2,0,5.0,1,1
0,1.0,136,0,2,0,1,5,1,0,1,1,1,0,4,0,2,0,8.0,1,1
0,24.0,136,116,0,4,0,0,1,1,2,2,1,0,1,0,2,0,5.0,1,1
0,4.0,136,0,1,1,0,0,2,2,0,0,1,0,1,0,12,0,6.0,1,1
1,10.0,100,0,1,1,4,0,1,0,1,1,0,0,1,0,2,0,9.0,1,1
1,2.0,100,0,0,0,5,5,0,0,1,0,1,0,1,0,2,0,4.0,1,1
1,4.0,100,78,1,5,6,0,0,0,1,1,1,0,1,0,2,0,3.0,1,1
1,3.0,100,0,1,0,0,0,1,0,1,0,1,0,1,0,12,0,4.0,1,1
1,4.0,100,77,0,0,0,0,1,0,2,2,1,0,1,0,2,0,5.0,1,1
1,1.0,115,0,0,0,5,5,1,0,1,1,1,0,4,0,2,0,8.0,1,1
1,2.0,100,0,2,0,5,0,1,0,1,0,1,0,4,0,12,0,3.0,1,1
0,2.0,65,107,0,0,1,0,1,0,2,2,1,0,1,0,2,0,4.0,1,1
0,24.0,136,0,1,0,1,0,1,1,0,0,0,0,1,0,12,0,2.0,1,1
1,3.0,100,0,0,0,6,0,1,0,0,1,1,0,1,0,2,0,0.0,1,1
1,12.0,100,0,1,0,5,5,1,0,1,1,1,0,1,0,12,0,12.0,1,1
1,3.0,129,0,0,0,1,2,1,0,1,1,1,0,1,0,2,0,4.0,0,1
1,4.0,99,0,0,6,0,0,2,1,1,0,1,0,1,0,12,0,5.0,1,1
1,24.0,100,0,1,0,4,0,1,0,1,0,0,0,1,50,12,0,2.0,1,1
1,3.0,99,0,1,0,6,0,1,1,1,1,1,0,2,0,12,0,8.0,1,1
1,3.0,100,0,2,0,1,5,1,0,1,1,1,0,4,0,2,0,3.0,1,1
1,1.0,100,0,1,0,1,0,1,0,1,1,1,0,1,0,12,0,1.0,1,1
0,3.0,136,0,1,1,0,0,1,0,0,0,1,0,1,0,2,0,1.0,1,1
1,3.0,99,0,2,1,0,0,1,1,1,0,1,0,2,0,2,0,2.0,1,1
0,1.0,136,107,2,1,6,0,1,1,1,0,1,0,4,0,2,0,5.0,1,1
0,24.0,136,120,0,1,6,0,0,1,0,1,0,0,1,0,2,0,7.0,1,1
0,1.0,136,51,0,0,1,5,1,1,1,1,1,0,1,0,2,0,4.0,1,1
0,60.0,21,107,0,0,1,0,1,1,1,1,1,0,1,0,1,0,4.0,1,1
1,14.0,129,0,1,0,1,4,1,0,1,1,1,0,2,0,4,0,3.0,1,1
0,3.0,136,0,0,1,6,0,1,0,2,2,2,0,1,10,2,0,1.0,1,1
0,12.0,136,0,1,6,0,0,1,0,0,0,0,0,1,0,2,0,1.0,1,1
0,1.0,136,51,1,0,1,5,1,0,1,1,1,0,1,0,2,0,3.0,1,1
0,3.0,136,107,1,1,0,0,1,0,0,0,1,0,1,0,2,0,9.0,1,1
0,2.0,136,0,1,1,0,0,1,1,1,0,1,0,1,0,2,0,1.0,1,1
1,2.0,100,0,1,5,0,0,1,0,1,1,1,0,1,0,2,0,1.0,1,1
1,44.0,122,0,1,1,4,0,1,0,0,0,0,0,1,0,2,1,19.0,1,1
0,12.0,136,51,0,0,1,3,1,1,2,2,2,0,1,0,12,0,2.0,1,1
0,1.0,136,107,1,0,6,0,1,0,1,0,1,0,2,0,12,0,26.0,1,1
0,3.0,38,107,0,0,0,0,2,1,2,0,1,0,1,0,2,0,1.0,1,1
1,3.0,129,0,1,0,5,0,0,1,1,1,1,0,1,0,12,0,5.0,1,1
1,12.0,132,77,1,3,5,0,1,1,0,0,0,0,1,0,12,0,5.0,1,1
0,24.0,57,0,1,0,1,5,0,2,0,0,1,0,1,350,12,0,2.0,1,1
1,6.0,100,0,1,0,1,5,1,0,1,1,1,0,1,0,2,0,1.0,0,1
0,2.0,136,0,0,0,0,0,1,1,2,2,2,0,1,0,0,0,1.0,0,1
1,19.0,100,78,1,0,6,0,1,0,0,0,0,0,1,0,2,0,2.0,1,1
1,3.0,100,78,1,0,0,0,0,1,1,0,1,0,1,0,12,0,5.0,1,1
1,1.0,100,0,2,0,1,5,0,0,1,1,1,0,5,0,2,0,5.0,0,1
1,17.0,100,0,0,3,0,0,1,0,0,0,1,0,1,0,12,0,5.0,1,1
1,1.0,100,0,1,2,4,0,1,0,1,1,1,0,1,0,2,0,7.0,1,1
0,1.0,136,0,1,0,0,0,0,0,1,1,1,0,1,0,2,0,1.0,1,1
0,2.0,65,107,0,0,2,0,1,1,0,0,1,0,1,0,2,0,6.0,1,1
1,6.0,122,0,1,0,0,0,1,0,0,0,1,0,1,0,12,0,12.0,1,1
0,17.0,57,51,1,4,5,0,0,1,0,0,1,0,1,0,2,0,2.0,1,1
1,3.0,99,0,0,0,5,0,1,1,1,1,1,0,1,0,12,0,2.0,0,1
0,1.0,136,107,2,0,1,3,0,0,1,0,2,0,6,0,2,0,5.0,1,1
0,7.0,136,0,0,1,6,0,1,1,1,1,1,0,1,0,2,0,1.0,1,1
0,24.0,136,0,1,1,0,0,1,0,0,0,0,0,1,0,2,0,4.0,1,1
0,3.0,136,0,1,0,1,0,1,0,1,0,1,0,1,90,2,0,1.0,1,1
1,12.0,100,0,1,4,5,5,0,0,0,0,0,0,1,0,12,0,1.0,0,1
0,108.0,8,0,0,2,0,0,2,1,0,0,2,0,1,0,12,0,1.0,1,1
1,10.0,100,104,1,0,3,5,1,0,0,0,0,0,1,0,2,0,2.0,1,1
1,3.0,115,0,0,3,6,0,1,0,0,0,1,0,1,0,12,0,5.0,1,1
1,4.0,99,0,1,3,6,0,0,0,1,0,1,0,1,0,12,0,5.0,1,1
0,1.0,136,107,2,1,4,0,1,0,1,1,1,0,4,0,2,0,4.0,1,1
0,5.0,52,0,1,1,0,0,1,0,0,0,1,0,1,0,2,0,11.0,1,1
0,18.0,16,0,1,1,6,0,0,0,0,0,1,0,1,0,12,0,1.0,1,1
1,1.0,80,0,1,0,6,0,0,0,1,1,1,0,1,0,12,0,1.0,1,1
1,12.0,84,97,1,5,0,0,1,0,0,0,0,0,1,0,2,0,2.0,1,1
0,72.0,27,107,0,0,1,0,2,0,0,0,0,0,1,0,12,0,5.0,1,1
1,2.0,100,0,0,0,1,0,1,0,0,0,1,0,1,70,2,0,1.0,0,1
1,2.0,99,0,1,6,0,0,1,1,1,1,1,0,1,0,2,0,1.0,0,1
1,3.0,129,77,1,0,1,3,1,1,1,0,1,0,1,0,2,0,5.0,1,1
0,3.0,136,0,1,1,3,0,1,0,0,0,0,0,1,0,2,0,4.0,1,1
1,16.0,100,0,1,0,3,5,0,0,1,1,1,0,15,0,2,0,4.0,1,1
0,3.0,136,0,1,1,2,0,1,1,0,0,1,0,1,50,2,0,2.0,1,1
0,0.0,136,0,0,4,0,0,0,0,1,1,1,0,2,0,5,0,5.0,1,1
0,12.0,136,0,2,1,4,0,1,0,0,0,0,0,5,0,2,0,7.0,1,1
0,2.0,136,0,1,0,1,5,1,0,1,1,1,0,1,0,12,0,1.0,1,1
0,2.0,136,107,2,0,1,5,0,1,0,0,2,0,2,0,2,0,5.0,1,1
1,6.0,99,0,0,1,0,0,1,1,0,0,2,0,1,0,12,0,2.0,1,1
1,2.0,99,0,1,0,4,5,0,1,2,2,2,0,4,0,12,0,2.0,1,1
1,14.0,100,0,0,0,6,0,2,0,1,1,1,0,1,0,12,0,2.0,1,1
1,2.0,100,0,0,1,3,3,0,0,1,1,1,0,1,0,2,0,13.0,1,1
1,2.0,100,0,1,3,6,0,0,0,1,1,1,0,1,0,2,0,3.0,0,1
0,2.0,136,0,1,0,1,0,1,0,2,2,1,0,1,0,2,0,3.0,1,1
0,3.0,136,107,0,1,6,0,1,0,0,0,1,0,1,0,12,0,2.0,1,1
0,72.0,57,46,0,0,5,5,0,2,0,0,0,0,1,200,2,0,9.0,1,1
1,2.0,100,0,0,0,0,0,1,0,0,0,1,0,1,0,2,0,3.0,1,1
1,2.0,100,78,2,1,2,5,1,0,1,1,1,0,3,0,2,0,5.0,0,1
0,3.0,136,0,0,0,1,0,1,1,0,0,1,0,1,0,2,0,3.0,1,1
0,6.0,136,0,1,0,1,0,1,1,0,0,1,0,1,0,2,0,5.0,1,1
0,2.0,136,0,1,5,0,0,1,1,0,0,1,0,1,0,12,0,4.0,1,1
0,7.0,136,107,1,1,0,0,1,1,1,1,0,0,1,0,2,0,1.0,1,1
0,2.0,136,0,1,6,0,0,1,2,0,0,1,0,1,0,2,0,1.0,1,1
0,3.0,136,107,0,4,5,0,1,1,1,1,1,0,1,0,2,0,1.0,1,1
1,12.0,135,77,1,0,6,0,1,1,2,2,2,0,1,200,12,0,5.0,1,1
0,12.0,136,29,1,0,6,0,2,0,0,0,0,0,1,100,2,0,6.0,1,1
0,2.0,136,0,1,0,1,0,1,0,0,0,1,0,1,0,2,0,2.0,1,1
1,2.0,100,101,0,1,0,0,0,0,1,1,1,0,1,0,12,0,3.0,1,1
0,3.0,136,122,1,0,5,5,2,0,0,0,0,0,1,0,2,0,1.0,1,1
0,12.0,136,50,2,0,1,3,1,1,0,0,2,0,3,0,12,0,2.0,1,1
1,5.0,99,101,1,4,6,0,1,1,1,0,1,0,1,0,2,0,5.0,1,1
0,1.0,136,0,0,0,0,0,1,0,1,0,1,0,1,0,12,0,5.0,1,1
1,3.0,129,76,0,2,0,0,1,1,1,0,1,0,1,100,12,0,5.0,1,1
0,12.0,136,0,1,6,0,0,1,0,0,0,0,0,1,0,5,0,28.0,1,1
1,2.0,99,77,0,3,0,0,0,1,1,0,1,0,1,0,2,0,5.0,1,1
1,1.0,99,76,0,2,6,0,1,1,1,1,1,0,1,50,2,0,7.0,1,1
0,17.0,142,0,1,6,0,0,0,0,0,0,1,0,1,0,2,0,2.0,1,1
0,24.0,136,0,1,0,1,0,1,0,0,0,0,0,1,0,12,0,8.0,1,1
0,24.0,136,0,1,6,0,0,1,0,0,0,0,0,1,0,2,0,15.0,1,1
1,2.0,91,0,2,0,3,5,1,1,1,1,1,0,2,0,2,0,5.0,1,1
1,1.0,100,0,2,0,2,4,0,0,1,1,1,0,4,0,12,0,1.0,0,1
1,1.0,100,0,1,5,6,0,1,0,0,0,1,0,3,0,2,0,1.0,1,1
0,36.0,57,0,1,1,4,0,0,1,0,0,0,0,1,0,2,0,1.0,1,1
0,36.0,136,0,1,1,0,0,1,0,0,0,0,0,1,0,2,0,1.0,1,1
1,12.0,99,0,1,0,1,1,1,1,2,2,2,0,1,75,2,0,2.0,1,1
0,1.0,136,107,1,1,6,0,1,0,1,2,1,0,1,0,2,0,1.0,1,1
1,2.0,100,0,0,2,4,0,1,0,1,1,1,0,1,0,2,0,2.0,1,1
1,12.0,114,0,1,3,6,0,1,1,0,2,1,0,1,0,12,0,3.0,1,1
1,4.0,100,0,0,0,6,0,0,0,0,0,0,0,1,0,2,0,7.0,0,1
0,3.0,136,123,1,0,1,0,2,0,0,0,0,0,1,300,2,0,3.0,1,1
0,3.0,136,0,0,1,0,0,1,0,0,0,0,0,1,0,2,0,11.0,1,1
1,1.0,100,0,0,6,0,0,1,0,1,0,1,0,2,0,2,0,10.0,1,1
0,31.0,51,0,0,1,6,0,1,0,0,0,1,0,1,350,2,0,1.0,1,1
0,96.0,8,0,0,2,0,0,1,1,0,0,1,0,1,0,2,0,2.0,1,1
1,72.0,100,0,0,0,6,0,1,0,0,0,0,0,1,0,2,0,10.0,1,1
0,6.0,136,107,1,4,6,0,1,0,0,0,0,0,2,0,5,0,3.0,1,1
0,2.0,136,0,1,0,6,0,1,0,1,0,1,0,1,0,2,0,6.0,1,1
0,12.0,136,0,0,1,6,0,1,0,0,0,1,0,1,0,2,0,3.0,1,1
1,10.0,129,0,0,3,6,0,1,0,0,0,0,0,1,0,5,0,6.0,1,1
0,12.0,136,0,0,2,4,0,1,1,2,1,1,0,1,0,4,0,2.0,1,1
0,11.0,136,0,0,1,6,0,1,1,0,0,0,0,1,0,2,0,1.0,1,1
0,1.0,136,0,1,6,0,0,0,0,1,1,1,0,1,0,5,2,5.0,1,1
0,36.0,136,0,0,0,1,5,0,1,0,0,1,0,1,0,12,0,1.0,1,1
0,11.0,136,0,0,0,1,5,1,0,0,2,1,0,1,0,2,0,4.0,1,1
1,3.0,100,0,0,2,4,0,1,0,1,0,1,0,2,0,12,0,3.0,1,1
0,12.0,136,0,1,2,4,0,1,0,0,0,0,0,1,0,2,0,1.0,1,1
1,0.0,99,0,0,1,2,0,0,1,2,2,2,1,1,0,12,0,1.0,1,1
0,1.0,136,0,0,1,0,0,1,0,1,1,1,0,1,0,0,0,4.0,1,1
1,7.0,99,0,0,1,6,0,2,1,1,2,1,0,1,0,2,0,5.0,1,1
1,3.0,100,0,1,5,6,0,0,0,1,1,1,0,1,0,2,0,2.0,1,1
0,60.0,136,0,0,1,2,0,1,0,0,0,1,0,1,0,2,0,1.0,1,1
0,2.0,136,0,0,0,0,0,1,0,1,0,1,0,1,0,12,0,1.0,1,1
0,1.0,136,0,1,1,0,0,1,0,1,1,1,0,1,0,5,0,3.0,1,1
1,3.0,100,0,0,1,6,0,0,1,1,0,1,0,1,0,2,0,3.0,1,1
1,60.0,129,0,0,0,1,3,3,1,0,0,0,0,3,0,12,0,4.0,1,1
1,14.0,99,101,2,2,3,3,0,1,1,1,1,0,3,0,2,0,3.0,1,1
0,2.0,136,0,1,6,0,0,1,0,1,1,1,0,1,20,3,0,1.0,1,1
0,12.0,50,14,0,1,6,0,1,1,0,0,0,0,1,0,2,0,10.0,1,1
0,4.0,21,107,0,2,3,5,1,0,0,0,1,0,1,0,2,0,7.0,1,1
1,8.0,99,0,1,0,1,5,1,1,1,1,1,0,5,0,2,0,4.0,1,1
1,1.0,98,0,1,0,1,5,1,2,1,1,1,0,1,0,2,0,4.0,1,1
1,2.0,99,0,2,2,6,0,0,1,1,0,1,0,2,70,2,0,5.0,1,1
0,3.0,136,0,0,1,0,0,1,0,0,0,1,0,1,0,12,0,4.0,1,1
0,2.0,136,0,0,0,1,0,2,0,2,2,1,0,1,0,2,0,3.0,1,1
0,3.0,136,0,1,3,0,0,1,0,0,0,0,0,1,0,2,0,5.0,1,1
0,12.0,57,0,0,1,4,0,0,1,2,2,2,0,1,0,2,0,2.0,1,1
0,24.0,21,107,1,1,6,0,1,1,0,0,0,0,2,0,2,0,1.0,1,1
0,5.0,136,0,1,6,0,0,1,0,1,1,1,0,1,20,3,0,1.0,1,1
1,6.0,100,0,2,2,3,5,2,0,0,0,2,0,2,0,12,0,5.0,0,1
1,3.0,132,78,1,0,3,5,0,0,1,1,1,0,1,0,12,0,2.0,1,1
1,9.0,100,0,1,3,6,0,0,0,0,0,0,0,1,0,7,0,3.0,1,1
1,1.0,100,0,2,0,1,5,0,0,1,1,1,0,4,0,12,0,10.0,1,1
0,6.0,136,0,0,1,6,0,2,0,0,0,0,0,1,0,3,0,4.0,1,1
0,2.0,136,0,1,2,0,0,1,0,1,0,1,0,1,0,12,0,1.0,1,1
1,7.0,100,0,1,5,0,0,0,0,0,0,2,0,1,0,12,0,1.0,1,1
1,24.0,99,0,1,4,6,0,1,1,0,2,0,0,1,0,12,0,4.0,1,1
1,3.0,100,92,0,0,0,0,2,0,1,0,1,0,1,0,2,0,1.0,1,1
0,9.0,136,0,0,5,0,0,1,0,2,0,1,0,1,0,2,0,4.0,1,1
1,3.0,86,0,1,5,0,0,0,0,1,0,1,0,1,0,12,0,2.0,1,1
0,2.0,136,0,0,0,1,0,1,0,1,0,1,0,1,0,2,0,1.0,1,1
1,13.0,100,85,0,5,0,0,2,0,2,2,1,0,1,0,12,0,3.0,1,1
0,3.0,136,0,1,1,4,0,1,1,1,1,1,0,1,0,2,2,3.0,1,1
1,5.0,117,63,1,0,3,5,1,0,1,1,1,0,1,0,12,0,5.0,1,1
0,2.0,136,107,0,0,1,5,1,1,0,0,1,0,1,0,2,0,5.0,1,1
0,24.0,136,107,1,1,0,0,2,0,0,0,2,0,1,0,2,0,1.0,1,1
0,1.0,28,107,1,4,6,0,0,0,1,1,1,0,1,20,3,0,1.0,1,1
0,2.0,136,0,2,3,4,0,1,0,1,1,1,0,4,0,3,0,4.0,1,1
1,7.0,100,0,0,0,0,0,0,0,0,0,0,0,1,10,3,0,1.0,1,1
0,3.0,136,107,0,4,0,0,1,0,0,0,0,0,1,0,2,0,2.0,1,1
0,29.0,57,37,0,0,1,4,0,1,0,0,1,0,1,0,7,0,1.0,1,1
0,4.0,136,0,1,0,1,5,1,1,1,1,1,0,1,0,2,0,4.0,1,1
0,6.0,136,14,1,1,0,0,1,0,1,1,1,0,1,100,8,0,1.0,1,1
0,3.0,136,0,1,0,1,0,1,0,1,1,1,0,1,0,12,0,1.0,1,1
1,2.0,98,77,1,0,2,5,1,2,1,0,1,0,1,50,2,0,5.0,1,1
0,8.0,136,0,0,2,4,0,1,0,0,0,0,0,1,110,2,0,4.0,1,1
0,4.0,136,0,1,0,1,0,1,0,0,0,0,0,1,0,2,0,2.0,1,1
1,24.0,115,0,0,0,5,5,1,0,0,0,2,1,1,0,12,0,3.0,1,1
1,9.0,100,0,2,0,0,0,1,0,1,0,1,0,2,10,12,0,5.0,1,1
0,2.0,136,0,0,0,1,3,2,0,0,0,1,0,3,0,2,0,4.0,1,1
0,22.0,136,0,1,1,2,3,0,0,0,0,1,0,1,80,2,0,3.0,1,1
0,2.0,136,107,1,4,0,0,1,1,1,0,1,0,1,0,2,0,5.0,1,1
0,2.0,136,0,0,0,0,0,1,0,1,0,1,0,1,0,2,0,4.0,1,1
0,2.0,136,50,0,2,4,0,1,0,1,1,1,0,1,0,2,0,2.0,1,1
1,1.0,100,0,0,1,0,0,2,0,1,1,1,0,1,0,2,0,4.0,1,1
1,6.0,100,0,0,5,0,0,1,0,0,0,0,0,2,0,12,0,5.0,1,1
1,2.0,100,0,0,0,0,0,0,0,1,0,1,0,1,50,2,0,1.0,1,1
0,3.0,136,107,0,0,1,5,1,1,0,0,1,0,1,0,12,0,2.0,1,1
0,1.0,136,0,1,0,1,5,1,1,1,0,1,0,1,0,12,0,15.0,1,1
0,54.0,62,0,0,0,1,5,1,2,0,0,0,0,1,150,2,0,8.0,1,1
0,3.0,136,107,0,0,1,0,1,0,1,0,1,0,1,150,2,0,3.0,1,1
0,4.0,57,0,0,1,4,4,0,2,2,0,1,0,1,350,2,0,3.0,1,1
0,84.0,5,107,1,0,1,5,1,0,0,0,0,0,1,0,2,0,1.0,1,1
0,3.0,136,0,2,0,1,5,1,0,1,2,2,0,4,0,3,0,3.0,1,1
0,2.0,136,0,2,0,1,5,1,1,0,0,1,0,2,0,0,0,2.0,1,1
1,2.0,100,78,0,0,1,3,0,0,1,1,1,1,1,0,2,0,3.0,1,1
0,10.0,136,0,1,1,0,0,1,0,0,0,0,0,1,0,2,0,8.0,1,1
1,2.0,100,0,0,1,6,0,1,0,1,1,1,0,1,0,2,0,3.0,0,1
1,1.0,99,0,0,5,0,0,0,1,1,0,1,0,1,0,12,0,5.0,1,1
0,12.0,136,0,1,1,2,5,0,0,2,2,2,0,1,0,4,0,5.0,0,1
1,16.0,100,0,1,0,6,0,1,0,0,0,0,0,1,50,2,0,13.0,1,1
1,3.0,100,0,0,0,0,0,1,0,0,0,1,0,1,0,2,0,6.0,1,1
0,6.0,44,0,0,0,2,0,2,0,0,0,0,0,1,0,12,0,4.0,1,1
1,1.0,99,0,2,1,4,5,0,1,1,1,1,0,4,0,2,0,2.0,0,1
0,2.0,136,0,1,0,1,0,1,0,1,1,1,0,1,200,12,0,1.0,1,1
1,12.0,99,0,0,2,6,0,1,1,0,0,0,0,1,0,12,0,5.0,1,1
0,3.0,136,0,1,6,0,0,1,1,1,1,1,0,1,300,12,0,5.0,1,1
1,36.0,98,0,0,6,0,0,1,2,1,0,1,0,1,150,2,0,2.0,1,1
1,3.0,99,0,0,0,6,0,0,1,1,0,1,0,1,0,2,0,10.0,1,1
0,2.0,136,0,1,0,1,0,1,0,1,1,1,0,1,0,12,0,1.0,1,1
1,2.0,129,0,2,5,0,0,1,0,1,0,1,0,2,0,12,0,2.0,1,1
0,2.0,136,107,1,1,0,0,1,1,1,0,1,0,1,0,2,0,7.0,1,1
1,12.0,100,0,1,0,6,0,0,0,0,0,1,0,1,0,2,0,5.0,1,1
0,12.0,136,0,0,0,0,0,1,0,0,0,0,0,1,0,7,0,2.0,1,1
0,50.0,57,0,0,5,6,0,0,0,0,0,0,0,1,0,2,0,4.0,1,1
0,48.0,136,0,0,1,6,0,1,1,0,0,0,1,1,0,12,0,2.0,1,1
1,9.0,117,76,0,0,6,0,2,2,1,1,1,0,1,150,12,0,4.0,1,1
1,4.0,85,78,2,1,0,0,1,0,1,1,1,0,4,0,3,0,3.0,1,1
1,1.0,100,0,2,2,5,5,0,0,1,1,1,0,4,0,2,0,3.0,1,1
1,4.0,100,0,1,0,1,2,0,1,1,1,1,0,1,0,8,0,2.0,1,1
0,3.0,136,107,1,0,0,0,1,1,0,0,1,0,1,0,2,0,9.0,1,1
1,1.0,99,77,1,0,1,4,1,1,1,1,1,0,2,0,12,0,7.0,1,1
1,2.0,98,101,0,0,5,5,1,2,1,0,1,0,1,50,2,2,10.0,1,1
1,2.0,98,78,2,0,6,0,2,1,1,0,1,0,4,0,12,0,2.0,1,1
0,102.0,136,0,0,1,6,0,1,0,2,2,2,0,1,0,2,0,1.0,1,1
0,36.0,136,0,0,2,0,0,1,1,0,0,1,0,1,0,2,0,2.0,1,1
1,2.0,100,0,1,2,0,0,0,0,1,1,1,0,1,0,12,0,5.0,1,1
0,1.0,136,107,1,0,1,0,1,1,1,0,1,0,1,0,2,0,1.0,1,1
1,4.0,91,77,1,0,2,5,1,1,1,1,1,0,1,0,2,0,2.0,1,1
0,2.0,136,0,1,0,0,0,0,0,1,1,1,0,1,0,2,0,2.0,1,1
1,4.0,117,77,2,0,2,0,1,1,0,0,1,0,4,100,2,0,5.0,1,1
0,3.0,66,107,0,0,1,5,1,1,1,0,1,0,1,0,2,0,5.0,1,1
1,2.0,99,0,1,0,1,2,1,0,1,0,2,0,1,0,2,0,5.0,1,1
1,3.0,100,0,1,2,5,5,1,1,1,1,1,0,2,0,12,0,2.0,0,1
0,12.0,136,0,1,0,0,0,1,0,0,0,0,0,1,0,2,0,7.0,1,1
1,12.0,100,0,1,1,4,5,1,0,2,2,2,0,1,0,12,0,5.0,1,1
1,17.0,100,0,1,0,1,5,1,0,1,1,1,0,1,0,2,0,1.0,0,1
0,6.0,136,107,1,6,0,0,1,0,0,0,1,0,1,0,7,0,4.0,1,1
0,48.0,16,0,1,1,6,0,0,0,0,0,1,0,1,0,2,0,0.0,1,1
1,1.0,99,0,2,4,5,0,0,1,1,1,1,0,5,0,2,0,3.0,1,1
0,12.0,156,107,1,0,1,0,1,1,0,0,2,0,3,0,3,0,2.0,1,1
0,24.0,136,107,2,1,6,0,1,0,2,2,2,0,2,0,3,0,3.0,1,1
0,24.0,136,0,1,0,6,0,2,1,0,0,0,0,1,0,2,0,1.0,1,1
1,2.0,100,0,1,0,4,0,1,0,1,0,1,0,1,0,2,0,3.0,1,1
0,3.0,136,0,1,0,6,0,1,1,1,0,1,0,2,0,2,0,1.0,1,1
1,2.0,129,102,2,1,6,0,1,0,1,1,1,0,5,0,12,0,5.0,0,1
1,7.0,100,0,0,0,6,0,1,0,0,0,0,0,1,50,12,0,2.0,1,1
1,3.0,100,0,1,1,4,4,0,0,1,1,1,0,1,0,12,0,5.0,1,1
1,3.0,100,0,1,3,6,0,1,0,0,0,1,0,1,0,2,0,2.0,1,1
0,5.0,136,0,1,0,1,5,1,0,0,0,1,0,6,72,7,0,20.0,1,1
0,36.0,21,0,0,3,0,0,2,1,0,0,1,0,1,0,2,0,3.0,1,1
0,12.0,16,107,0,1,6,0,1,1,0,0,0,0,1,0,4,0,6.0,1,1
0,2.0,136,0,0,4,0,0,1,1,1,1,1,0,1,0,2,0,4.0,1,1
0,2.0,5,107,1,0,1,0,1,1,1,1,1,0,1,0,2,0,1.0,1,1
0,3.0,136,0,1,0,1,0,1,1,1,1,1,0,1,0,2,1,6.0,1,1
1,3.0,91,101,2,0,4,4,1,1,1,1,1,0,2,0,2,0,5.0,1,1
0,18.0,136,0,1,1,6,0,1,0,2,2,2,0,1,0,2,0,2.0,1,1
1,17.0,100,0,1,0,1,5,0,0,2,2,0,0,1,0,2,0,3.0,1,1
1,36.0,99,0,2,0,2,5,1,1,0,0,1,0,5,0,2,0,2.0,1,1
1,3.0,100,0,1,0,1,2,0,0,0,0,1,0,1,0,6,0,5.0,1,1
1,2.0,99,78,1,5,6,0,1,1,0,0,1,0,1,0,2,0,2.0,1,1
0,6.0,136,0,0,1,6,0,0,0,0,0,1,0,1,0,3,0,2.0,1,1
0,5.0,136,0,0,1,4,0,1,1,0,0,1,0,1,0,2,0,8.0,1,1
0,0.0,136,0,0,0,1,1,2,0,1,1,1,0,5,0,7,0,7.0,1,1
1,24.0,100,0,0,3,6,0,1,0,1,1,1,1,1,0,5,0,2.0,0,1
1,4.0,100,0,0,0,6,0,1,0,1,1,1,0,1,0,2,0,3.0,1,1
1,8.0,98,0,1,1,6,0,1,2,1,1,1,0,1,0,2,0,2.0,1,1
0,6.0,136,0,1,1,2,0,2,0,0,0,0,0,1,0,5,0,6.0,1,1
1,36.0,100,97,1,1,0,0,2,1,0,0,0,0,2,0,2,0,4.0,1,1
0,2.0,136,0,0,0,0,0,2,0,1,1,1,0,1,0,2,0,3.0,1,1
0,1.0,136,0,1,1,0,0,1,0,1,0,1,0,1,0,2,1,14.0,1,1
0,2.0,136,107,2,0,1,1,1,0,1,1,1,0,5,0,2,0,5.0,1,1
0,2.0,136,107,1,0,1,0,1,1,0,0,1,0,1,0,2,0,3.0,1,1
0,60.0,136,0,0,1,4,5,1,1,2,2,2,0,1,0,2,0,2.0,1,1
0,84.0,77,0,0,2,5,0,0,2,0,0,0,0,1,200,2,0,1.0,1,1
0,1.0,136,0,1,1,4,5,1,1,1,0,1,0,1,0,2,0,4.0,1,1
0,5.0,65,107,1,6,0,0,1,1,0,2,1,0,1,0,2,0,2.0,1,1
1,7.0,100,0,0,5,6,0,1,0,1,0,1,0,1,0,2,0,1.0,0,1
1,2.0,100,0,0,0,5,0,1,0,1,1,1,0,2,0,2,0,4.0,1,1
0,4.0,136,0,0,1,0,0,1,0,0,0,1,0,1,0,2,0,1.0,1,1
1,2.0,100,97,2,0,1,5,1,1,1,0,1,0,3,0,4,0,11.0,1,1
1,5.0,100,104,1,0,2,3,1,0,1,0,1,0,1,0,12,0,15.0,1,1
0,1.0,136,0,2,0,1,5,0,0,1,1,1,0,17,0,2,0,1.0,0,1
1,2.0,99,0,2,0,1,4,0,1,1,1,1,0,2,0,12,0,3.0,1,1
1,1.0,100,77,0,2,6,0,1,0,1,1,1,0,1,50,2,0,6.0,1,1
0,36.0,136,0,1,1,0,0,1,0,1,1,2,0,1,0,2,0,3.0,1,1
1,3.0,99,77,1,0,5,5,0,1,1,0,0,0,3,0,7,0,9.0,1,1
0,3.0,136,0,0,0,0,0,0,1,2,2,2,0,1,0,12,0,2.0,1,1
0,10.0,44,0,0,0,0,0,2,0,0,0,1,0,1,350,7,0,1.0,1,1
0,2.0,136,0,1,1,0,0,0,1,0,0,1,0,1,0,2,0,1.0,1,1
1,12.0,100,0,0,3,4,5,2,1,1,0,1,0,1,0,12,0,8.0,1,1
0,1.0,136,0,1,0,1,3,1,0,1,0,1,0,1,0,2,0,3.0,1,1
0,2.0,136,0,1,0,0,0,1,0,0,0,1,0,1,0,12,0,5.0,1,1
0,3.0,136,0,0,1,6,0,1,1,0,0,1,0,1,0,2,0,2.0,1,1
1,3.0,100,0,0,2,0,0,1,0,1,1,1,0,1,0,12,0,2.0,1,1
1,4.0,100,0,0,5,0,0,1,0,0,1,1,0,1,0,2,0,15.0,1,1
1,3.0,99,0,2,0,5,5,1,1,1,1,1,0,6,0,2,0,3.0,1,1
1,2.0,99,76,1,0,1,5,1,1,0,0,1,0,1,10,12,0,3.0,1,1
0,1.0,136,0,0,0,1,0,1,1,1,1,1,0,1,0,3,0,1.0,1,1
0,8.0,136,0,1,0,6,0,1,0,1,0,0,0,1,0,2,0,1.0,1,1
0,12.0,136,0,2,1,0,0,1,1,2,2,2,0,4,0,12,0,7.0,1,1
1,13.0,132,78,1,0,1,1,1,0,0,0,1,0,1,50,2,0,3.0,1,1
1,18.0,100,0,1,5,0,0,1,0,0,2,0,0,2,0,2,0,3.0,1,1
0,36.0,38,0,1,0,5,0,0,1,2,0,1,0,1,0,2,0,2.0,1,1
0,48.0,8,0,1,2,4,0,2,2,0,0,1,0,2,0,12,0,3.0,0,1
1,0.0,100,0,2,0,1,4,0,0,0,0,0,0,5,0,2,0,5.0,1,1
0,87.0,57,0,1,1,6,0,0,2,2,2,2,1,1,0,1,0,1.0,1,1
1,2.0,99,0,0,0,6,0,1,1,0,0,1,0,1,0,12,0,5.0,1,1
0,2.0,5,107,1,0,1,0,1,0,1,0,1,0,1,250,12,0,2.0,1,1
1,12.0,99,78,1,0,1,5,1,1,1,0,0,0,2,0,2,0,14.0,1,1
1,2.0,100,0,0,0,2,3,1,0,1,1,1,0,5,0,12,0,3.0,1,1
0,36.0,8,6,1,2,0,0,2,2,1,0,1,1,1,0,12,0,5.0,1,1
1,8.0,100,0,1,0,3,5,0,0,2,2,2,0,1,0,12,0,6.0,1,1
0,4.0,136,0,1,0,0,0,1,0,2,2,0,0,1,0,2,0,1.0,1,1
0,36.0,151,0,1,0,6,0,0,1,0,0,0,0,1,0,2,0,5.0,1,1
1,1.0,117,0,2,0,1,2,1,2,1,1,0,0,4,0,2,0,3.0,0,1
1,3.0,99,0,1,5,6,0,1,1,1,0,1,0,1,0,12,0,5.0,1,1
0,3.0,136,0,1,0,6,0,1,0,1,0,1,0,1,0,12,0,3.0,1,1
1,11.0,100,0,1,0,3,5,1,0,0,0,0,0,1,100,2,0,4.0,1,1
1,2.0,100,0,2,1,5,5,1,0,1,1,1,0,4,0,7,0,1.0,1,1
0,6.0,21,107,0,1,0,0,1,0,2,0,0,0,1,8,2,0,3.0,1,1
1,16.0,99,0,0,2,0,0,0,1,1,1,1,0,1,0,12,0,9.0,1,1
0,3.0,136,0,0,0,1,0,1,0,0,0,1,0,1,0,5,0,7.0,1,1
0,3.0,136,0,0,3,6,0,1,0,1,1,1,0,1,0,12,0,2.0,1,1
0,2.0,136,0,1,1,0,0,1,1,0,0,1,0,1,0,2,0,1.0,1,1
0,36.0,28,18,2,1,0,0,0,0,0,0,0,0,2,0,12,0,3.0,1,1
0,3.0,136,0,1,1,4,5,1,1,2,2,2,0,1,0,12,0,2.0,1,1
1,2.0,100,0,1,1,3,5,0,0,2,0,1,0,1,0,12,0,5.0,1,1
1,1.0,100,0,2,0,1,0,1,0,1,1,1,0,2,0,2,0,5.0,1,1
0,84.0,136,0,0,3,0,0,1,1,0,0,0,0,1,0,3,0,1.0,1,1
0,1.0,136,107,1,0,1,0,1,1,2,2,1,0,1,0,2,0,1.0,1,1
0,1.0,136,0,1,0,2,5,1,1,1,0,1,0,1,50,2,0,10.0,1,1
1,6.0,100,0,0,6,0,0,0,1,0,0,0,0,1,0,2,0,3.0,1,1
0,5.0,136,0,0,1,6,0,1,1,1,1,2,0,1,0,2,0,1.0,0,1
0,1.0,136,0,0,0,6,0,1,1,1,1,1,0,1,0,2,0,2.0,1,1
0,36.0,57,0,1,4,6,0,0,1,2,2,2,0,1,0,12,0,3.0,1,1
1,3.0,100,0,1,0,1,0,1,0,1,0,1,0,1,0,2,0,4.0,1,1
0,2.0,136,0,1,6,0,0,1,0,1,1,1,0,1,20,3,0,1.0,1,1
0,77.0,8,0,0,2,0,0,1,1,0,0,1,0,1,0,12,0,4.0,1,1
1,1.0,117,69,1,2,5,5,1,2,0,0,1,0,1,150,12,2,6.0,1,1
0,18.0,136,107,1,2,0,0,1,2,0,0,1,0,1,0,2,0,8.0,1,1
0,3.0,65,107,1,0,1,5,2,1,0,0,1,0,1,0,2,0,9.0,1,1
0,2.0,136,0,0,1,0,0,1,1,0,0,1,0,1,0,2,0,2.0,1,1
0,60.0,48,0,0,0,6,0,1,0,0,0,0,0,1,0,1,0,1.0,1,1
0,18.0,136,51,1,0,4,0,0,2,2,0,2,0,1,0,4,0,3.0,1,1
0,48.0,5,4,1,0,1,0,2,2,0,0,0,0,1,0,2,0,3.0,1,1
0,12.0,147,18,1,0,2,0,0,0,2,2,2,0,1,0,12,0,2.0,1,1
0,60.0,44,0,0,0,0,0,2,0,0,0,1,0,1,0,2,0,0.0,1,1
0,3.0,136,0,0,0,1,0,1,0,0,0,0,0,2,0,2,0,3.0,1,1
0,6.0,156,44,1,1,4,0,0,1,2,0,0,0,1,0,12,0,5.0,1,1
0,2.0,136,0,0,0,6,0,1,0,0,0,1,0,1,0,2,0,8.0,1,1
1,36.0,100,0,1,1,4,5,2,0,0,0,0,0,1,0,2,0,2.0,1,1
0,2.0,136,0,1,4,0,0,1,0,1,0,1,0,1,0,3,0,1.0,1,1
0,24.0,136,0,0,4,0,0,1,0,0,0,2,0,1,0,2,0,3.0,1,1
0,1.0,58,33,1,0,1,5,0,1,1,1,1,0,1,0,2,0,1.0,1,1
0,3.0,136,0,1,0,4,0,1,0,2,2,2,0,1,0,3,1,17.0,1,1
1,6.0,100,0,1,0,3,5,1,0,1,1,1,0,1,0,2,0,1.0,1,1
1,0.0,100,0,1,2,0,0,1,1,1,1,2,0,1,0,2,0,5.0,1,1
1,4.0,129,106,1,5,6,0,0,1,1,1,1,0,1,0,2,0,5.0,1,1
1,12.0,91,0,1,0,3,5,0,0,1,1,1,0,1,0,2,0,1.0,1,1
0,2.0,136,0,2,0,6,0,1,1,0,0,1,0,5,0,2,1,8.0,1,1
1,12.0,100,66,0,0,1,0,1,0,0,0,0,0,1,0,2,1,17.0,1,1
1,12.0,100,0,0,6,0,0,1,0,0,0,2,0,1,0,2,0,1.0,1,1
0,28.0,33,0,0,4,0,0,0,2,0,0,2,0,1,50,2,0,1.0,1,1
0,3.0,136,0,0,1,6,0,1,1,2,2,2,0,1,0,4,0,3.0,1,1
0,36.0,51,0,0,0,1,5,1,0,2,2,0,0,1,0,5,0,3.0,1,1
1,8.0,100,0,1,4,6,0,1,1,0,0,1,0,1,0,12,0,5.0,1,1
1,2.0,122,0,2,1,4,5,0,1,1,0,1,0,2,0,2,0,6.0,1,1
0,12.0,136,0,0,1,0,0,1,1,2,2,2,0,1,0,2,0,2.0,1,1
0,1.0,136,50,2,0,1,0,1,0,1,1,1,0,6,0,12,0,1.0,1,1
1,3.0,99,0,1,2,5,5,1,1,0,1,1,0,1,0,2,0,4.0,1,1
0,29.0,4,107,0,0,1,0,1,0,0,0,2,0,1,0,3,0,2.0,1,1
0,2.0,136,0,1,0,0,0,1,1,1,1,1,0,1,20,3,0,1.0,1,1
0,2.0,136,0,0,1,0,0,1,1,0,0,1,0,1,0,2,0,2.0,1,1
1,3.0,98,0,0,0,0,0,2,2,1,1,1,0,4,0,2,0,5.0,1,1
1,2.0,100,0,1,0,2,5,0,0,1,1,1,0,1,0,12,0,3.0,1,1
0,4.0,136,0,2,0,1,5,1,0,1,1,1,0,5,0,2,0,1.0,0,1
1,5.0,84,0,1,0,4,0,0,0,1,1,1,0,1,0,2,0,1.0,1,1
1,2.0,100,0,1,1,5,5,1,0,1,1,1,0,1,0,12,0,1.0,1,1
1,9.0,122,97,1,0,4,5,1,1,1,1,1,0,1,200,2,0,1.0,1,1
0,3.0,136,0,1,0,1,5,1,0,0,0,1,0,1,0,2,0,4.0,1,1
1,4.0,84,76,1,0,3,0,0,2,1,1,1,0,1,300,2,0,2.0,1,1
1,36.0,131,78,1,0,1,0,1,0,0,0,0,0,1,0,12,0,5.0,1,1
1,3.0,100,0,1,1,0,0,0,0,1,0,1,0,1,0,12,0,2.0,1,1
0,2.0,136,107,1,1,2,3,1,0,2,2,2,0,1,0,2,0,3.0,1,1
1,1.0,99,0,1,5,6,0,1,1,1,1,1,0,1,0,2,0,3.0,0,1
1,24.0,100,0,0,5,6,0,1,0,1,1,0,0,1,0,2,0,1.0,1,1
0,3.0,136,0,1,4,0,0,1,0,1,0,1,0,1,0,3,0,10.0,1,1
0,8.0,136,0,0,1,6,0,1,0,0,0,1,0,1,0,12,0,2.0,1,1
0,2.0,136,0,1,0,0,0,1,1,1,1,1,0,1,0,2,0,20.0,1,1
1,6.0,100,0,1,0,1,5,1,0,1,0,1,0,1,0,12,0,2.0,1,1
1,12.0,100,0,0,2,3,0,0,0,1,0,0,0,1,50,12,0,4.0,1,1
1,10.0,100,0,0,0,6,0,2,0,1,1,1,0,1,0,7,0,1.0,1,1
0,1.0,136,107,1,0,1,3,0,0,1,0,2,0,2,0,2,0,2.0,1,1
0,3.0,136,0,2,0,1,5,1,0,0,0,0,0,4,0,4,0,3.0,1,1
0,12.0,136,0,1,1,0,0,0,0,0,0,0,0,1,0,2,0,2.0,1,1
0,12.0,5,107,0,1,3,5,1,0,1,1,0,0,1,0,12,0,1.0,1,1
1,18.0,100,0,0,2,6,0,0,0,0,0,2,0,1,0,12,0,7.0,1,1
1,6.0,100,0,1,2,3,0,0,1,2,2,2,0,1,1,12,0,1.0,1,1
1,3.0,106,77,1,0,2,5,1,1,1,0,1,0,1,50,2,0,5.0,1,1
0,1.0,136,107,1,0,1,0,1,0,1,1,1,0,1,0,5,0,1.0,1,1
0,1.0,136,0,1,2,0,0,1,0,1,1,1,0,1,0,2,0,1.0,1,1
0,1.0,136,0,0,0,1,0,1,0,2,2,1,0,1,0,2,0,2.0,1,1
0,6.0,136,0,1,1,0,0,2,0,0,0,0,0,2,0,2,0,6.0,1,1
0,3.0,136,0,0,1,6,0,1,1,0,0,1,0,1,100,2,0,3.0,1,1
1,0.0,100,0,0,0,6,0,1,0,1,1,1,0,1,0,12,0,2.0,0,1
0,4.0,136,0,1,0,6,0,1,0,0,0,0,0,1,0,2,0,1.0,1,1
0,12.0,136,0,0,0,0,0,1,0,1,0,0,0,1,0,7,0,4.0,1,1
0,2.0,136,107,1,1,6,0,1,1,0,0,1,0,1,0,2,0,5.0,1,1
1,2.0,100,0,2,6,0,0,0,0,1,1,1,0,3,0,12,0,3.0,1,1
0,24.0,21,107,0,4,0,0,2,0,1,0,1,1,1,0,12,0,4.0,1,1
1,12.0,100,0,0,6,0,0,2,0,2,2,2,0,1,0,12,0,1.0,1,1
1,1.0,100,0,1,6,0,0,0,0,1,1,1,0,1,0,12,0,5.0,1,1
1,2.0,100,0,0,0,5,5,1,0,1,1,1,0,1,0,2,0,0.0,1,1
1,2.0,115,0,1,0,5,5,0,0,1,0,2,0,1,50,12,0,2.0,1,1
1,2.0,100,0,0,0,0,0,0,0,1,1,1,0,1,0,2,0,1.0,0,1
1,1.0,100,0,1,0,0,0,0,0,1,1,1,0,1,0,2,0,2.0,1,1
0,3.0,65,10,1,4,5,5,1,1,1,0,1,0,1,150,12,0,8.0,1,1
1,3.0,100,0,0,0,0,0,1,0,2,0,1,1,1,0,2,0,1.0,1,1
0,24.0,136,0,0,1,4,5,1,1,2,2,2,0,1,0,4,0,5.0,1,1
1,1.0,100,0,0,0,6,0,0,0,1,1,1,1,1,0,2,0,1.0,0,1
1,3.0,100,0,0,0,6,0,1,0,1,0,1,0,1,50,12,0,7.0,1,1
1,4.0,100,0,0,2,4,5,0,0,1,0,1,0,1,0,2,0,3.0,0,1
1,1.0,99,0,1,0,0,0,0,0,1,1,2,0,1,0,12,0,2.0,1,1
0,2.0,136,107,0,0,1,0,1,1,1,0,1,0,1,0,2,0,2.0,1,1
0,5.0,136,0,0,1,0,0,1,0,0,0,0,0,1,0,2,0,5.0,1,1
1,1.0,100,0,2,2,3,4,1,0,1,1,1,0,4,0,12,0,7.0,1,1
1,13.0,122,92,0,4,6,0,2,0,0,0,1,0,1,0,3,0,6.0,1,1
0,2.0,136,0,0,1,0,0,1,0,1,0,0,0,1,0,12,0,6.0,1,1
0,7.0,38,51,1,4,6,0,1,1,0,0,0,0,1,200,2,0,6.0,1,1
0,1.0,139,51,2,0,4,5,1,0,1,0,1,0,4,0,12,5,5.0,1,1
0,1.0,136,0,1,1,0,0,1,1,1,1,1,0,1,0,3,0,1.0,1,1
1,3.0,85,0,0,5,6,0,2,1,1,0,1,0,1,0,12,0,3.0,1,1
1,2.0,99,0,2,0,3,4,1,1,1,1,1,0,5,0,2,0,4.0,1,1
0,2.0,136,0,1,0,1,5,1,1,0,0,1,0,1,0,2,0,5.0,1,1
0,84.0,46,9,0,0,1,5,1,1,0,0,0,0,1,10,12,0,2.0,1,1
1,2.0,100,78,1,0,6,0,1,0,1,0,1,0,1,0,2,0,11.0,1,1
0,1.0,136,72,0,0,1,0,2,1,0,0,1,0,1,0,2,0,4.0,1,1
1,1.0,100,0,2,0,5,5,1,0,2,2,2,0,11,0,12,0,5.0,1,1
1,4.0,122,0,1,6,0,0,0,0,0,0,1,0,1,0,12,0,0.0,1,1
0,36.0,44,0,1,0,1,0,2,0,0,0,0,0,2,0,12,0,4.0,1,1
1,8.0,100,77,2,1,3,5,1,0,1,0,1,0,3,0,3,0,2.0,1,1
1,12.0,99,0,1,0,3,5,1,1,0,0,1,0,1,0,2,0,2.0,1,1
1,5.0,100,0,1,1,0,0,1,0,1,1,1,0,1,0,0,0,1.0,0,1
0,12.0,136,0,1,1,0,0,1,1,0,0,0,0,1,0,2,0,5.0,1,1
0,1.0,136,107,0,0,1,1,1,0,1,1,1,0,1,20,2,0,5.0,1,1
0,3.0,136,0,0,0,0,0,1,0,1,0,1,0,1,50,7,0,1.0,0,1
1,2.0,100,0,1,0,6,0,1,0,1,0,1,0,1,0,2,0,3.0,1,1
0,0.0,136,107,2,0,1,1,2,0,2,2,2,0,2,0,2,0,4.0,1,1
1,4.0,100,0,0,0,0,0,1,0,0,0,0,1,1,0,2,0,5.0,1,1
1,26.0,122,77,0,5,0,0,1,1,0,0,0,0,1,50,3,0,3.0,1,1
0,60.0,33,44,1,1,2,5,0,1,0,0,1,0,1,0,2,0,5.0,1,1
0,7.0,136,107,1,0,1,0,1,0,1,1,0,0,1,0,7,0,5.0,1,1
1,2.0,122,68,0,1,4,5,0,0,1,1,1,0,1,0,12,0,3.0,1,1
1,3.0,99,77,0,0,6,0,0,1,1,0,1,0,1,0,2,0,5.0,1,1
0,8.0,136,0,1,1,4,0,1,0,0,0,0,0,1,0,3,0,3.0,1,1
1,48.0,100,0,1,0,1,2,1,0,0,0,0,0,1,0,2,0,1.0,1,1
0,12.0,136,0,0,1,4,5,1,0,0,0,0,0,1,0,12,0,3.0,1,1
0,60.0,10,0,1,5,0,0,2,0,1,0,0,0,1,0,2,0,2.0,1,1
0,2.0,136,0,1,1,0,0,1,0,0,0,1,0,1,0,12,0,1.0,1,1
1,7.0,99,78,1,1,4,5,1,1,1,1,1,0,2,0,12,0,5.0,1,1
0,2.0,136,0,2,0,1,5,1,0,2,2,2,0,5,0,2,0,5.0,1,1
0,1.0,136,0,2,0,1,5,2,0,1,1,1,0,4,0,2,0,6.0,0,1
0,24.0,136,0,1,0,6,0,0,1,0,0,0,0,1,0,2,0,3.0,1,1
1,1.0,99,0,1,4,6,0,0,1,1,1,1,0,1,0,2,0,3.0,1,1
1,2.0,100,0,2,1,0,0,0,0,2,2,2,0,4,0,12,0,5.0,1,1
0,3.0,136,107,0,0,0,0,1,0,1,0,1,0,1,0,7,0,3.0,1,1
0,4.0,136,0,1,0,1,0,1,1,2,2,2,0,2,0,2,0,0.0,1,1
1,1.0,100,97,1,1,4,0,1,0,1,0,1,0,1,0,12,0,2.0,1,1
0,2.0,136,0,1,1,0,0,1,1,1,0,1,0,1,0,2,0,1.0,1,1
0,3.0,136,0,0,0,1,1,2,0,1,1,1,0,1,0,2,0,2.0,1,1
1,3.0,99,0,1,0,0,0,1,1,1,1,1,0,4,0,2,0,4.0,1,1
1,2.0,100,78,0,1,4,5,0,0,2,0,1,0,1,0,12,0,1.0,1,1
0,2.0,136,0,1,1,3,0,0,0,0,0,0,0,1,0,12,0,10.0,1,1
1,17.0,100,0,2,0,3,3,1,1,1,2,0,0,15,0,12,0,2.0,0,1
1,8.0,100,78,0,0,0,0,1,0,1,1,0,0,1,0,12,0,5.0,1,1
0,2.0,136,0,1,0,0,0,1,0,1,1,1,0,1,0,2,0,3.0,1,1
1,2.0,122,77,0,6,0,0,0,1,1,0,1,1,1,0,2,0,5.0,1,1
1,6.0,99,0,0,3,6,0,1,1,0,0,0,0,1,100,2,0,6.0,1,1
0,3.0,136,0,1,0,6,0,1,0,1,1,1,0,1,0,2,0,13.0,1,1
1,4.0,100,0,0,2,0,0,1,0,0,0,1,0,1,0,12,0,2.0,1,1
1,2.0,99,0,1,0,3,5,0,1,1,0,1,0,1,0,2,0,3.0,1,1
0,48.0,28,0,1,0,1,0,0,1,2,1,2,0,1,0,2,0,3.0,1,1
0,2.0,136,0,1,0,1,5,1,0,1,1,2,0,2,0,2,0,5.0,1,1
1,2.0,91,60,2,0,5,5,2,1,1,0,1,0,3,0,12,0,4.0,1,1
0,48.0,136,0,0,1,0,0,1,0,0,0,2,0,1,0,2,0,2.0,1,1
0,120.0,38,0,1,1,0,0,0,1,0,0,0,0,1,0,2,0,1.0,1,1
1,2.0,100,0,0,3,6,0,1,0,1,0,1,0,1,0,12,0,4.0,1,1
0,24.0,136,0,1,1,0,0,1,0,1,0,1,0,1,1,1,0,2.0,1,1
0,6.0,136,0,1,0,3,0,1,0,2,2,2,0,1,0,5,0,4.0,1,1
0,1.0,136,0,1,0,3,5,1,0,1,1,1,0,1,0,2,0,1.0,1,1
0,24.0,157,0,2,0,6,0,1,0,0,0,0,0,2,350,2,0,7.0,1,1
0,96.0,48,0,0,5,0,0,0,1,0,0,1,0,1,0,2,0,1.0,1,1
1,2.0,100,0,1,5,0,0,0,1,1,1,1,0,1,0,12,0,1.0,1,1
0,1.0,136,107,0,6,0,0,1,0,1,1,1,0,1,0,12,0,3.0,1,1
1,31.0,98,0,1,0,3,5,1,2,0,0,0,0,1,0,12,0,2.0,1,1
0,48.0,17,0,1,1,4,5,0,0,0,0,0,0,1,100,6,0,5.0,1,1
0,24.0,136,0,1,1,0,0,1,0,2,2,2,0,1,0,7,0,6.0,1,1
0,2.0,136,0,0,0,1,0,1,0,2,2,1,0,1,0,2,0,1.0,1,1
1,24.0,98,0,0,5,6,0,2,2,1,1,1,0,1,100,12,0,3.0,1,1
0,12.0,136,0,1,1,0,0,1,0,0,0,2,0,1,0,12,0,2.0,1,1
0,2.0,136,0,1,1,0,0,1,0,0,0,1,0,1,0,12,1,4.0,1,1
0,12.0,41,107,1,0,1,5,0,0,2,2,0,0,1,0,2,0,1.0,1,1
1,24.0,100,0,1,0,1,5,1,0,1,0,1,0,1,0,2,0,5.0,1,1
1,2.0,100,0,0,0,1,5,2,0,0,0,1,0,1,0,2,0,5.0,1,1
0,5.0,136,0,1,0,0,0,1,0,0,0,0,0,1,250,2,1,4.0,1,1
1,1.0,100,0,0,0,5,0,0,0,1,1,1,0,1,30,7,0,8.0,1,1
0,36.0,44,0,0,0,4,0,2,0,0,0,0,0,1,0,2,0,4.0,1,1
0,2.0,136,0,1,1,0,0,1,0,0,0,1,0,1,0,2,0,9.0,1,1
0,84.0,38,0,0,0,0,0,0,1,0,0,0,0,1,0,2,0,5.0,1,1
0,2.0,136,0,2,1,4,0,1,0,1,1,1,0,4,0,5,0,5.0,0,1
0,2.0,136,0,2,1,0,0,1,0,1,1,1,0,4,0,2,0,5.0,1,1
0,3.0,136,0,1,2,0,0,0,0,0,0,1,0,1,0,2,0,1.0,1,1
0,60.0,2,0,1,0,6,0,1,0,0,0,0,0,1,0,12,0,2.0,1,1
0,17.0,20,9,2,0,4,5,2,1,0,0,1,0,2,0,12,0,2.0,1,1
1,5.0,99,78,2,4,5,5,0,0,0,0,1,0,4,0,2,0,4.0,1,1
0,2.0,136,107,0,0,1,5,1,1,0,0,1,0,1,0,2,0,1.0,1,1
0,12.0,136,0,1,1,0,0,1,0,1,1,0,0,1,0,0,0,4.0,0,1
0,84.0,21,0,0,0,0,0,2,0,2,2,2,0,1,0,2,0,1.0,1,1
1,3.0,99,78,2,0,1,3,0,1,1,1,1,0,3,0,5,0,5.0,0,1
0,9.0,136,107,2,0,1,0,1,0,0,0,1,0,2,30,2,0,3.0,1,1
1,1.0,100,0,2,2,5,5,1,0,1,1,1,0,3,0,2,0,3.0,1,1
1,60.0,100,0,1,5,6,0,1,1,2,2,2,0,1,0,2,0,3.0,1,1
0,2.0,136,0,2,0,1,3,1,0,2,2,2,0,5,0,12,0,3.0,0,1
1,2.0,100,0,1,0,3,5,1,0,1,0,1,0,1,0,12,0,1.0,1,1
1,48.0,100,0,1,0,5,5,2,0,0,0,0,0,1,0,2,0,1.0,1,1
0,1.0,136,107,2,1,2,2,1,1,1,1,1,0,6,0,4,0,2.0,1,1
0,24.0,44,0,0,0,1,0,2,0,2,2,0,0,1,0,2,0,2.0,1,1
1,1.0,100,0,0,5,6,0,0,0,1,1,1,0,1,0,2,0,3.0,1,1
0,36.0,136,0,0,0,0,0,1,0,0,0,0,0,1,0,2,0,1.0,1,1
1,4.0,129,0,0,0,1,5,1,0,0,0,2,0,1,0,2,0,3.0,1,1
0,2.0,136,0,1,0,1,0,1,0,1,0,1,0,1,0,2,0,4.0,1,1
0,12.0,136,0,1,2,3,0,1,0,2,2,2,0,7,0,3,0,1.0,1,1
0,8.0,136,0,1,0,0,0,1,0,0,0,1,0,1,0,4,1,9.0,1,1
0,5.0,136,0,1,1,0,0,1,0,0,0,1,0,1,0,12,0,1.0,1,1
1,3.0,100,0,1,0,0,0,2,1,1,1,2,0,1,0,2,0,2.0,1,1
0,3.0,136,0,1,0,1,3,0,0,2,2,2,0,1,0,2,0,5.0,1,1
1,36.0,100,0,1,1,3,5,1,1,0,0,0,0,1,120,2,0,3.0,1,1
1,1.0,100,0,0,0,5,5,0,0,1,1,1,0,1,0,2,0,6.0,1,1
0,1.0,136,0,0,1,0,0,1,0,1,1,1,0,1,0,12,0,1.0,1,1
0,1.0,136,0,2,0,3,0,0,0,0,0,1,0,3,0,12,0,9.0,1,1
1,3.0,100,0,2,0,1,3,1,1,1,1,1,0,4,0,7,0,2.0,1,1
0,7.0,136,0,0,1,2,2,1,0,1,1,1,0,1,0,2,0,0.0,1,1
0,12.0,65,0,1,5,0,0,1,2,2,2,1,0,1,0,2,0,3.0,1,1
0,12.0,156,0,0,0,1,0,1,1,2,2,2,0,1,0,2,0,1.0,1,1
1,2.0,117,76,2,0,3,5,0,2,1,1,1,0,4,300,2,0,5.0,1,1
0,4.0,136,0,1,1,6,0,0,0,1,0,1,0,1,0,12,0,1.0,1,1
0,36.0,136,0,1,1,4,5,2,1,1,1,0,0,1,0,7,0,1.0,1,1
0,12.0,136,0,0,0,1,5,1,1,2,2,2,0,1,0,2,0,1.0,1,1
0,12.0,136,107,0,0,1,5,1,1,2,2,2,2,1,0,7,0,3.0,1,1
0,19.0,155,18,1,4,6,0,1,0,0,0,0,0,1,0,2,0,1.0,0,1
0,3.0,136,0,1,0,6,0,1,0,0,0,1,0,1,0,12,0,9.0,1,1
0,0.0,136,0,1,6,0,0,2,0,0,0,0,0,1,0,2,0,1.0,1,1
1,2.0,80,63,2,0,1,5,1,0,1,1,1,0,5,0,2,0,8.0,1,1
0,18.0,8,0,0,2,0,0,2,0,0,0,1,0,1,200,2,0,3.0,1,1
1,3.0,99,0,0,6,0,0,0,1,1,0,1,0,1,0,2,0,5.0,1,1
1,6.0,100,78,2,0,1,5,1,0,0,0,0,0,4,0,2,0,15.0,1,1
0,2.0,136,0,2,0,2,5,1,0,1,1,1,0,6,0,2,0,2.0,0,1
1,24.0,100,0,1,0,3,5,1,0,0,0,0,0,1,0,2,0,4.0,1,1
1,2.0,100,0,0,5,0,0,0,0,1,0,1,1,1,8,2,0,8.0,1,1
1,2.0,100,0,0,0,5,5,1,0,0,0,1,0,2,100,2,0,30.0,1,1
1,24.0,100,0,2,0,3,5,1,0,1,1,1,0,4,0,2,0,4.0,1,1
1,0.0,100,0,2,0,1,5,1,0,2,0,0,0,18,0,2,0,21.0,1,1
1,3.0,99,0,0,0,0,0,0,1,1,0,1,0,1,0,2,0,2.0,1,1
1,3.0,80,105,1,0,2,4,1,0,1,1,1,0,1,50,2,0,2.0,1,1
1,5.0,99,92,1,0,5,5,1,1,0,0,0,0,1,0,2,0,2.0,1,1
0,2.0,136,0,2,0,1,3,2,0,0,0,2,0,2,0,12,0,1.0,1,1
0,1.0,136,0,0,4,0,0,0,0,0,0,0,0,1,0,12,0,1.0,0,1
0,12.0,136,18,0,2,0,0,0,0,0,0,0,0,1,0,12,0,5.0,1,1
0,3.0,136,0,1,1,0,0,0,0,0,0,1,0,1,0,2,0,5.0,1,1
0,1.0,136,0,2,0,1,5,1,0,1,1,1,0,9,0,2,0,28.0,1,1
1,4.0,100,0,0,3,0,0,1,0,1,1,1,0,1,0,12,0,6.0,1,1
0,4.0,5,107,1,0,1,3,0,1,1,1,1,1,1,30,12,0,3.0,1,1
1,7.0,100,0,1,1,3,5,1,0,1,0,0,0,1,0,2,0,1.0,1,1
1,4.0,99,0,0,5,0,0,1,1,1,1,1,0,1,0,2,0,3.0,1,1
0,12.0,136,6,0,0,0,0,1,1,2,2,0,0,1,150,5,0,3.0,1,1
1,12.0,100,0,1,0,6,0,1,0,2,2,2,0,1,0,2,0,3.0,1,1
1,5.0,88,0,0,0,6,0,1,0,1,1,2,0,1,0,1,0,1.0,1,1
0,2.0,136,107,1,1,0,0,1,0,1,0,1,0,1,0,12,0,7.0,1,1
1,3.0,100,0,2,0,5,5,2,0,2,2,2,0,3,0,2,0,3.0,0,1
1,3.0,100,0,0,0,1,0,0,0,1,1,1,0,2,0,2,0,2.0,0,1
1,1.0,100,78,2,1,2,5,0,1,1,1,1,0,2,0,2,0,3.0,1,1
0,12.0,65,109,0,1,4,0,1,1,2,2,2,0,1,0,2,0,4.0,1,1
0,2.0,136,0,1,0,6,0,1,0,1,0,1,0,1,0,2,0,3.0,1,1
0,8.0,136,0,1,6,0,0,1,0,0,0,0,0,1,200,2,0,4.0,1,1
1,1.0,100,0,1,0,3,5,1,0,1,0,1,1,2,0,2,0,7.0,1,1
1,3.0,100,0,1,5,6,0,0,0,1,1,1,0,1,0,5,0,1.0,1,1
0,2.0,136,0,1,0,6,0,1,0,1,0,1,0,1,0,2,0,1.0,1,1
0,72.0,136,0,0,1,0,0,1,0,0,0,2,0,1,0,12,0,1.0,1,1
0,2.0,136,0,0,1,4,4,1,2,0,0,1,0,1,0,2,0,1.0,1,1
0,41.0,136,0,1,0,4,0,1,1,0,0,2,0,1,100,3,0,2.0,1,1
1,3.0,100,0,0,0,6,0,1,0,0,0,1,0,1,70,2,0,1.0,1,1
0,4.0,136,0,1,0,6,0,1,0,1,0,1,1,1,0,2,0,6.0,1,1
0,8.0,136,0,0,1,0,0,1,1,0,0,1,0,1,50,2,0,3.0,1,1
1,4.0,99,77,1,0,1,4,1,0,1,1,1,0,2,0,7,0,0.0,1,1
0,2.0,44,107,1,0,6,0,2,1,0,0,2,0,1,0,12,0,2.0,1,1
1,5.0,117,77,1,0,1,5,2,1,1,1,1,0,1,0,12,0,4.0,1,1
0,6.0,136,0,1,0,1,0,1,0,0,0,1,0,1,0,2,0,3.0,1,1
1,3.0,100,0,0,0,0,0,1,0,1,1,1,0,1,0,12,0,1.0,1,1
0,12.0,136,0,1,1,6,0,1,0,0,0,0,0,1,250,2,0,4.0,1,1
0,0.0,136,0,0,1,0,0,1,1,1,2,1,0,1,0,7,0,1.0,1,1
0,1.0,136,0,1,1,0,0,1,0,1,1,1,0,1,0,2,0,1.0,1,1
1,3.0,100,0,0,0,6,0,2,0,1,0,1,0,4,0,12,0,4.0,1,1
1,2.0,100,0,0,1,2,3,1,0,1,1,1,0,1,0,2,0,7.0,1,1
0,4.0,136,107,0,0,0,0,0,0,1,1,1,0,1,200,2,0,1.0,1,1
1,36.0,117,67,0,2,0,0,2,1,0,0,0,0,1,0,2,0,3.0,1,1
0,10.0,136,0,0,1,3,5,1,1,0,0,1,0,1,0,2,0,1.0,1,1
0,3.0,136,0,1,1,0,0,2,1,1,1,0,0,1,0,2,0,1.0,1,1
1,1.0,100,0,2,1,3,5,0,0,1,1,1,0,4,0,12,0,5.0,0,1
0,7.0,136,0,1,0,1,5,1,1,1,0,1,0,2,0,2,0,2.0,1,1
1,2.0,99,0,0,0,6,0,1,0,0,0,2,0,1,0,12,0,1.0,1,1
1,1.0,99,0,1,2,0,0,1,1,1,1,1,0,1,0,12,0,3.0,1,1
1,4.0,100,101,0,0,5,5,1,0,0,0,1,0,1,100,2,0,5.0,1,1
0,4.0,136,0,1,0,0,0,1,0,0,1,1,0,1,0,12,0,1.0,1,1
1,3.0,100,0,1,0,1,5,1,0,0,0,1,0,1,0,12,0,8.0,1,1
0,10.0,136,0,1,0,2,0,1,0,0,0,1,0,2,20,2,0,5.0,1,1
0,60.0,48,0,1,0,0,0,0,0,2,2,2,0,1,25,2,0,2.0,1,1
1,3.0,98,0,1,0,1,0,1,2,1,1,1,0,1,100,2,0,3.0,1,1
0,2.0,136,0,1,1,6,0,1,0,2,2,1,0,1,0,2,0,9.0,1,1
0,6.0,38,0,1,1,4,0,1,0,0,0,1,0,1,0,2,1,5.0,1,1
0,2.0,65,107,1,0,1,5,1,0,1,0,1,0,1,0,2,0,1.0,1,1
0,24.0,136,0,1,1,4,0,0,1,2,2,2,0,1,0,2,0,2.0,1,1
1,1.0,99,0,1,0,6,0,0,1,1,0,1,0,1,0,6,0,10.0,1,1
0,3.0,136,10,1,1,6,0,1,1,1,0,0,0,1,0,2,0,5.0,1,1
1,1.0,100,0,2,2,5,5,0,0,2,2,1,0,3,0,2,0,4.0,0,1
0,2.0,136,107,1,1,0,0,1,1,0,0,1,0,1,0,2,0,1.0,1,1
1,4.0,100,0,0,0,1,0,1,1,1,1,1,0,1,0,12,0,1.0,1,1
0,11.0,8,107,1,1,6,0,1,1,0,0,0,0,1,0,2,0,1.0,1,1
0,12.0,136,0,0,0,6,0,1,0,0,0,0,0,1,0,12,0,2.0,1,1
0,17.0,136,0,1,4,0,0,2,1,0,0,2,0,1,100,3,0,2.0,1,1
1,25.0,99,0,2,0,1,2,0,1,1,0,1,0,12,0,2,0,5.0,1,1
1,10.0,100,0,0,1,0,0,1,0,0,0,0,0,1,100,12,0,1.0,1,1
1,15.0,122,78,0,1,4,0,1,0,2,2,2,0,1,0,2,0,3.0,1,1
0,60.0,57,0,0,3,4,5,0,1,0,0,1,0,1,0,12,0,8.0,1,1
1,1.0,110,101,0,0,1,1,1,0,1,0,1,0,1,0,2,0,4.0,0,1
0,3.0,94,0,1,1,0,0,3,1,0,2,1,0,1,0,7,0,1.0,1,1
1,2.0,99,0,1,0,6,0,1,1,1,1,1,0,1,60,7,0,8.0,1,1
0,12.0,136,0,1,6,0,0,1,2,2,2,2,0,1,0,2,0,2.0,1,1
1,4.0,100,0,1,0,5,5,0,0,1,1,1,0,2,0,2,0,7.0,0,1
0,84.0,3,0,0,2,6,0,1,0,0,0,1,0,1,100,3,0,7.0,1,1
0,4.0,136,107,0,1,0,0,1,0,0,0,1,0,1,0,2,0,4.0,1,1
0,36.0,38,0,1,4,0,0,0,0,0,0,2,0,1,350,12,0,1.0,1,1
1,4.0,100,0,1,2,0,0,1,0,0,0,0,0,1,100,2,0,2.0,1,1
0,2.0,74,0,1,1,6,0,1,1,0,0,1,0,1,0,2,0,2.0,1,1
1,1.0,99,0,1,0,1,1,2,1,1,0,1,0,1,0,2,0,12.0,1,1
1,12.0,100,0,1,0,3,5,1,0,1,1,1,0,1,0,12,0,1.0,0,1
1,2.0,100,0,1,1,4,0,0,0,1,0,1,0,3,0,12,0,4.0,1,1
0,36.0,136,0,0,0,1,5,1,1,2,2,0,0,1,0,2,0,5.0,1,1
0,4.0,136,0,0,0,0,0,1,0,1,0,1,0,1,0,2,0,4.0,1,1
0,24.0,8,0,1,3,0,0,2,1,2,2,1,0,1,350,2,0,1.0,1,1
0,1.0,136,0,1,0,1,0,1,1,1,1,1,0,1,0,3,0,1.0,1,1
0,4.0,136,33,0,0,1,0,1,0,2,2,1,0,1,0,12,0,6.0,1,1
0,24.0,136,0,0,6,0,0,1,0,2,2,2,1,1,20,0,0,1.0,0,1
1,3.0,100,0,0,1,0,0,1,0,1,1,1,0,1,0,2,0,3.0,0,1
0,6.0,136,0,1,2,0,0,1,0,0,0,0,0,1,0,2,0,6.0,1,1
0,6.0,94,107,0,0,1,5,1,1,0,0,1,0,1,0,4,0,4.0,1,1
0,1.0,136,0,1,0,1,3,1,1,1,0,0,0,1,0,2,0,7.0,1,1
0,24.0,136,0,0,2,0,0,1,1,0,0,1,0,1,0,12,0,8.0,1,1
0,84.0,136,0,1,1,0,0,1,0,0,0,0,0,1,0,2,0,1.0,1,1
1,6.0,100,78,1,0,3,5,1,0,1,0,1,0,1,0,12,0,3.0,1,1
1,4.0,99,0,0,0,6,0,1,1,1,1,1,0,1,0,2,0,1.0,1,1
1,7.0,100,0,1,5,0,0,0,0,0,0,2,0,1,0,12,0,1.0,1,1
1,7.0,89,0,0,5,6,0,1,1,1,0,2,0,1,0,3,0,2.0,1,1
0,1.0,136,0,0,0,1,0,1,0,1,1,2,0,1,0,2,0,3.0,1,1
0,15.0,147,0,0,0,4,0,0,1,0,0,1,0,1,200,2,0,3.0,1,1
0,1.0,136,0,1,0,1,0,1,0,1,0,1,0,1,0,2,0,4.0,1,1
1,41.0,115,0,1,0,6,0,2,1,0,0,0,0,1,0,2,0,5.0,1,1
1,3.0,100,0,1,5,0,0,1,0,1,1,1,0,2,0,2,0,4.0,1,1
1,2.0,100,0,0,0,5,5,0,0,2,2,2,0,1,0,2,0,7.0,1,1
1,6.0,98,0,0,0,0,0,1,2,1,1,1,0,1,0,12,0,1.0,1,1
0,72.0,44,33,1,0,1,0,2,1,0,0,0,0,1,0,2,0,7.0,1,1
0,2.0,136,0,1,1,6,0,1,0,1,1,2,0,3,0,5,0,5.0,1,1
0,3.0,136,0,1,2,6,0,1,0,0,0,1,0,1,0,2,0,3.0,1,1
0,3.0,65,9,1,1,0,0,1,1,0,0,0,0,1,0,12,0,2.0,1,1
1,48.0,100,0,0,2,6,0,1,1,1,1,1,0,1,0,2,0,3.0,1,1
1,5.0,100,92,2,0,1,0,0,0,0,0,0,0,2,0,12,0,1.0,1,1
0,3.0,158,122,1,0,6,0,2,0,0,0,1,0,1,0,12,0,2.0,1,1
0,4.0,136,0,0,0,0,0,0,0,1,1,1,0,1,0,12,0,10.0,1,1
1,15.0,100,77,2,0,5,5,1,0,0,0,1,0,3,0,12,0,2.0,1,1
0,2.0,136,0,0,0,1,0,1,0,0,0,1,0,1,0,2,0,1.0,1,1
1,3.0,100,0,0,2,3,5,0,0,0,0,1,0,1,0,12,0,4.0,1,1
0,62.0,51,0,0,0,1,5,0,0,0,0,0,0,1,0,2,0,7.0,1,1
0,24.0,136,0,0,6,0,0,1,1,2,2,2,1,1,20,0,0,2.0,0,1
0,4.0,136,0,0,3,6,0,1,0,0,0,1,0,2,0,2,0,6.0,1,1
0,17.0,57,0,0,0,1,5,1,2,0,0,1,1,1,350,12,0,14.0,1,1
1,4.0,100,97,1,1,6,0,1,0,0,0,0,0,1,100,2,5,26.0,1,1
0,48.0,136,0,1,0,0,0,0,2,2,2,2,0,1,0,2,0,1.0,1,1
0,12.0,136,0,1,0,1,2,1,0,0,0,0,0,1,0,3,0,1.0,1,1
1,3.0,129,97,0,4,5,0,1,0,1,0,1,0,1,0,12,0,12.0,1,1
1,2.0,99,58,1,5,0,0,1,1,1,1,1,0,1,1,2,0,2.0,1,1
1,2.0,100,0,1,6,0,0,0,0,1,1,1,0,1,0,2,0,2.0,1,1
1,54.0,117,0,0,1,0,0,2,2,2,2,1,1,1,0,3,0,1.0,1,1
0,3.0,136,0,1,0,1,0,1,0,0,0,1,0,1,0,2,0,3.0,1,1
0,4.0,21,31,1,1,6,0,1,0,1,1,1,0,1,0,3,0,10.0,1,1
0,60.0,136,107,1,2,6,0,1,1,0,0,0,0,1,0,3,0,5.0,1,1
0,1.0,136,0,1,0,6,0,1,0,1,1,1,0,3,0,2,0,20.0,1,1
0,2.0,38,51,1,1,6,0,1,1,1,1,1,0,1,0,2,0,4.0,1,1
0,2.0,136,0,2,0,0,0,1,1,1,2,1,0,6,0,3,0,5.0,1,1
1,10.0,100,68,0,0,6,0,2,0,2,2,2,0,1,0,12,0,3.0,1,1
1,1.0,100,0,1,5,6,0,0,0,1,1,1,0,1,0,7,0,1.0,0,1
1,17.0,115,0,1,1,2,2,1,0,0,0,1,0,1,0,12,0,1.0,1,1
0,24.0,136,0,1,1,4,0,1,2,0,0,0,0,1,350,2,0,4.0,1,1
0,48.0,51,39,1,0,1,5,1,0,0,0,0,0,1,0,2,0,2.0,1,1
0,2.0,136,0,1,4,0,0,1,1,1,1,1,0,1,150,2,2,3.0,1,1
1,2.0,99,0,2,1,2,4,1,1,0,0,0,0,3,0,2,0,8.0,1,1
1,1.0,100,0,0,2,3,4,1,1,1,1,1,0,1,0,2,0,3.0,1,1
1,6.0,100,0,0,5,6,0,0,0,0,0,1,0,1,0,12,0,5.0,1,1
1,6.0,100,0,1,0,6,0,1,0,0,0,0,0,1,0,12,3,3.0,1,1
0,5.0,136,0,1,0,1,5,1,0,1,1,1,0,1,0,12,0,5.0,1,1
1,2.0,99,76,2,3,0,0,2,2,1,1,1,0,4,0,12,0,3.0,1,1
1,3.0,100,0,1,1,2,5,1,0,1,0,1,0,7,0,1,0,18.0,1,1
1,24.0,98,0,0,0,0,0,1,2,0,0,0,0,1,0,12,0,2.0,1,1
0,2.0,136,0,1,6,0,0,1,0,1,1,1,0,1,20,3,0,1.0,1,1
0,3.0,136,0,1,1,5,0,1,0,1,0,1,0,1,0,2,0,1.0,1,1
1,3.0,100,0,1,4,0,0,0,0,1,1,1,0,1,0,2,0,2.0,0,1
0,24.0,12,107,1,1,0,0,1,0,0,0,0,0,1,0,2,0,3.0,1,1
0,3.0,136,0,0,1,0,0,1,0,0,0,1,0,1,0,2,0,5.0,1,1
0,2.0,136,107,2,4,0,0,1,0,0,0,1,0,2,0,2,0,6.0,1,1
1,4.0,117,77,0,0,6,0,1,1,0,0,1,0,1,0,2,0,4.0,1,1
1,4.0,100,78,2,0,1,5,1,0,1,1,1,0,4,0,2,0,5.0,0,1
0,3.0,136,107,1,1,0,0,2,0,1,0,1,0,1,0,4,0,5.0,1,1
1,17.0,100,0,1,0,6,0,1,0,0,0,0,0,1,0,2,1,6.0,1,1
0,2.0,136,0,0,1,0,0,1,0,1,1,1,0,1,0,2,0,1.0,1,1
1,3.0,129,78,1,0,6,0,1,0,1,1,1,0,2,0,12,0,7.0,1,1
0,27.0,136,0,1,1,3,5,1,0,0,0,1,0,1,0,12,0,7.0,1,1
0,60.0,158,0,1,1,0,0,2,0,2,2,0,1,1,0,2,0,2.0,1,1
1,2.0,100,0,2,1,6,0,1,0,1,1,1,0,3,0,2,0,3.0,0,1
0,36.0,44,0,0,0,1,0,1,0,0,0,2,0,1,0,12,0,4.0,1,1
0,2.0,136,0,1,1,2,5,1,0,1,0,1,0,9,0,2,0,1.0,1,1
0,30.0,8,0,2,2,0,0,2,1,0,0,1,0,2,0,2,1,3.0,1,1
0,5.0,21,0,1,0,0,0,1,1,0,0,1,0,1,0,2,0,8.0,1,1
0,4.0,136,0,0,0,1,0,0,0,1,0,1,0,1,0,2,1,1.0,1,1
0,8.0,28,0,0,1,0,0,0,0,0,0,0,0,1,0,12,0,3.0,1,1
1,5.0,100,0,2,3,6,0,1,0,1,1,1,0,5,50,2,0,1.0,1,1
0,2.0,136,107,0,0,0,0,0,0,1,0,1,0,1,0,4,0,1.0,1,1
0,6.0,136,0,1,1,6,0,1,0,0,0,1,0,1,0,12,0,5.0,1,1
0,6.0,158,0,1,0,1,0,2,0,2,2,1,0,1,0,12,0,5.0,1,1
1,2.0,100,0,1,5,6,0,1,0,1,0,1,0,1,0,5,1,7.0,1,1
0,3.0,136,0,0,1,6,0,1,1,0,0,1,0,1,0,7,0,3.0,1,1
0,2.0,136,0,0,0,1,0,1,0,0,0,1,0,1,0,2,0,7.0,1,1
0,1.0,136,0,1,0,1,0,1,1,0,0,1,0,1,0,2,0,7.0,1,1
1,5.0,122,78,0,1,0,0,0,0,0,0,0,0,1,0,2,0,5.0,1,1
0,1.0,62,107,0,0,1,0,1,1,1,1,1,0,1,0,12,0,11.0,1,1
1,12.0,99,0,0,0,6,0,1,1,0,0,1,0,1,0,5,0,3.0,1,1
0,36.0,45,34,1,0,1,5,1,0,2,2,2,0,1,0,12,0,4.0,1,1
0,32.0,38,0,0,4,0,0,0,1,0,0,1,0,1,200,2,0,5.0,1,1
1,12.0,100,0,0,2,0,0,1,0,1,1,2,0,1,0,12,0,2.0,1,1
0,3.0,136,0,1,1,4,0,1,0,1,1,1,0,1,0,12,0,4.0,1,1
1,4.0,98,0,1,1,3,5,1,2,0,0,1,0,1,50,2,0,5.0,1,1
1,1.0,100,0,1,0,1,1,0,0,1,0,1,0,1,0,2,0,4.0,1,1
0,2.0,136,0,1,0,0,0,1,0,1,1,1,0,1,0,2,0,1.0,1,1
1,2.0,129,78,2,0,2,5,1,0,1,1,1,0,2,0,2,0,4.0,1,1
1,24.0,100,78,2,0,1,5,1,0,2,2,2,1,5,0,2,0,1.0,0,1
1,4.0,99,0,1,0,1,5,2,1,1,1,1,0,1,0,12,0,8.0,1,1
1,20.0,100,92,1,6,0,0,1,0,1,1,0,0,1,0,7,0,3.0,0,1
0,2.0,136,0,2,1,4,5,1,1,1,2,2,0,8,0,2,0,24.0,1,1
1,18.0,133,93,2,1,4,0,2,1,2,2,1,0,5,50,12,0,5.0,0,1
1,0.0,99,0,2,0,1,5,0,0,1,1,1,0,3,0,12,0,0.0,0,1
0,1.0,136,107,1,2,4,0,1,1,1,1,1,0,1,0,2,0,3.0,1,1
0,7.0,136,0,1,1,2,2,1,1,0,2,0,0,1,0,3,0,4.0,1,1
0,2.0,136,51,1,1,6,0,2,1,0,0,1,0,1,0,2,0,6.0,1,1
1,2.0,100,0,2,2,6,0,0,0,1,1,1,0,2,0,2,0,2.0,1,1
1,24.0,117,0,1,0,6,0,1,2,2,2,2,0,1,160,6,0,0.0,1,1
1,10.0,100,97,1,6,0,0,1,0,1,0,1,0,1,0,6,0,1.0,1,1
0,1.0,136,0,0,0,6,0,1,1,0,0,2,0,1,10,5,0,5.0,1,1
1,3.0,117,76,0,3,0,0,0,1,1,1,1,0,1,0,2,0,5.0,1,1
0,48.0,136,0,1,1,6,0,0,1,0,0,0,0,1,0,2,0,2.0,1,1
1,24.0,85,0,1,0,1,5,1,1,2,2,2,0,1,0,12,0,3.0,1,1
0,1.0,136,0,0,0,1,5,1,1,1,1,1,0,1,0,2,0,5.0,1,1
1,2.0,129,0,0,2,6,0,1,0,1,0,1,0,1,0,2,0,2.0,1,1
1,2.0,80,60,1,0,6,0,0,1,1,1,1,0,1,0,12,0,0.0,1,1
0,12.0,136,51,1,0,1,0,0,1,0,0,0,0,1,0,12,0,1.0,1,1
1,0.0,100,0,0,0,0,0,0,0,1,1,1,0,1,0,2,0,2.0,0,1
1,8.0,100,0,1,0,6,0,1,0,0,0,1,0,1,50,12,0,2.0,1,1
0,4.0,0,107,1,1,2,0,1,0,0,0,1,0,1,100,2,0,5.0,1,1
0,2.0,136,0,1,4,0,0,1,1,0,0,1,0,1,0,12,0,5.0,1,1
0,2.0,136,0,1,1,6,0,1,0,1,1,1,0,1,0,2,0,2.0,1,1
0,1.0,136,107,1,0,1,1,0,0,2,2,2,0,2,0,2,0,5.0,1,1
1,4.0,100,0,1,1,6,0,1,0,1,0,1,0,2,0,2,0,2.0,0,1
0,48.0,35,0,1,5,0,0,1,0,0,0,0,0,2,350,2,0,5.0,1,1
0,2.0,136,0,0,0,6,0,1,0,2,2,2,0,1,0,5,0,1.0,1,1
1,2.0,99,0,0,0,4,4,1,1,1,0,1,0,1,0,2,0,11.0,1,1
1,2.0,100,0,1,0,3,5,0,0,1,0,1,0,1,0,2,4,13.0,1,1
0,2.0,136,0,1,0,1,0,0,0,1,1,1,0,1,0,2,0,4.0,1,1
0,32.0,136,0,0,0,1,0,1,0,0,0,1,0,1,0,2,0,1.0,1,1
0,24.0,21,107,0,1,4,5,2,0,1,1,1,0,3,0,7,1,5.0,1,1
1,3.0,100,0,1,5,0,0,0,0,1,0,1,0,1,0,12,0,0.0,1,1
0,30.0,136,107,0,1,6,0,1,0,0,0,1,0,1,250,2,1,3.0,1,1
1,24.0,100,0,1,0,6,0,1,0,1,1,1,0,1,0,1,0,1.0,1,1
0,24.0,136,0,1,0,0,0,2,0,0,0,0,0,1,0,2,0,14.0,1,1
1,21.0,99,0,0,0,1,4,1,1,0,0,0,0,1,0,12,0,2.0,1,1
1,1.0,100,0,0,1,3,3,1,0,1,1,1,0,1,0,1,0,4.0,1,1
1,3.0,100,0,2,0,4,4,0,0,0,0,1,0,4,0,2,0,12.0,1,1
1,8.0,99,0,1,1,0,0,1,1,1,1,1,0,1,0,3,0,2.0,1,1
0,3.0,136,0,1,0,1,0,1,0,2,2,1,0,2,0,2,0,1.0,1,1
1,2.0,100,0,1,0,5,5,1,0,0,0,1,0,2,0,12,0,2.0,0,1
0,6.0,136,0,1,6,0,0,1,0,0,0,0,0,1,0,2,0,2.0,1,1
0,2.0,136,0,0,0,1,0,1,0,2,2,1,0,1,0,2,0,3.0,1,1
0,1.0,136,0,0,1,0,0,1,0,2,0,1,0,1,0,2,0,2.0,1,1
0,36.0,24,28,1,6,0,0,0,1,0,0,0,0,1,100,2,0,4.0,1,1
0,3.0,136,0,1,1,0,0,0,0,2,0,2,0,1,0,2,0,1.0,1,1
0,0.0,136,0,1,3,6,0,0,1,1,1,1,0,1,0,2,0,1.0,1,1
0,36.0,136,0,0,1,0,0,2,0,2,2,2,0,1,0,12,0,1.0,0,1
1,4.0,100,77,0,0,4,0,1,1,0,0,1,0,1,0,3,0,3.0,1,1
1,7.0,117,76,0,0,1,0,2,2,0,0,1,0,1,0,2,0,5.0,1,1
1,4.0,100,78,0,0,5,5,1,0,1,0,0,0,2,30,2,0,2.0,1,1
1,2.0,100,77,2,0,4,5,1,0,1,1,1,0,5,0,2,0,10.0,1,1
0,6.0,57,0,2,5,6,0,0,2,1,1,1,0,2,0,3,0,1.0,0,1
1,2.0,100,78,1,0,5,5,0,0,1,1,1,0,3,0,12,0,4.0,1,1
0,2.0,136,0,0,0,1,0,1,0,0,0,1,0,1,0,2,0,10.0,1,1
0,4.0,28,8,1,0,0,0,1,0,1,0,1,0,1,0,2,0,5.0,1,1
1,4.0,129,78,0,3,6,0,0,0,1,1,2,0,1,150,12,0,4.0,1,1
1,1.0,100,0,1,0,1,0,0,0,1,1,1,0,1,0,1,0,1.0,1,1
0,4.0,57,51,2,1,6,0,0,1,0,0,0,0,2,0,2,0,5.0,1,1
1,1.0,99,0,1,1,4,5,0,1,1,1,1,0,1,0,2,0,3.0,1,1
1,5.0,129,0,1,4,5,5,1,1,0,0,0,0,1,150,7,0,6.0,1,1
1,5.0,100,0,0,0,0,0,1,0,1,0,1,0,1,0,2,1,12.0,1,1
0,2.0,136,0,1,1,0,0,1,0,2,2,2,0,3,0,12,0,0.0,1,1
0,38.0,94,0,0,0,1,1,1,0,0,0,0,0,1,0,2,0,13.0,1,1
0,4.0,136,0,1,0,5,0,1,0,0,0,0,0,1,0,2,0,2.0,1,1
1,6.0,100,78,0,3,6,0,1,0,1,1,1,0,1,0,2,0,2.0,1,1
1,14.0,100,0,1,5,0,0,1,0,0,0,0,0,1,50,2,0,3.0,1,1
1,5.0,100,0,0,0,1,5,0,0,2,2,2,0,1,0,2,0,9.0,1,1
0,5.0,136,33,1,1,0,0,1,0,1,1,1,0,1,0,0,0,13.0,1,1
0,24.0,94,107,1,0,1,0,1,1,0,0,0,0,1,250,2,0,9.0,1,1
1,2.0,122,97,2,0,6,0,1,1,1,1,1,0,2,0,2,0,5.0,1,1
0,1.0,136,0,0,0,1,5,1,0,2,2,1,0,1,0,2,0,5.0,1,1
0,18.0,136,0,1,4,6,0,0,0,0,0,0,0,1,100,2,0,3.0,1,1
0,3.0,136,0,1,0,0,0,1,0,1,1,1,0,1,0,12,0,1.0,1,1
1,8.0,100,0,0,6,0,0,1,0,0,0,2,0,1,0,12,0,3.0,1,1
0,2.0,136,0,0,1,2,0,1,0,1,0,1,0,1,0,12,0,2.0,1,1
1,8.0,100,79,1,0,1,2,1,0,1,1,1,0,1,10,2,0,11.0,1,1
0,2.0,136,107,1,1,6,0,1,0,1,1,1,0,1,0,2,0,1.0,1,1
0,1.0,136,0,2,0,1,0,1,0,1,1,1,0,11,0,12,0,5.0,1,1
0,4.0,136,0,0,4,0,0,1,0,0,0,1,0,1,150,12,0,13.0,1,1
0,3.0,136,0,0,0,1,0,1,0,0,0,1,0,1,0,12,0,3.0,1,1
0,4.0,136,0,0,1,6,0,1,0,1,1,1,0,1,0,12,0,2.0,1,1
0,1.0,136,0,1,4,0,0,1,1,0,0,1,0,1,0,2,0,9.0,1,1
1,1.0,100,0,1,0,1,5,0,0,1,1,1,0,3,0,2,0,4.0,1,1
0,2.0,136,0,0,1,6,0,1,0,0,0,1,0,1,0,2,0,2.0,1,1
1,3.0,100,69,1,1,2,0,1,0,0,0,0,0,1,150,2,0,3.0,1,1
0,96.0,8,0,1,1,6,0,1,2,0,0,1,1,1,0,2,0,1.0,1,1
0,1.0,136,0,0,0,1,0,1,0,1,1,1,0,1,0,2,0,7.0,1,1
1,3.0,100,0,1,6,0,0,1,0,0,0,1,0,2,0,7,0,2.0,1,1
0,2.0,136,0,2,0,1,5,0,0,1,1,1,0,8,0,3,0,2.0,0,1
0,2.0,136,0,2,1,0,0,1,0,1,1,1,0,2,0,6,0,3.0,1,1
0,12.0,136,0,1,4,0,0,1,1,0,0,0,0,1,0,4,3,11.0,1,1
0,7.0,24,0,0,6,0,0,0,1,0,0,1,0,1,0,12,0,1.0,0,1
1,12.0,100,0,1,0,3,5,1,0,1,1,1,0,6,0,2,0,4.0,1,1
0,2.0,136,0,1,1,0,0,1,0,1,1,2,0,1,5,3,0,2.0,1,1
1,6.0,100,0,0,4,0,0,1,0,0,0,1,0,1,0,2,0,4.0,1,1
1,5.0,100,78,1,0,3,5,0,0,1,1,1,0,1,0,12,0,3.0,1,1
0,2.0,136,0,1,0,6,0,1,1,0,0,1,0,1,0,2,0,3.0,1,1
0,1.0,136,107,1,0,1,0,1,0,0,0,1,0,1,0,2,0,4.0,1,1
0,1.0,21,0,1,0,3,5,1,0,1,1,1,0,1,0,1,0,1.0,1,1
0,13.0,136,0,0,0,3,5,1,0,1,1,1,0,1,0,12,0,4.0,1,1
0,24.0,13,50,0,6,0,0,2,1,0,0,0,0,1,0,2,0,1.0,1,1
1,72.0,119,92,2,1,2,5,1,1,0,0,0,0,2,0,2,0,2.0,1,1
1,3.0,100,0,1,1,4,5,1,0,1,0,2,0,1,0,2,0,2.0,1,1
1,1.0,99,0,1,0,1,4,0,1,1,2,2,0,1,0,12,0,3.0,1,1
1,12.0,98,77,0,0,5,5,2,2,0,0,0,0,1,0,2,0,2.0,1,1
0,6.0,136,0,0,1,0,0,1,0,1,1,1,0,1,0,2,0,2.0,1,1
1,24.0,98,0,1,0,3,3,1,2,1,1,1,0,1,0,2,0,5.0,1,1
0,132.0,21,107,1,1,4,0,1,1,0,0,0,0,1,0,2,0,4.0,1,1
1,5.0,129,78,1,0,3,5,2,1,1,1,1,0,1,0,2,0,1.0,1,1
1,6.0,100,0,1,0,0,0,2,0,1,0,1,0,1,0,12,0,5.0,1,1
1,18.0,99,0,0,6,0,0,1,1,0,0,0,0,1,0,12,0,5.0,1,1
1,3.0,99,0,2,0,5,5,1,1,1,1,1,0,3,0,12,0,4.0,1,1
0,3.0,136,0,1,0,1,0,1,1,1,1,1,0,1,0,12,0,3.0,1,1
1,3.0,100,0,1,0,2,5,0,0,0,0,1,0,1,0,3,0,3.0,1,1
1,18.0,100,0,1,0,1,4,0,0,0,0,0,0,1,0,2,0,5.0,1,1
0,17.0,13,0,0,0,4,5,1,1,1,0,1,0,1,0,2,0,3.0,1,1
1,1.0,78,58,0,1,2,5,0,1,1,1,1,0,1,0,2,0,5.0,1,1
0,31.0,136,0,1,0,1,5,1,1,0,0,0,0,2,0,12,0,3.0,1,0
1,48.0,100,78,0,0,1,5,2,0,0,0,0,0,2,0,12,0,1.0,1,1
0,24.0,143,107,1,2,4,0,1,1,0,0,0,0,1,0,2,0,2.0,1,1
1,4.0,100,0,0,0,0,0,0,0,1,0,1,0,1,0,12,0,6.0,1,1
1,2.0,100,0,0,0,6,0,0,0,1,1,1,0,1,0,2,0,4.0,1,1
0,12.0,136,0,1,3,4,0,1,1,0,0,0,0,1,0,12,0,2.0,1,1
0,36.0,136,0,0,1,4,5,1,1,0,0,0,0,1,0,4,0,4.0,1,1
1,12.0,99,0,1,0,3,0,1,1,0,0,0,0,1,0,2,0,1.0,1,1
0,3.0,136,0,1,0,6,0,1,0,0,0,1,0,1,0,2,0,0.0,1,1
1,12.0,100,0,2,0,2,4,0,0,1,1,1,0,5,0,2,0,6.0,1,1
0,60.0,5,0,1,0,0,0,1,1,0,0,1,0,1,350,2,0,3.0,1,1
0,1.0,136,0,0,1,6,0,1,0,1,1,1,0,1,0,2,0,2.0,1,1
1,2.0,100,0,1,0,1,5,1,0,0,0,1,0,1,80,12,0,2.0,1,1
1,2.0,99,0,2,1,2,0,1,1,1,1,1,0,4,0,3,0,5.0,1,1
0,2.0,136,0,1,1,6,0,0,0,0,0,0,0,1,0,2,0,4.0,1,1
0,2.0,136,0,1,1,0,0,1,1,1,0,1,0,1,0,3,0,2.0,1,1
0,4.0,136,0,1,1,0,0,1,0,1,1,1,0,1,0,3,0,1.0,1,1
0,12.0,136,0,0,1,4,0,1,1,2,2,2,0,1,0,12,0,2.0,1,1
1,5.0,100,63,0,2,3,0,1,0,0,0,1,0,1,100,6,0,1.0,1,1
0,2.0,136,0,2,1,4,0,1,0,1,0,1,0,5,0,2,0,7.0,0,1
0,2.0,136,0,0,0,0,0,1,0,0,0,1,0,1,0,2,0,1.0,1,1
0,4.0,136,107,0,0,1,5,2,0,0,0,0,0,1,0,4,0,10.0,1,1
1,5.0,129,0,1,5,6,0,0,0,0,0,0,0,1,0,2,1,8.0,1,1
0,7.0,136,0,0,4,6,0,1,0,0,0,0,0,1,0,2,1,1.0,1,1
1,5.0,100,0,2,0,6,0,1,0,1,1,1,0,5,50,12,0,3.0,1,1
0,15.0,136,10,1,0,6,0,1,0,0,0,0,0,1,0,2,0,1.0,1,1
1,2.0,129,76,0,0,6,0,1,2,1,1,1,0,1,0,2,0,2.0,1,1
1,1.0,115,0,0,4,5,5,1,1,1,1,1,0,1,0,2,0,3.0,1,1
0,2.0,55,107,0,0,1,3,1,1,1,0,1,0,1,50,2,0,5.0,1,1
0,12.0,136,0,1,1,0,0,1,0,0,0,0,0,1,0,2,0,2.0,1,1
0,17.0,136,0,0,0,0,0,1,1,0,0,0,0,1,150,12,0,1.0,1,1
1,1.0,117,0,2,0,2,0,0,0,1,1,1,0,2,0,2,0,5.0,1,1
0,12.0,136,14,0,1,0,0,1,0,2,2,2,0,1,0,7,0,2.0,1,1
0,2.0,136,0,1,0,1,0,1,0,1,1,1,0,1,20,3,0,1.0,1,1
0,2.0,136,0,0,0,1,5,1,0,1,0,1,0,4,0,2,0,4.0,1,1
0,2.0,136,0,1,4,0,0,1,0,1,1,1,0,1,0,12,0,1.0,1,1
1,4.0,122,0,1,1,6,0,0,0,1,1,1,0,1,0,12,0,2.0,1,1
0,2.0,136,0,0,0,1,0,1,0,1,1,1,0,1,0,3,0,2.0,1,1
0,2.0,136,0,0,0,1,5,1,1,1,1,1,0,1,0,2,0,3.0,1,1
0,5.0,136,0,0,4,0,0,1,0,0,0,1,0,1,350,7,0,2.0,1,1
0,12.0,136,0,0,4,0,0,0,1,0,0,0,0,1,100,5,0,3.0,1,1
0,36.0,136,0,0,1,0,0,1,0,0,0,1,0,5,0,2,0,1.0,1,1
0,60.0,151,0,0,2,4,0,1,2,0,0,0,0,1,180,2,0,3.0,1,1
0,12.0,136,0,2,0,1,5,1,1,0,0,0,0,4,0,2,0,4.0,0,1
0,12.0,136,0,1,4,0,0,2,1,0,1,0,0,1,0,2,0,2.0,1,1
0,38.0,16,0,0,1,6,0,0,0,0,0,0,0,1,0,2,0,2.0,1,1
1,12.0,100,0,0,3,0,0,1,0,1,0,0,0,1,0,2,0,4.0,1,1
0,2.0,136,0,1,0,1,0,1,0,1,0,1,0,1,200,7,0,4.0,1,1
1,2.0,99,0,1,0,6,0,0,1,1,1,1,0,2,0,12,0,4.0,1,1
0,2.0,21,107,0,0,0,0,2,1,2,0,2,0,1,0,12,0,3.0,0,1
1,3.0,100,78,2,3,6,0,0,0,1,1,1,0,6,0,2,0,9.0,1,1
0,3.0,136,0,2,2,3,3,1,1,1,1,1,0,6,50,2,0,2.0,1,1
0,4.0,136,0,0,0,1,0,1,1,1,0,1,0,1,0,12,0,6.0,1,1
0,84.0,62,50,1,6,0,0,1,1,0,0,0,0,1,0,2,0,7.0,1,1
0,39.0,57,0,1,1,2,5,1,2,0,0,1,0,1,250,12,0,2.0,1,1
1,3.0,100,0,0,3,6,0,0,0,2,2,2,0,1,0,12,0,2.0,1,1
0,4.0,136,0,0,0,1,0,1,0,1,1,1,0,1,0,2,0,2.0,1,1
0,12.0,136,0,2,0,1,5,2,1,1,1,1,0,6,20,2,0,5.0,1,1
1,6.0,100,0,0,0,0,0,1,0,1,1,1,0,1,0,2,0,2.0,1,1
0,12.0,65,107,2,1,0,0,0,0,2,2,2,0,4,0,12,0,10.0,1,1
0,4.0,136,107,2,0,1,5,1,0,2,2,2,0,4,0,2,0,4.0,1,1
1,24.0,88,0,1,5,0,0,1,1,0,0,0,0,1,0,12,0,1.0,1,1
1,1.0,100,0,2,1,5,0,0,0,1,1,1,0,3,0,7,0,4.0,0,1
0,1.0,136,0,1,0,1,0,1,0,1,1,1,0,1,0,2,0,2.0,1,1
1,1.0,100,0,2,0,1,1,1,0,1,1,1,0,2,0,2,4,11.0,1,1
0,2.0,136,107,2,0,1,5,1,1,2,2,2,0,3,0,0,0,3.0,0,1
1,1.0,99,77,2,6,0,0,0,1,1,1,2,0,3,0,12,0,3.0,1,1
0,3.0,28,107,1,0,1,0,1,0,1,0,1,0,1,0,2,0,3.0,1,1
0,3.0,21,36,1,1,6,0,2,0,0,0,1,0,1,0,2,0,5.0,1,1
1,1.0,91,78,2,0,3,5,1,0,1,1,1,0,4,30,2,0,15.0,1,1
1,24.0,84,0,0,1,2,2,1,1,2,2,2,0,1,0,12,0,1.0,1,1
0,8.0,136,0,1,0,1,5,1,0,1,1,1,0,1,0,12,0,4.0,1,1
1,4.0,99,0,0,2,0,0,1,1,0,0,1,0,1,0,2,0,6.0,1,1
0,2.0,136,0,1,0,1,0,0,0,0,0,1,0,1,0,2,0,5.0,1,1
1,14.0,100,0,1,0,6,0,1,0,0,0,0,0,1,0,7,0,9.0,1,1
0,3.0,136,0,1,1,0,0,1,0,0,0,1,0,1,50,2,0,2.0,1,1
1,4.0,100,0,0,0,0,0,1,0,0,0,1,0,1,0,2,0,6.0,1,1
1,2.0,122,77,1,0,1,3,0,1,1,1,1,0,3,0,2,0,5.0,1,1
0,3.0,21,107,1,0,1,3,2,1,0,0,1,0,1,0,2,0,9.0,1,1
0,2.0,136,0,1,0,0,0,1,0,0,0,1,0,1,0,2,0,4.0,1,1
0,4.0,136,0,1,0,1,0,1,1,0,0,0,0,3,0,2,0,2.0,1,1
0,51.0,136,0,1,1,6,0,1,1,0,0,0,0,1,80,2,0,5.0,1,1
0,120.0,57,0,2,1,6,0,0,1,0,0,0,0,2,0,12,0,1.0,0,1
1,2.0,100,0,1,0,1,5,1,0,1,1,1,0,2,0,2,0,5.0,1,1
1,2.0,100,0,0,2,6,0,0,1,1,0,1,0,1,0,2,0,3.0,1,1
1,5.0,98,77,2,2,0,0,1,1,1,0,1,0,2,0,12,0,3.0,1,1
0,72.0,51,39,0,0,1,5,1,1,0,0,1,0,1,0,2,0,1.0,1,1
0,2.0,136,107,1,0,1,5,1,1,1,0,1,0,1,0,2,0,2.0,1,1
0,8.0,136,0,1,1,0,0,1,1,0,0,1,1,1,0,12,0,2.0,1,1
1,18.0,100,0,2,0,2,5,1,1,1,1,1,1,4,0,2,0,3.0,1,1
0,3.0,136,0,1,1,6,0,1,1,2,2,1,0,1,0,2,0,7.0,1,1
0,1.0,66,107,0,6,0,0,1,0,1,1,1,0,1,0,12,0,3.0,1,1
0,2.0,136,107,0,3,4,5,1,0,1,1,1,0,1,0,12,0,2.0,1,1
0,3.0,65,0,0,0,6,0,1,2,1,0,0,0,1,200,12,0,7.0,1,1
0,48.0,38,0,0,3,0,0,0,1,0,0,0,0,1,300,12,0,3.0,1,1
1,7.0,100,0,0,0,0,0,1,0,0,0,1,0,1,0,12,0,1.0,1,1
0,12.0,55,0,0,0,1,5,1,2,0,0,1,0,1,350,3,0,3.0,1,1
1,3.0,100,0,0,2,0,0,1,0,0,0,1,0,1,0,2,1,2.0,1,1
0,3.0,136,0,2,0,0,0,1,0,0,0,1,0,3,0,12,1,7.0,1,1
1,92.0,109,0,1,0,1,5,1,2,0,1,0,0,1,50,12,0,3.0,1,1
0,24.0,136,107,1,1,0,0,1,0,0,0,0,1,1,20,2,0,2.0,1,1
0,2.0,136,51,1,0,6,0,1,1,0,0,1,0,1,0,2,0,9.0,1,1
0,72.0,136,0,0,2,0,0,1,1,0,0,0,0,1,0,2,0,2.0,1,1
0,2.0,136,0,1,0,1,5,1,1,1,1,1,0,1,20,3,0,1.0,1,1
0,2.0,136,107,2,0,6,0,1,0,1,1,1,0,9,0,12,0,3.0,1,1
1,2.0,99,0,0,1,6,0,1,1,1,1,1,0,1,0,5,0,3.0,1,1
1,0.0,100,0,0,0,0,0,0,0,1,1,1,0,1,0,2,0,2.0,0,1
0,2.0,136,107,1,0,6,0,1,1,1,0,1,0,1,0,2,0,4.0,1,1
1,24.0,80,60,2,1,6,0,1,1,1,0,2,0,4,0,12,0,4.0,0,1
0,1.0,136,0,0,0,1,5,1,0,2,2,1,0,1,0,2,0,5.0,1,1
1,2.0,129,101,2,1,2,3,0,0,0,0,1,0,2,0,2,0,5.0,1,1
0,2.0,12,107,1,0,1,0,1,0,1,0,1,0,1,0,2,0,1.0,1,1
0,1.0,136,0,1,1,2,0,0,1,1,1,1,0,1,0,2,0,5.0,1,1
0,72.0,136,0,1,0,6,0,0,1,0,0,0,0,1,0,2,0,2.0,1,1
0,2.0,136,0,1,0,1,0,1,1,0,0,1,0,1,0,12,0,14.0,1,1
0,6.0,58,0,1,1,4,5,2,1,0,0,1,0,1,350,12,0,3.0,1,1
0,1.0,139,0,1,0,6,0,1,1,1,1,1,0,1,200,6,0,5.0,1,1
0,12.0,62,0,1,0,1,5,1,1,0,0,0,0,1,0,2,0,3.0,1,1
1,12.0,100,0,1,0,6,0,1,0,1,0,1,0,1,0,12,0,1.0,1,1
0,12.0,21,107,0,1,6,0,1,0,2,2,2,0,1,0,2,0,2.0,1,1
0,1.0,136,0,2,0,1,5,1,0,1,1,1,0,7,0,12,0,5.0,1,1
0,12.0,136,0,1,0,1,0,1,0,1,0,1,0,1,0,3,0,4.0,1,1
0,4.0,136,107,1,0,0,0,1,1,0,0,1,0,1,150,2,0,1.0,1,1
1,24.0,129,0,1,0,5,5,1,1,1,0,0,0,1,20,12,0,0.0,1,1
1,2.0,100,0,0,1,2,3,1,0,0,0,1,0,1,0,2,0,5.0,1,1
0,2.0,136,0,0,1,5,5,0,0,0,0,1,0,1,0,2,0,4.0,1,1
1,4.0,99,0,1,0,2,5,0,1,0,0,0,0,1,0,5,0,3.0,1,1
1,6.0,100,0,1,0,1,5,1,0,1,0,1,0,1,0,12,0,10.0,1,1
1,4.0,99,0,1,2,6,0,1,1,1,1,1,0,1,150,10,0,3.0,1,1
1,7.0,100,0,2,0,1,5,1,0,1,1,1,0,6,0,2,0,10.0,1,1
1,3.0,117,76,0,6,0,0,1,2,1,0,1,0,1,350,2,0,3.0,0,1
1,4.0,100,0,0,6,0,0,1,0,1,0,0,0,1,0,12,0,2.0,1,1
0,2.0,136,107,0,1,0,0,1,1,0,0,1,0,1,0,2,0,1.0,1,1
0,60.0,136,0,1,1,0,0,1,1,0,0,2,0,1,0,2,0,2.0,1,1
0,2.0,136,0,1,0,1,0,1,1,0,0,2,0,2,0,12,0,1.0,0,1
0,1.0,136,107,2,0,1,5,1,0,1,1,1,0,2,0,3,0,1.0,1,1
0,84.0,57,0,1,2,6,0,0,2,0,0,0,0,1,180,2,0,3.0,1,1
1,2.0,100,0,1,5,6,0,0,0,1,1,1,0,1,50,2,0,4.0,1,1
0,0.0,136,0,2,1,3,5,1,0,1,1,1,0,3,0,2,0,6.0,1,1
0,4.0,136,107,1,1,0,0,1,0,0,0,1,0,1,0,2,0,3.0,1,1
0,24.0,136,0,0,6,0,0,2,0,0,0,0,0,1,0,2,0,16.0,1,1
1,3.0,99,0,1,2,6,0,1,1,0,0,0,0,1,0,2,0,2.0,1,1
1,9.0,122,0,0,6,0,0,1,0,0,0,1,0,1,0,2,0,2.0,1,1
0,2.0,136,107,0,1,0,0,1,1,0,0,1,0,1,0,2,0,1.0,1,1
0,2.0,136,0,1,4,0,0,1,0,0,0,0,0,1,0,2,1,6.0,1,1
0,48.0,35,0,0,1,6,0,2,0,0,0,0,0,1,350,2,0,5.0,1,1
0,2.0,62,107,0,0,6,0,1,1,0,1,0,0,1,0,2,0,10.0,1,1
1,1.0,100,0,2,0,4,5,1,0,1,1,1,0,2,0,2,0,2.0,1,1
1,5.0,100,0,0,2,4,5,1,0,1,0,1,0,1,0,12,0,5.0,1,1
0,48.0,40,44,0,0,1,3,0,0,0,0,1,0,1,0,2,0,3.0,1,1
1,8.0,100,0,1,0,1,5,1,0,0,0,0,0,1,0,12,0,3.0,1,1
0,2.0,136,0,2,1,2,2,2,0,2,2,1,0,5,0,12,0,3.0,1,1
0,1.0,136,0,1,6,0,0,1,0,2,2,1,0,1,0,2,0,3.0,1,1
1,2.0,100,0,0,1,6,0,0,0,1,1,1,0,1,0,2,0,5.0,1,1
1,2.0,99,78,2,0,3,5,0,1,1,1,1,0,4,0,12,0,1.0,1,1
0,6.0,136,107,1,1,6,0,1,0,0,0,1,0,1,0,3,0,1.0,1,1
1,3.0,100,0,0,1,2,0,1,0,0,0,1,0,1,10,2,0,8.0,1,1
1,4.0,100,0,2,2,6,0,1,0,1,0,1,0,2,0,2,0,13.0,1,1
0,3.0,136,0,1,1,2,0,1,1,0,0,1,0,1,0,2,0,5.0,1,1
1,14.0,100,0,1,1,6,0,1,0,0,0,0,0,1,0,2,0,3.0,1,1
0,4.0,136,0,1,0,1,0,0,0,2,2,2,0,1,0,2,0,2.0,0,1
1,6.0,100,0,0,3,0,0,0,0,1,0,1,0,1,0,2,0,5.0,1,1
0,1.0,136,0,1,0,1,3,1,1,1,1,1,0,1,0,12,0,14.0,0,1
1,48.0,100,0,1,5,0,0,1,0,0,0,0,0,1,0,3,0,5.0,1,1
1,1.0,100,0,0,0,5,0,1,0,1,1,1,0,1,0,2,0,2.0,1,1
0,1.0,136,107,1,0,1,0,1,1,1,0,1,0,1,0,2,0,5.0,1,1
0,4.0,136,14,1,0,0,0,1,0,0,0,0,0,1,0,12,0,2.0,1,1
1,2.0,122,78,0,4,5,0,0,1,2,2,2,0,1,0,12,0,4.0,1,1
0,1.0,136,0,1,0,1,5,1,1,1,0,1,0,1,0,2,0,2.0,1,1
1,7.0,99,0,1,5,0,0,0,1,0,0,0,0,1,0,2,0,2.0,1,1
0,36.0,57,0,1,2,5,5,0,2,2,2,2,0,1,0,2,0,1.0,1,1
0,2.0,136,0,2,0,0,0,1,0,2,2,2,0,6,0,5,0,1.0,1,1
1,9.0,100,0,0,1,0,0,1,0,1,1,1,0,1,0,0,0,4.0,1,1
0,12.0,136,0,1,2,4,0,1,1,1,1,1,1,1,0,12,0,5.0,1,1
1,7.0,117,64,0,0,6,0,1,2,1,0,1,0,1,350,2,1,5.0,1,1
0,12.0,136,0,0,0,1,0,1,1,1,1,1,0,1,0,7,0,1.0,1,1
0,1.0,136,0,1,1,0,0,1,0,1,1,1,0,1,0,12,0,1.0,1,1
1,6.0,87,0,0,0,0,0,1,1,1,1,1,0,1,0,2,0,1.0,1,1
1,24.0,99,0,1,5,0,0,1,1,1,0,1,0,1,0,2,1,4.0,1,1
0,12.0,136,0,0,1,2,5,1,1,0,0,0,0,1,0,2,0,0.0,1,1
0,36.0,16,0,1,1,6,0,0,1,2,2,2,0,1,0,2,0,5.0,1,1
0,2.0,136,107,2,0,3,5,1,0,1,1,1,0,5,0,3,0,5.0,1,1
0,2.0,136,0,0,1,6,0,0,0,0,0,1,0,1,0,2,0,2.0,1,1
1,3.0,100,0,2,1,4,5,1,0,1,1,1,0,3,0,3,0,4.0,1,1
1,3.0,100,61,1,0,6,0,0,0,1,0,1,0,1,0,3,0,4.0,1,1
0,48.0,158,0,1,1,0,0,2,0,0,0,0,0,1,100,2,0,2.0,1,1
1,3.0,100,92,2,0,1,5,0,1,1,0,1,0,5,0,12,0,5.0,0,1
0,2.0,136,0,1,1,6,0,1,0,1,1,1,0,1,0,2,0,1.0,1,1
0,3.0,136,0,0,0,1,5,1,0,0,0,0,0,1,0,2,0,6.0,1,1
0,2.0,136,107,0,0,1,0,1,1,0,0,1,0,1,0,12,0,3.0,1,1
0,12.0,136,0,0,0,0,0,1,0,1,0,0,0,1,0,2,0,9.0,1,1
1,7.0,100,0,0,5,6,0,1,0,2,2,1,0,1,0,10,0,1.0,1,1
1,2.0,135,77,0,0,6,0,2,1,1,0,2,0,1,0,2,0,3.0,1,1
0,144.0,71,0,0,4,0,0,1,1,2,2,1,0,1,0,2,0,1.0,1,1
0,1.0,136,0,1,3,6,0,1,1,1,1,1,0,1,20,3,0,1.0,1,1
1,4.0,99,0,1,1,5,5,0,1,1,1,1,0,1,0,2,0,2.0,1,1
1,12.0,132,0,1,0,1,2,1,0,0,0,0,0,1,45,2,0,4.0,1,1
0,2.0,136,0,1,1,0,0,0,0,0,0,1,0,1,0,2,0,3.0,1,1
1,10.0,100,0,0,2,0,0,1,0,0,0,1,0,1,0,2,0,5.0,1,1
1,1.0,99,0,0,0,1,0,1,1,2,2,2,0,1,0,12,0,2.0,1,1
0,2.0,136,0,1,1,0,0,1,0,1,0,1,0,2,0,2,0,2.0,1,1
0,2.0,136,0,2,0,6,0,1,1,1,1,1,0,5,8,7,0,5.0,1,1
1,12.0,100,0,0,4,6,0,0,0,2,0,0,0,1,0,12,0,5.0,1,1
1,17.0,100,0,1,3,6,0,1,0,2,2,1,0,1,0,12,0,1.0,1,1
0,24.0,142,107,1,4,0,0,1,0,0,0,0,0,1,0,2,0,5.0,1,1
1,6.0,122,78,1,0,1,0,0,0,0,0,0,0,1,0,12,0,7.0,1,1
0,2.0,136,0,1,0,0,0,1,0,1,1,1,0,1,0,2,0,11.0,1,1
1,2.0,100,78,1,0,1,0,1,0,1,1,1,0,1,0,3,0,1.0,1,1
0,1.0,136,0,2,0,6,0,1,1,2,2,2,0,2,100,3,0,1.0,1,1
0,2.0,136,0,0,0,1,0,2,0,0,0,1,0,1,0,2,0,5.0,1,1
1,1.0,100,0,1,5,0,0,0,0,1,1,1,0,1,0,2,0,6.0,1,1
1,3.0,91,77,1,0,1,5,0,1,1,0,1,0,1,0,12,0,3.0,1,1
1,1.0,99,0,2,2,6,0,0,1,1,1,1,0,5,0,2,0,1.0,0,1
1,5.0,129,0,1,1,0,0,1,0,1,1,0,0,1,0,12,0,5.0,1,1
1,4.0,99,77,2,0,6,0,1,1,1,2,0,0,2,0,2,0,1.0,1,1
0,5.0,136,0,1,0,1,5,1,0,1,0,1,0,1,0,2,0,1.0,1,1
1,36.0,129,0,1,0,2,5,1,0,0,0,0,0,3,0,12,0,4.0,1,1
0,4.0,136,107,2,1,2,5,0,0,2,2,2,0,5,0,2,0,8.0,1,1
1,2.0,98,78,2,0,6,0,1,1,1,1,1,0,5,50,2,0,5.0,1,1
0,2.0,136,0,1,1,6,0,1,0,1,0,1,0,1,5,3,0,1.0,1,1
1,14.0,129,0,0,2,0,0,2,0,1,0,0,0,1,0,2,0,5.0,1,1
1,7.0,100,0,1,0,1,2,1,0,0,0,1,0,1,0,12,0,4.0,1,1
0,1.0,136,0,1,1,0,0,1,0,1,0,1,0,1,0,2,0,1.0,1,1
1,0.0,100,0,2,0,5,5,1,0,1,1,1,0,2,0,2,0,28.0,1,1
1,1.0,100,0,1,0,1,1,1,0,2,0,1,0,1,0,2,0,2.0,1,1
1,6.0,119,0,1,5,6,0,1,1,2,2,2,0,1,0,2,0,5.0,1,1
0,1.0,136,4,0,0,1,0,0,0,2,2,2,0,2,0,12,0,2.0,1,1
0,3.0,136,0,1,1,0,0,1,0,0,0,1,0,1,0,2,0,3.0,1,1
0,6.0,136,0,1,0,0,0,1,1,1,0,0,0,1,0,3,0,4.0,1,1
1,24.0,100,78,2,0,1,5,2,0,1,1,1,0,5,0,2,0,5.0,0,1
1,12.0,100,77,0,4,5,5,1,0,2,2,2,0,1,0,2,0,1.0,1,1
1,4.0,99,0,1,5,0,0,1,1,1,1,1,0,1,0,2,0,2.0,1,1
0,12.0,48,0,0,4,5,5,1,1,0,0,2,0,1,350,2,0,1.0,1,1
1,1.0,80,0,0,5,0,0,1,0,1,1,1,0,1,0,12,0,5.0,1,1
1,2.0,100,0,0,0,1,0,0,0,1,1,1,0,1,0,3,0,5.0,1,1
0,36.0,136,50,0,2,0,0,0,1,0,0,0,0,1,0,12,0,2.0,1,1
0,2.0,136,0,1,4,5,5,1,0,0,0,1,0,1,0,2,0,1.0,1,1
1,2.0,99,0,0,2,6,0,1,1,1,0,1,1,1,0,5,1,3.0,1,1
0,2.0,136,0,0,0,1,0,1,0,1,1,1,0,1,20,3,0,1.0,1,1
0,1.0,136,0,1,2,4,0,1,1,2,2,2,0,1,0,0,0,1.0,1,1
0,1.0,136,0,2,0,1,3,1,1,1,1,1,0,4,0,7,0,1.0,0,1
0,24.0,159,0,0,1,4,5,1,0,2,2,2,0,1,350,12,0,3.0,1,1
1,36.0,100,0,1,0,5,5,1,2,0,0,2,0,1,300,2,0,2.0,1,1
1,1.0,100,0,0,6,0,0,1,1,1,0,1,0,1,0,2,0,7.0,1,1
1,3.0,99,0,0,4,6,0,0,1,1,1,1,0,1,0,6,0,2.0,1,1
0,1.0,136,107,2,0,1,1,2,0,0,0,1,0,7,0,2,5,30.0,1,1
0,12.0,136,0,0,0,1,0,2,0,2,2,1,0,1,0,6,0,3.0,1,1
0,2.0,136,0,1,1,6,0,1,1,2,2,1,0,1,0,2,0,3.0,1,1
0,12.0,136,50,1,1,0,0,1,1,0,0,0,0,1,0,12,0,2.0,1,1
0,72.0,136,107,0,1,0,0,1,1,0,0,0,0,1,0,7,0,3.0,1,1
1,1.0,100,0,1,1,6,0,2,0,1,0,2,0,1,0,2,0,3.0,1,1
1,5.0,99,0,1,0,3,5,1,1,1,0,0,0,1,0,12,0,1.0,1,1
1,1.0,100,0,1,0,0,0,0,0,1,1,1,0,1,0,2,0,1.0,1,1
0,12.0,136,0,0,1,0,0,2,1,0,0,2,0,1,0,2,0,3.0,1,1
0,2.0,136,0,2,0,1,0,0,1,1,1,1,0,9,0,4,0,6.0,0,1
0,1.0,136,0,0,2,0,0,1,0,1,1,1,0,1,0,2,0,1.0,1,1
0,2.0,21,107,1,0,0,0,2,1,1,1,1,0,1,0,2,0,2.0,1,1
1,36.0,100,69,1,0,3,5,1,0,0,0,0,0,1,0,2,0,4.0,1,1
1,24.0,122,101,1,3,6,0,1,0,0,0,0,0,1,0,2,0,3.0,1,1
1,3.0,100,78,2,0,0,0,0,0,0,0,1,0,2,0,2,0,23.0,1,1
0,12.0,136,0,1,0,1,0,1,1,1,1,2,0,1,0,2,0,4.0,1,1
1,36.0,100,0,1,1,4,0,1,0,0,0,0,0,1,100,12,0,3.0,1,1
1,1.0,87,0,0,0,0,0,1,0,0,0,1,0,1,0,12,0,5.0,1,1
1,1.0,100,0,2,0,1,1,1,0,1,1,1,0,5,0,2,0,3.0,1,1
0,2.0,5,107,1,0,3,0,1,1,1,1,1,0,1,0,12,0,1.0,0,1
1,1.0,99,0,0,0,6,0,0,0,1,0,1,0,1,0,2,1,13.0,1,1
1,4.0,100,0,1,0,0,0,1,0,1,1,1,0,1,5,2,0,1.0,0,1
0,4.0,12,107,1,1,0,0,1,0,0,0,1,0,1,0,2,0,4.0,1,1
0,2.0,136,0,1,0,3,5,1,2,0,0,1,0,1,0,2,0,5.0,1,1
1,2.0,100,0,0,5,0,0,1,0,1,1,1,0,1,0,12,0,5.0,1,1
0,3.0,136,0,2,0,4,5,1,0,2,2,2,0,3,0,12,0,1.0,1,1
0,36.0,8,107,0,2,0,0,1,1,1,0,0,0,1,0,2,0,2.0,1,1
1,2.0,100,0,2,0,1,0,1,0,1,1,1,0,4,0,12,0,5.0,1,1
0,1.0,136,72,0,0,1,0,2,1,0,0,1,0,1,0,2,0,3.0,1,1
1,1.0,98,78,0,0,1,5,1,2,1,1,1,0,3,0,2,0,5.0,1,1
1,2.0,100,78,0,3,0,0,1,0,0,0,1,0,1,0,3,0,3.0,1,1
1,8.0,100,78,1,6,0,0,1,0,1,1,1,0,2,0,12,0,2.0,1,1
1,5.0,100,0,0,3,4,5,1,0,2,2,2,0,2,0,2,0,5.0,0,1
0,84.0,13,0,0,0,5,5,2,1,0,0,1,0,1,0,12,0,1.0,1,1
1,3.0,99,0,2,1,3,3,1,1,1,0,1,0,2,1,2,0,7.0,1,1
1,12.0,99,0,1,0,1,5,1,1,2,2,2,1,1,0,2,0,1.0,1,1
1,18.0,100,77,1,1,2,5,1,0,1,0,1,0,1,0,12,0,3.0,1,1
0,2.0,136,0,0,0,6,0,1,0,0,0,1,0,1,0,12,0,2.0,1,1
1,12.0,129,0,2,0,2,5,1,0,2,2,1,0,4,0,2,0,1.0,1,1
1,2.0,99,78,0,5,6,0,2,1,0,1,1,0,1,100,12,0,3.0,1,1
0,2.0,147,0,2,0,2,0,1,0,0,0,1,0,2,0,2,0,4.0,1,1
0,3.0,136,0,0,1,0,0,1,0,1,0,1,0,1,0,2,0,3.0,1,1
0,3.0,136,0,1,0,1,5,1,0,1,1,1,0,4,0,12,0,4.0,1,1
1,12.0,130,102,2,1,5,0,1,0,1,1,0,0,2,0,7,0,2.0,1,1
0,2.0,136,0,0,4,0,0,1,0,1,0,1,0,1,150,2,0,16.0,1,1
1,0.0,100,0,2,0,1,5,2,0,1,1,1,0,6,0,12,0,2.0,1,1
1,12.0,129,0,0,2,6,0,1,0,2,0,1,0,1,0,12,0,1.0,1,1
1,12.0,99,77,1,0,5,5,1,0,0,0,0,0,1,0,2,0,9.0,1,1
0,36.0,56,0,0,0,0,0,1,1,0,0,0,0,1,250,2,0,5.0,1,1
0,3.0,136,0,2,1,6,0,1,0,1,1,1,0,3,0,2,0,4.0,1,1
0,2.0,8,0,0,1,4,0,0,1,2,2,2,0,1,0,2,0,3.0,1,1
0,3.0,136,0,2,0,1,3,1,2,1,1,1,0,5,0,2,0,7.0,0,1
0,1.0,153,107,1,0,4,0,1,0,1,1,1,0,1,0,2,0,5.0,1,1
0,4.0,136,123,0,1,0,0,2,0,0,0,1,0,1,235,2,0,4.0,1,1
1,19.0,100,78,0,3,0,0,1,0,0,0,0,0,1,0,2,0,5.0,1,1
0,3.0,136,0,1,3,0,0,0,0,1,1,1,0,1,0,4,0,1.0,1,1
0,1.0,136,0,1,0,1,0,0,0,1,1,1,0,2,0,2,0,4.0,1,1
0,120.0,136,0,0,0,1,5,2,0,2,2,2,0,1,0,12,0,3.0,0,1
0,2.0,136,0,0,0,1,0,1,0,0,0,1,0,1,0,2,0,4.0,1,1
1,2.0,99,0,0,5,6,0,0,1,1,1,1,0,1,0,2,0,1.0,1,1
1,1.0,99,0,0,2,4,0,1,1,1,0,1,0,1,50,2,0,5.0,1,1
0,2.0,136,0,1,0,6,0,2,0,1,0,1,0,1,50,2,0,16.0,1,1
0,48.0,8,0,1,2,0,0,2,2,0,0,0,0,1,0,2,0,3.0,1,1
0,18.0,136,107,1,0,0,0,1,0,0,0,0,0,1,0,2,0,3.0,1,1
0,1.0,136,0,0,0,6,0,1,1,1,1,2,0,1,0,3,0,1.0,0,1
0,1.0,136,0,2,0,1,0,1,0,1,1,1,0,6,0,2,0,1.0,1,1
0,48.0,13,0,1,5,6,0,2,2,2,2,1,1,1,0,12,0,3.0,1,1
0,6.0,136,0,1,0,1,0,1,1,1,1,1,0,2,0,12,0,2.0,0,1
0,24.0,136,0,0,0,1,5,1,1,2,2,2,0,1,0,2,0,1.0,1,1
0,1.0,136,0,1,0,1,2,2,1,1,1,1,0,7,0,2,0,1.0,0,1
0,4.0,8,107,1,2,0,0,2,1,0,2,2,0,1,0,2,0,1.0,1,1
1,2.0,100,0,1,2,0,0,0,0,0,0,1,0,2,115,12,0,13.0,1,1
0,2.0,136,0,0,0,1,0,1,1,0,0,1,0,1,0,2,0,5.0,1,1
1,4.0,100,78,0,1,6,0,0,0,2,2,2,0,1,0,2,0,4.0,1,1
0,7.0,136,0,1,0,0,0,0,0,0,0,0,0,1,0,4,3,6.0,1,1
1,2.0,100,0,0,5,6,0,0,0,2,2,2,0,1,0,2,0,3.0,1,1
0,2.0,136,0,0,0,0,0,1,0,0,0,1,0,1,0,2,0,4.0,1,1
0,12.0,136,0,1,1,0,0,0,0,0,0,0,0,1,0,5,0,3.0,1,1
0,6.0,136,0,0,2,3,5,1,1,1,0,1,0,1,0,2,0,4.0,1,1
1,2.0,100,0,1,0,6,0,0,1,1,1,1,0,1,0,12,0,1.0,1,1
0,2.0,136,0,2,0,1,0,2,0,1,1,1,0,6,0,2,0,5.0,1,1
0,1.0,136,0,0,0,0,0,1,0,1,1,1,0,1,0,2,0,4.0,1,1
1,2.0,132,0,1,0,1,1,0,1,0,0,2,0,1,20,2,0,9.0,1,1
0,8.0,136,33,0,0,0,0,2,0,0,0,0,0,1,0,2,0,1.0,1,1
1,4.0,99,0,0,0,5,5,1,1,1,1,1,0,1,0,2,0,2.0,1,1
1,1.0,98,0,2,1,5,0,1,2,1,1,1,0,2,0,2,0,8.0,1,1
0,3.0,136,0,1,0,1,5,1,1,1,0,1,0,3,0,12,0,8.0,1,1
0,2.0,136,0,1,1,0,0,1,1,0,0,1,0,1,0,2,0,3.0,1,1
1,24.0,99,97,1,0,3,0,1,1,0,0,2,0,3,0,2,0,2.0,0,1
0,2.0,136,107,2,0,6,0,1,1,0,0,1,0,2,0,2,4,17.0,0,1
1,2.0,84,97,1,0,3,0,0,1,1,0,1,0,1,150,2,0,1.0,1,1
0,4.0,136,0,2,3,4,0,1,1,0,0,1,0,2,0,7,0,3.0,1,1
1,12.0,100,0,1,4,5,5,0,0,0,0,0,0,1,0,12,0,1.0,0,1
1,96.0,117,97,1,5,6,0,1,1,0,0,0,0,2,0,12,0,5.0,1,1
0,36.0,136,72,1,1,0,0,1,0,0,0,0,0,1,200,7,0,5.0,1,1
1,6.0,99,0,0,0,6,0,2,1,1,1,1,0,1,0,2,0,4.0,1,1
1,6.0,99,0,2,0,3,4,1,0,0,0,0,0,2,0,12,0,4.0,1,1
0,1.0,44,107,1,0,1,0,2,0,2,2,2,0,1,0,7,0,3.0,0,1
1,1.0,129,0,0,1,3,0,0,0,1,1,1,0,1,0,2,0,5.0,1,1
0,1.0,136,0,0,4,0,0,1,1,2,2,1,0,1,0,2,0,2.0,1,1
1,10.0,100,0,0,0,0,0,2,0,1,1,1,0,1,0,12,0,2.0,1,1
0,1.0,136,107,1,0,1,5,1,0,1,1,1,0,1,0,2,0,5.0,1,1
0,2.0,136,0,1,1,3,0,1,0,1,0,1,0,1,0,2,0,4.0,1,1
1,60.0,100,0,0,1,4,5,0,0,0,0,0,0,1,0,12,0,3.0,1,1
1,6.0,100,0,1,2,6,0,1,0,1,0,0,0,1,0,2,0,5.0,1,1
1,6.0,100,0,0,0,0,0,0,0,0,0,0,0,1,0,12,0,2.0,1,1
0,10.0,16,0,0,6,0,0,1,1,0,0,1,0,1,0,2,0,0.0,1,1
1,9.0,117,77,0,0,5,5,2,2,0,0,0,0,1,0,2,0,3.0,1,1
0,1.0,136,0,0,0,2,0,1,0,1,2,2,0,1,0,3,0,1.0,1,1
0,2.0,136,0,0,0,1,5,1,0,1,1,1,0,1,0,2,0,2.0,1,1
0,5.0,5,107,1,0,1,0,1,0,0,0,0,0,1,0,2,0,2.0,1,1
0,2.0,136,0,1,0,1,0,1,1,1,0,1,0,1,1,4,0,2.0,1,1
0,2.0,136,0,1,0,1,0,1,0,2,0,1,0,1,0,12,0,5.0,1,1
0,3.0,136,107,2,0,0,0,0,0,0,0,1,0,2,0,2,0,6.0,1,1
1,1.0,100,0,1,3,6,0,1,0,1,0,1,0,2,0,12,0,3.0,1,1
0,60.0,8,0,0,2,0,0,2,1,0,0,1,0,2,0,2,0,1.0,1,1
0,1.0,136,107,2,0,1,1,0,0,1,1,1,0,5,0,12,0,1.0,1,1
1,12.0,100,0,0,2,3,0,1,0,1,1,1,0,1,100,2,0,3.0,1,1
0,2.0,136,0,1,0,0,0,1,0,0,0,1,0,1,0,2,0,3.0,1,1
1,5.0,129,0,1,0,5,5,0,0,2,2,2,0,1,0,12,0,1.0,1,1
1,2.0,91,0,1,0,3,5,1,0,1,0,1,0,1,0,2,0,12.0,1,1
0,96.0,38,23,0,2,0,0,1,1,1,0,1,0,1,0,3,0,2.0,1,1
0,6.0,136,0,0,1,4,5,1,0,0,0,0,0,1,0,2,0,6.0,1,1
0,5.0,136,0,0,0,1,0,1,0,0,0,1,0,1,50,2,0,8.0,1,1
1,3.0,100,0,1,0,3,5,0,0,0,0,1,0,1,0,3,0,3.0,1,1
0,6.0,28,107,0,0,1,0,0,0,1,0,1,0,1,0,2,0,3.0,1,1
0,18.0,51,107,1,1,6,0,1,0,0,0,0,0,1,0,12,0,10.0,1,1
1,2.0,129,77,0,5,0,0,0,2,1,0,1,0,1,0,4,0,3.0,1,1
1,1.0,99,0,1,1,0,0,0,1,1,0,1,0,1,0,2,0,2.0,1,1
0,84.0,147,0,0,1,0,0,0,0,0,0,1,0,1,0,12,1,6.0,1,1
1,16.0,100,0,0,4,0,0,0,1,1,1,1,0,1,0,12,0,6.0,1,1
1,12.0,99,0,0,2,6,0,1,1,0,0,1,0,1,100,12,0,1.0,1,1
1,1.0,100,0,2,1,3,5,1,1,1,1,1,0,4,0,3,0,4.0,1,1
0,24.0,8,0,0,3,0,0,2,2,0,0,1,0,1,100,2,0,1.0,1,1
0,12.0,136,0,1,6,0,0,2,0,2,2,2,0,1,0,12,0,3.0,0,1
1,2.0,100,0,2,0,1,5,1,0,1,1,1,0,2,0,2,0,3.0,1,1
0,5.0,136,0,0,1,0,0,1,0,0,0,1,0,1,0,2,0,4.0,1,1
0,2.0,136,0,1,0,1,1,2,0,2,0,2,0,2,0,3,0,3.0,1,1
1,4.0,100,106,2,0,6,0,0,0,1,1,1,0,4,0,2,0,5.0,1,1
0,24.0,136,0,1,0,6,0,1,0,0,0,2,0,1,100,3,0,1.0,1,1
0,2.0,136,0,0,5,6,0,1,1,1,0,1,0,1,0,3,0,2.0,1,1
0,4.0,62,0,0,0,1,1,1,1,2,2,2,0,1,50,2,0,4.0,1,1
0,36.0,136,0,0,4,6,0,2,1,0,2,2,0,1,0,12,0,1.0,1,1
0,12.0,136,0,0,3,6,0,1,0,0,0,0,0,1,0,12,0,4.0,1,1
0,1.0,136,0,1,0,1,1,1,0,1,1,1,0,6,0,2,0,9.0,1,1
1,1.0,78,0,1,6,0,0,1,1,1,1,1,0,1,0,12,0,5.0,0,1
0,1.0,136,107,2,0,1,5,1,0,1,0,1,0,3,150,2,0,4.0,1,1
1,3.0,100,0,1,0,1,5,1,1,0,0,1,0,1,0,2,0,2.0,1,1
0,1.0,136,0,2,0,1,5,1,0,0,0,0,0,2,0,4,0,3.0,1,1
0,48.0,8,0,1,2,4,0,1,1,0,1,0,0,1,0,2,0,2.0,1,1
1,1.0,26,0,0,0,6,0,0,0,1,1,1,0,1,0,9,0,1.0,1,1
0,120.0,57,0,0,1,6,0,1,0,0,0,2,1,1,0,2,0,2.0,1,1
1,4.0,99,0,2,0,1,2,1,1,2,2,2,0,2,0,2,0,3.0,1,1
0,2.0,16,34,2,1,4,5,1,0,0,0,0,0,4,0,2,0,5.0,1,1
1,3.0,100,0,2,0,4,5,0,0,1,1,1,0,3,0,12,0,3.0,1,1
1,16.0,100,0,0,0,1,4,2,1,0,0,1,0,1,0,12,0,11.0,1,1
0,24.0,147,0,0,0,1,0,0,0,0,1,1,0,2,0,2,0,2.0,1,1
0,3.0,136,107,1,1,6,0,1,1,0,0,1,0,1,0,2,0,1.0,1,1
0,0.0,142,0,2,0,1,2,0,1,1,1,1,0,8,0,2,0,5.0,0,1
0,3.0,136,0,0,1,2,0,0,0,0,0,2,0,1,210,2,0,5.0,1,1
1,12.0,100,0,1,2,5,5,1,0,0,0,0,0,1,250,3,0,3.0,1,1
1,16.0,100,0,1,5,6,0,1,0,1,0,0,0,1,0,2,0,10.0,1,1
0,3.0,136,107,0,0,0,0,1,1,0,0,1,0,1,0,2,0,1.0,1,1
0,2.0,136,0,0,1,0,0,1,1,0,0,1,0,1,80,3,0,1.0,1,1
0,12.0,21,107,0,0,0,0,1,0,2,0,0,0,1,0,2,0,7.0,1,1
0,3.0,136,0,1,4,0,0,1,0,1,0,1,0,1,0,7,0,3.0,1,1
0,2.0,62,107,0,1,0,0,1,0,0,0,0,0,5,0,2,0,3.0,1,1
0,2.0,136,0,0,0,1,2,1,0,2,2,1,0,5,0,5,0,14.0,1,1
0,9.0,136,0,1,1,0,0,1,0,0,1,0,0,1,0,2,0,1.0,1,1
1,28.0,78,0,2,6,0,0,1,0,1,1,1,0,4,0,2,1,4.0,1,1
0,2.0,136,107,1,1,0,0,1,1,0,0,1,0,1,0,2,0,5.0,1,1
1,3.0,100,0,1,0,3,5,1,0,1,1,1,0,1,0,2,0,1.0,1,1
0,48.0,136,107,0,1,0,0,0,0,0,0,0,0,1,0,2,0,3.0,1,1
0,7.0,136,107,0,0,1,2,1,0,0,0,2,0,1,0,7,0,0.0,1,1
1,0.0,80,0,2,1,0,0,0,0,1,1,1,0,3,0,2,0,1.0,0,1
1,1.0,99,0,0,0,5,0,1,1,1,1,1,0,1,0,12,0,4.0,0,1
0,3.0,136,0,1,1,4,0,1,1,1,1,1,0,3,0,4,0,2.0,0,1
1,60.0,100,78,2,3,6,0,1,0,1,0,0,1,2,0,2,0,4.0,1,1
1,5.0,125,0,1,5,6,0,1,1,1,1,1,0,1,0,12,0,2.0,0,1
1,8.0,91,0,1,0,2,0,0,0,0,0,0,1,1,0,2,0,1.0,1,1
0,1.0,136,0,0,0,0,0,0,0,1,1,1,0,1,0,2,0,5.0,1,1
0,1.0,136,0,2,0,1,0,1,1,1,1,1,1,2,0,4,0,6.0,1,1
0,48.0,44,0,0,0,1,0,2,0,0,0,2,0,1,0,2,0,6.0,1,1
0,60.0,156,0,0,1,0,0,0,2,0,0,0,0,1,150,2,0,2.0,1,1
1,2.0,100,0,0,2,6,0,1,0,0,0,1,0,1,0,2,0,11.0,1,1
0,2.0,136,0,1,0,0,0,1,0,1,0,1,0,1,0,12,0,7.0,1,1
0,4.0,136,0,0,1,5,0,2,0,0,0,1,0,1,0,2,0,3.0,1,1
0,8.0,136,0,0,0,1,5,1,0,0,0,0,0,1,0,12,0,11.0,1,1
1,2.0,100,78,2,0,1,5,1,0,1,1,1,0,2,0,2,0,1.0,1,1
0,2.0,136,0,0,1,6,0,1,0,0,0,1,0,1,0,12,0,3.0,1,1
1,3.0,100,0,2,1,3,3,1,0,1,1,1,0,10,0,2,0,0.0,1,1
0,2.0,136,107,0,0,0,0,0,0,2,2,2,0,1,0,2,0,5.0,1,1
0,1.0,136,0,1,0,1,0,1,0,0,0,1,0,1,0,2,0,5.0,1,1
1,24.0,98,77,1,1,5,5,0,1,1,1,1,0,5,0,1,0,2.0,0,1
1,1.0,100,0,1,1,6,0,0,0,1,0,1,0,1,0,2,0,1.0,1,1
0,2.0,136,0,1,0,6,0,1,1,1,1,1,0,1,0,12,0,6.0,0,1
1,3.0,122,76,2,5,6,0,0,1,1,1,1,0,3,150,12,0,1.0,0,1
0,12.0,136,107,0,1,6,0,1,1,2,2,2,0,1,0,12,0,3.0,0,1
0,2.0,136,0,1,1,6,0,1,1,0,0,1,0,1,0,12,0,1.0,1,1
0,1.0,136,0,0,1,0,0,1,0,1,1,1,0,1,0,2,0,2.0,1,1
0,9.0,136,107,0,1,3,0,1,1,1,0,0,0,1,0,4,0,1.0,1,1
0,2.0,65,121,1,1,0,0,1,1,0,0,1,0,1,250,12,0,4.0,1,1
1,7.0,100,78,2,2,5,5,1,0,2,2,2,0,2,0,2,0,1.0,1,1
0,2.0,136,0,0,1,6,0,0,0,1,0,1,0,1,0,2,0,1.0,1,1
1,1.0,100,0,0,0,0,0,1,0,1,1,1,0,1,0,2,0,1.0,1,1
0,36.0,136,0,0,6,0,0,1,0,0,0,1,0,1,0,12,0,1.0,1,1
1,9.0,129,0,1,1,0,0,1,0,0,0,0,0,1,0,2,0,1.0,1,1
1,5.0,132,78,1,0,3,3,1,1,1,0,1,0,1,0,2,0,3.0,1,1
1,5.0,100,0,0,3,0,0,1,0,0,0,0,0,1,100,2,0,30.0,1,1
0,18.0,13,107,0,1,4,5,1,0,0,0,1,0,1,0,3,0,4.0,1,1
0,3.0,51,107,1,1,6,0,1,0,0,0,1,0,1,0,2,0,3.0,1,1
1,1.0,100,0,0,0,0,0,1,0,1,1,1,0,1,0,2,0,7.0,1,1
0,1.0,136,107,1,1,0,0,1,1,0,0,1,0,1,0,2,0,1.0,1,1
0,2.0,136,0,0,6,0,0,1,0,0,0,1,0,1,10,2,0,4.0,1,1
1,2.0,100,0,0,0,6,0,0,0,1,0,1,0,1,0,7,0,5.0,1,1
0,9.0,11,107,1,0,1,0,1,0,0,0,0,0,1,0,2,0,2.0,1,1
1,18.0,100,78,1,0,6,0,1,0,0,0,0,0,1,0,2,0,3.0,1,1
1,1.0,100,0,0,2,6,0,0,0,1,1,1,0,1,0,2,0,3.0,1,1
1,36.0,100,78,2,1,3,5,1,0,1,1,1,1,3,0,2,0,5.0,1,1
0,1.0,136,0,2,0,1,0,0,1,0,0,1,0,4,0,12,0,14.0,1,1
0,2.0,136,0,1,1,0,0,0,0,1,1,1,0,1,0,3,0,3.0,1,1
1,1.0,98,0,1,0,5,0,0,2,1,1,1,0,1,0,1,0,2.0,1,1
0,36.0,136,0,1,4,0,0,2,0,0,0,0,0,1,0,2,0,1.0,1,1
1,6.0,117,0,1,1,6,0,1,2,1,0,1,0,1,350,2,0,10.0,1,1
0,9.0,136,0,1,1,0,0,1,0,0,0,0,0,1,0,2,0,9.0,1,1
0,72.0,156,0,1,2,0,0,0,2,0,0,0,0,1,350,12,0,2.0,1,1
0,1.0,136,0,1,4,0,0,1,0,0,0,1,0,1,0,2,0,4.0,1,1
0,15.0,136,0,1,3,6,0,1,0,1,1,0,0,1,0,3,0,1.0,1,1
1,1.0,99,0,0,0,3,5,0,1,1,1,1,0,6,0,2,0,1.0,0,1
1,4.0,100,77,2,0,5,5,1,1,0,0,0,0,2,50,2,0,4.0,1,1
1,3.0,100,0,0,0,2,5,1,0,1,0,1,0,4,0,2,0,15.0,1,1
1,24.0,115,90,1,6,0,0,1,0,0,0,1,1,1,1,2,0,2.0,1,1
0,36.0,21,0,1,0,0,0,2,1,2,2,0,0,1,0,2,0,5.0,1,1
0,6.0,136,0,0,6,0,0,1,1,0,0,0,0,1,0,2,0,4.0,1,1
0,2.0,136,0,1,0,6,0,1,1,1,1,1,0,1,0,12,0,2.0,0,1
1,12.0,100,92,2,0,1,0,1,2,1,1,1,0,4,0,12,0,4.0,1,1
0,27.0,136,107,1,1,6,0,1,1,1,1,1,0,1,0,2,0,3.0,1,1
1,3.0,100,0,1,5,0,0,0,0,0,0,1,0,1,150,2,0,5.0,1,1
0,0.0,136,0,1,0,1,0,0,0,1,1,1,0,1,0,2,0,4.0,1,1
0,1.0,136,107,2,0,1,0,1,1,1,1,1,0,3,0,2,0,6.0,0,1
1,4.0,100,0,0,0,6,0,0,0,1,0,1,0,1,0,3,0,4.0,1,1
1,3.0,100,0,0,5,6,0,0,0,1,1,1,0,1,0,0,0,5.0,1,1
1,0.0,100,0,0,0,5,5,1,0,1,1,1,0,1,0,2,0,3.0,1,1
1,2.0,100,0,0,1,2,0,0,0,1,1,1,0,2,0,2,0,5.0,1,1
0,24.0,136,0,2,0,1,3,1,0,2,2,0,0,3,0,2,0,11.0,1,1
0,60.0,51,0,0,0,1,5,1,0,0,0,0,0,1,250,2,0,6.0,1,1
0,2.0,136,0,2,0,1,5,1,0,1,1,1,0,4,0,1,1,1.0,1,1
0,48.0,28,0,1,0,1,0,0,0,0,0,0,1,1,180,12,0,9.0,1,1
1,24.0,99,77,2,1,3,5,1,1,0,2,2,0,6,0,2,0,5.0,0,1
1,9.0,90,0,0,5,0,0,1,1,2,0,2,0,1,0,2,0,3.0,1,1
1,2.0,78,58,0,0,3,4,1,0,1,1,1,0,1,0,2,0,3.0,1,1
0,6.0,136,0,1,0,0,0,1,0,0,0,0,0,1,0,2,0,15.0,1,1
0,5.0,136,107,0,0,6,0,2,1,0,0,0,0,1,0,2,2,6.0,1,1
0,3.0,136,0,0,0,1,0,2,0,0,0,1,0,1,0,7,0,1.0,1,1
1,12.0,100,0,0,1,0,0,1,0,0,0,0,0,1,0,2,0,11.0,1,1
1,3.0,99,0,2,0,2,3,0,1,1,1,1,0,4,0,2,0,3.0,0,1
1,4.0,80,58,1,1,3,0,0,1,2,2,0,0,1,0,3,0,4.0,1,1
0,6.0,136,4,1,0,0,0,1,1,1,0,0,0,1,100,12,0,3.0,1,1
1,4.0,100,0,0,3,0,0,1,0,0,0,1,0,1,0,2,0,11.0,1,1
1,1.0,100,0,1,5,0,0,0,0,1,0,1,0,1,0,2,0,2.0,1,1
1,4.0,98,0,2,0,2,5,1,2,1,1,1,0,3,0,2,0,5.0,1,1
0,42.0,57,0,0,4,0,0,0,1,0,0,0,0,1,0,2,0,6.0,1,1
0,5.0,65,44,1,0,1,4,1,1,0,0,1,0,1,0,2,0,2.0,1,1
1,10.0,100,0,0,1,2,0,1,0,0,0,0,0,1,0,12,0,1.0,1,1
0,2.0,136,0,1,2,4,5,1,0,0,0,1,1,1,0,7,1,10.0,1,1
0,46.0,38,0,1,4,6,0,0,2,0,0,0,0,1,0,12,0,1.0,1,1
1,1.0,60,47,0,0,2,4,1,0,1,1,1,0,5,0,12,0,5.0,1,1
0,12.0,136,0,1,1,0,0,1,0,0,0,2,0,1,100,7,0,3.0,1,1
1,14.0,99,0,0,0,4,5,2,1,0,0,1,0,1,0,2,0,5.0,1,1
0,1.0,136,0,1,6,0,0,1,1,1,1,1,0,1,0,3,0,4.0,1,1
0,72.0,62,119,0,0,1,0,1,2,2,2,2,0,1,0,12,0,3.0,1,1
0,3.0,136,107,1,0,1,5,1,1,0,0,1,0,4,0,4,0,4.0,1,1
0,24.0,136,0,0,1,6,0,1,1,0,0,0,0,1,50,3,0,5.0,1,1
1,6.0,99,0,0,4,0,0,1,1,1,1,1,0,1,0,2,0,1.0,1,1
1,4.0,115,0,0,5,6,0,1,0,0,0,1,0,1,0,2,1,5.0,1,1
0,10.0,136,0,0,2,0,0,1,1,0,1,0,0,1,0,7,0,1.0,1,1
0,7.0,136,0,1,1,0,0,0,0,1,1,1,0,1,0,2,0,1.0,1,1
1,3.0,99,0,0,2,0,0,0,1,1,1,1,0,1,0,2,0,3.0,0,1
1,2.0,100,63,0,0,1,0,0,1,1,1,1,0,1,0,7,0,2.0,1,1
0,4.0,136,0,1,0,1,0,2,1,0,0,1,0,1,0,2,0,4.0,1,1
1,1.0,122,0,0,2,0,0,0,0,1,1,1,0,1,0,7,0,2.0,1,1
0,2.0,151,126,0,0,1,0,1,1,0,0,1,0,1,100,12,0,1.0,1,1
0,12.0,136,47,0,5,6,0,1,2,0,0,0,0,1,0,2,1,4.0,1,1
1,24.0,100,0,0,0,1,0,1,0,2,0,0,0,1,0,2,0,2.0,1,1
0,12.0,62,107,0,1,4,0,0,1,2,2,2,0,1,0,12,0,1.0,1,1
0,24.0,136,0,0,1,0,0,1,0,0,0,1,0,1,0,12,0,2.0,1,1
0,0.0,136,0,1,0,6,0,1,1,2,2,2,0,5,0,12,0,5.0,0,1
0,3.0,136,0,0,1,4,5,1,1,1,0,1,0,1,0,3,0,0.0,1,1
0,3.0,136,107,0,6,0,0,1,1,0,0,1,0,1,0,2,0,2.0,1,1
1,2.0,100,0,0,5,6,0,0,0,1,1,1,0,1,0,2,0,4.0,1,1
0,3.0,136,0,1,4,0,0,1,1,1,1,1,0,1,0,2,0,10.0,1,1
0,8.0,44,0,1,0,0,0,2,2,0,0,1,0,1,350,2,0,1.0,1,1
1,12.0,100,0,0,5,6,0,1,0,1,0,0,0,1,0,2,0,5.0,1,1
0,2.0,136,107,1,2,0,0,1,1,1,0,1,0,1,0,12,0,5.0,1,1
1,24.0,129,0,1,5,0,0,1,0,0,0,0,0,1,0,2,0,4.0,1,1
0,72.0,136,0,1,3,4,0,1,1,0,0,0,0,1,0,2,0,9.0,1,1
1,23.0,99,0,1,1,0,0,1,1,0,0,1,0,1,0,12,0,2.0,1,1
0,60.0,58,0,1,0,5,0,1,1,2,2,2,0,1,0,2,0,2.0,1,1
0,36.0,44,107,1,0,0,0,2,0,2,2,2,0,1,350,2,0,1.0,1,1
1,2.0,100,0,1,1,4,5,1,0,0,0,1,0,2,100,2,1,12.0,1,1
1,3.0,100,0,2,0,4,5,0,0,1,1,1,0,2,0,12,0,4.0,1,1
0,24.0,136,0,0,1,0,0,2,0,0,0,0,0,1,200,2,0,3.0,1,1
1,9.0,100,0,1,0,0,0,1,1,0,0,0,0,1,0,2,0,1.0,0,1
0,2.0,155,0,1,1,0,0,1,1,0,0,1,0,1,0,2,0,5.0,1,1
1,20.0,99,0,0,5,6,0,1,1,0,0,0,0,1,0,2,0,4.0,1,1
1,12.0,98,0,0,0,0,0,0,2,0,0,0,0,1,0,12,0,3.0,1,1
0,1.0,21,107,1,0,1,0,1,0,0,0,1,0,1,50,2,0,2.0,1,1
0,3.0,136,0,1,6,0,0,1,0,2,2,1,0,1,0,12,0,1.0,1,1
0,3.0,136,0,1,1,0,0,2,0,1,1,1,0,1,0,3,0,3.0,0,1
1,1.0,116,100,1,0,6,0,0,0,1,1,1,0,1,0,12,0,1.0,1,1
0,1.0,136,107,2,4,0,0,1,1,1,1,1,0,2,0,3,0,14.0,1,1
0,2.0,136,0,1,0,1,0,1,0,2,2,1,0,1,0,2,0,1.0,1,1
0,2.0,136,107,2,1,0,0,1,1,1,0,1,0,16,0,2,0,30.0,1,1
1,12.0,98,0,0,5,0,0,1,2,2,2,2,0,1,0,2,0,10.0,1,1
0,2.0,136,0,1,6,0,0,0,1,1,1,1,0,1,0,12,0,2.0,1,1
0,3.0,136,107,1,0,0,0,1,0,1,1,2,0,2,0,12,0,5.0,1,1
0,3.0,21,107,1,6,0,0,1,1,0,0,1,0,1,0,4,0,5.0,1,1
1,3.0,99,0,0,6,0,0,1,1,2,2,2,0,1,0,2,0,1.0,1,1
0,1.0,136,107,1,0,1,5,1,0,1,1,1,0,7,0,7,0,7.0,1,1
0,72.0,57,0,0,0,6,0,0,2,2,2,2,0,1,0,2,0,3.0,1,1
0,24.0,136,50,0,1,6,0,1,1,2,2,0,0,1,300,2,0,3.0,1,1
1,1.0,100,0,2,0,5,5,0,0,1,1,1,0,4,0,12,0,3.0,1,1
0,7.0,136,107,1,0,1,0,0,0,0,0,0,0,1,0,2,3,24.0,1,1
0,4.0,21,107,1,0,6,0,2,1,0,0,1,0,1,200,12,0,5.0,1,1
1,7.0,78,78,0,0,1,1,0,0,1,0,0,0,1,0,7,0,1.0,1,1
0,1.0,136,0,1,0,4,5,0,0,1,1,1,0,5,0,2,0,4.0,1,1
1,6.0,107,0,0,2,0,0,1,1,1,1,1,0,1,0,2,0,2.0,1,1
0,6.0,136,0,0,1,6,0,1,0,0,0,1,0,1,0,2,0,4.0,1,1
0,13.0,38,0,0,2,0,0,0,2,0,0,1,0,1,0,2,0,4.0,1,1
1,12.0,100,0,0,2,0,0,2,0,0,0,1,0,1,0,12,0,3.0,1,1
0,2.0,136,14,1,1,6,0,1,1,1,1,1,0,1,0,12,0,2.0,0,1
0,24.0,65,0,0,6,0,0,1,1,2,2,2,0,1,100,3,0,3.0,1,1
1,2.0,117,77,1,0,2,5,1,1,1,0,1,0,1,150,2,0,6.0,1,1
0,8.0,136,0,1,2,0,0,1,0,0,0,0,0,1,0,2,2,8.0,1,1
0,1.0,136,0,1,0,1,5,1,0,2,2,2,0,1,0,12,0,2.0,1,1
1,36.0,122,0,1,0,6,0,1,0,1,0,1,0,1,0,3,0,1.0,1,1
0,3.0,21,107,1,1,0,0,1,0,0,0,1,0,1,0,2,0,5.0,1,1
1,1.0,99,101,1,0,5,5,1,0,1,0,1,0,1,0,2,0,6.0,1,1
1,1.0,98,0,1,0,1,2,2,2,1,1,2,0,1,0,2,0,4.0,1,1
0,1.0,136,0,1,1,6,0,1,1,1,0,1,0,1,0,2,0,4.0,1,1
1,1.0,100,0,0,0,5,5,1,0,1,1,1,0,2,0,2,0,4.0,1,1
1,2.0,100,0,2,1,2,2,0,1,1,1,1,0,3,0,2,0,1.0,1,1
0,5.0,136,0,1,4,0,0,1,0,0,0,1,0,1,0,2,0,1.0,1,1
0,1.0,136,0,1,0,1,3,1,0,2,2,2,0,2,0,3,0,1.0,1,1
1,8.0,100,0,0,5,0,0,1,0,1,1,1,0,1,50,3,0,6.0,1,1
0,15.0,136,0,1,0,0,0,1,0,0,0,0,0,1,0,12,0,2.0,1,1
0,2.0,136,107,1,1,0,0,1,0,1,1,1,0,1,0,2,0,23.0,1,1
0,2.0,136,0,1,1,6,0,1,0,0,0,1,0,1,0,2,0,8.0,1,1
0,3.0,136,0,1,1,6,0,1,0,2,2,1,0,1,0,2,0,3.0,1,1
1,3.0,100,0,2,6,0,0,1,0,1,0,1,0,2,0,12,0,30.0,1,1
0,3.0,136,0,2,1,2,3,1,0,1,0,1,0,7,15,2,1,14.0,1,1
0,6.0,136,0,1,1,4,0,1,0,0,0,0,0,2,0,12,0,2.0,1,1
1,12.0,98,77,0,0,6,0,2,1,0,0,0,0,1,0,2,0,2.0,1,1
0,2.0,136,107,1,1,0,0,1,0,0,0,1,0,1,30,2,0,4.0,1,1
0,120.0,38,0,1,4,0,0,0,2,0,0,1,0,1,180,2,0,3.0,1,1
1,1.0,99,0,0,0,0,0,1,1,1,1,1,0,1,0,7,0,1.0,1,1
1,36.0,117,0,0,4,0,0,1,2,0,0,0,1,1,0,12,0,1.0,1,1
0,2.0,136,0,2,0,1,0,1,0,1,0,1,0,5,0,2,0,5.0,1,1
0,4.0,62,107,1,0,1,5,1,0,2,0,2,0,4,0,12,0,5.0,1,1
0,72.0,16,0,0,1,6,0,1,0,0,0,0,0,1,250,12,0,1.0,1,1
0,2.0,136,0,0,0,1,0,0,0,1,1,1,0,3,0,2,0,1.0,1,1
1,2.0,100,0,1,1,3,4,1,0,2,2,1,0,1,0,2,0,1.0,1,1
1,1.0,99,0,1,0,3,5,1,2,1,0,1,0,1,0,2,2,10.0,1,1
0,12.0,136,0,1,1,4,5,1,1,2,2,2,1,1,0,5,0,3.0,1,1
1,2.0,99,0,2,3,6,0,0,0,1,1,1,0,3,0,2,0,6.0,1,1
0,2.0,12,107,1,0,0,0,1,0,0,0,0,0,1,0,2,0,7.0,1,1
0,2.0,136,0,1,0,1,0,1,0,1,1,1,0,4,0,12,0,3.0,0,1
1,8.0,99,0,1,0,1,3,1,1,2,2,0,0,1,0,2,0,2.0,1,1
1,4.0,100,0,0,0,3,5,1,1,1,1,1,0,1,0,12,0,5.0,1,1
1,5.0,100,0,0,0,6,0,1,0,1,0,1,0,1,0,12,0,2.0,1,1
0,12.0,136,0,1,0,6,0,1,0,2,2,2,0,1,0,3,0,3.0,1,1
1,12.0,100,0,1,5,6,0,1,0,0,0,0,0,1,0,2,0,15.0,1,1
0,3.0,58,6,2,0,5,5,2,1,0,0,1,0,3,0,2,0,7.0,1,1
0,3.0,136,0,0,1,0,0,1,0,1,1,1,0,1,0,2,0,3.0,0,1
1,2.0,100,0,1,0,6,0,0,0,1,0,1,0,1,0,4,0,5.0,1,1
0,2.0,136,51,0,0,1,5,1,0,1,1,1,0,1,0,2,0,7.0,1,1
1,1.0,100,0,2,0,3,4,1,0,1,1,1,0,4,50,2,1,7.0,1,1
1,12.0,99,0,1,6,0,0,1,1,2,2,2,0,1,0,2,0,4.0,1,1
1,5.0,100,63,2,0,1,5,1,0,1,0,1,0,2,50,12,0,9.0,1,1
0,14.0,136,0,1,0,0,0,1,0,0,0,0,0,1,0,12,1,2.0,1,1
0,2.0,136,107,0,1,0,0,1,1,0,0,1,0,1,0,2,0,4.0,1,1
1,1.0,100,0,0,1,6,0,0,0,1,0,1,0,1,0,2,0,1.0,1,1
0,4.0,136,121,0,0,0,0,1,0,0,0,1,0,1,0,2,0,4.0,1,1
1,7.0,91,104,1,0,3,5,1,0,0,0,1,0,1,0,2,0,7.0,1,1
1,3.0,100,0,1,6,0,0,0,0,1,1,1,0,1,0,12,0,1.0,1,1
1,12.0,122,0,0,5,6,0,1,0,0,0,0,0,1,0,2,0,1.0,0,1
0,9.0,65,107,0,1,2,0,0,1,1,0,1,0,1,0,12,0,5.0,1,1
0,96.0,136,0,0,0,0,0,0,0,0,0,0,0,1,0,3,0,1.0,1,1
1,2.0,78,76,1,4,5,5,1,2,1,0,1,0,1,0,2,0,6.0,1,1
1,2.0,100,0,1,0,4,5,1,0,1,1,1,0,1,0,2,0,2.0,1,1
0,3.0,136,107,0,1,0,0,1,0,0,2,0,0,1,0,2,0,1.0,1,1
0,2.0,136,0,0,1,0,0,1,1,0,0,1,0,1,80,3,0,1.0,1,1
0,5.0,136,107,0,3,0,0,2,0,0,0,0,0,1,50,5,0,2.0,1,1
0,36.0,38,107,1,4,0,0,0,0,0,0,0,0,1,0,12,0,2.0,1,1
0,12.0,136,0,1,1,0,0,1,1,2,2,0,1,1,0,12,0,3.0,1,1
0,1.0,136,0,1,6,0,0,1,1,1,1,2,0,2,0,12,0,11.0,1,1
0,1.0,136,0,1,4,6,0,1,0,1,1,1,0,2,1,2,0,1.0,1,1
0,2.0,136,0,1,1,0,0,1,1,1,0,1,0,1,0,3,0,2.0,1,1
1,27.0,99,77,0,5,6,0,1,1,0,0,0,0,2,0,2,0,5.0,1,1
0,1.0,136,0,0,1,0,0,1,1,1,1,1,0,1,0,3,0,3.0,1,1
1,3.0,100,0,1,5,0,0,0,1,0,0,1,0,1,0,2,0,1.0,1,1
0,9.0,136,107,1,1,0,0,1,0,0,0,0,0,1,0,2,0,3.0,1,1
0,60.0,48,0,0,5,0,0,1,1,0,0,0,0,1,0,12,0,3.0,1,1
0,36.0,136,0,0,0,1,0,1,1,0,0,2,0,1,0,2,0,3.0,1,1
1,3.0,100,0,0,1,4,0,0,0,1,0,1,0,1,0,12,0,3.0,1,1
0,12.0,151,0,1,1,2,3,1,2,0,0,1,0,1,0,2,0,2.0,1,1
1,4.0,98,0,1,0,1,0,1,2,0,0,1,0,1,0,7,0,3.0,1,1
0,24.0,139,0,1,0,1,5,1,1,0,0,2,0,4,0,12,0,5.0,0,1
0,2.0,136,0,1,1,0,0,1,1,2,2,2,0,1,0,0,0,1.0,0,1
1,5.0,100,0,0,0,1,0,1,0,0,0,0,0,1,100,12,0,1.0,1,1
1,12.0,122,77,0,0,6,0,1,1,1,1,1,0,1,250,2,0,3.0,1,1
1,3.0,125,0,1,0,3,5,1,1,1,0,1,0,1,0,2,0,3.0,1,1
1,3.0,107,0,0,0,5,5,0,1,1,1,1,0,1,0,3,0,3.0,0,1
1,2.0,100,0,0,0,6,0,1,0,1,1,1,0,1,0,2,0,2.0,1,1
1,12.0,122,77,1,0,5,5,1,1,0,0,0,0,1,0,2,0,9.0,1,1
0,2.0,136,0,1,0,1,5,1,0,1,1,1,0,1,20,3,0,1.0,1,1
1,1.0,100,0,2,2,3,4,0,0,0,0,1,0,3,0,2,0,5.0,1,1
1,2.0,100,0,2,1,2,0,1,0,1,1,1,0,3,0,2,0,5.0,1,1
0,1.0,136,33,1,0,6,0,1,0,0,0,1,0,1,0,12,0,3.0,0,1
1,4.0,100,0,2,0,1,0,0,0,0,0,1,0,4,0,2,0,4.0,1,1
1,7.0,100,0,0,5,6,0,1,0,1,0,1,0,2,0,2,0,3.0,1,1
1,1.0,100,0,0,0,1,5,0,0,1,0,1,0,4,0,2,0,5.0,0,1
0,2.0,136,0,1,0,6,0,1,0,1,1,1,0,1,0,4,1,1.0,1,1
1,2.0,99,101,2,0,4,5,1,1,1,0,1,0,3,0,2,0,5.0,0,1
1,2.0,122,78,1,1,6,0,0,1,1,1,1,0,1,0,12,0,5.0,1,1
1,1.0,99,78,2,0,0,0,1,1,1,1,1,0,5,50,2,0,1.0,1,1
0,4.0,136,0,2,0,1,3,1,1,1,1,1,0,5,0,12,0,3.0,1,1
0,5.0,136,0,1,1,0,0,1,0,0,0,1,0,1,0,2,0,2.0,1,1
1,12.0,100,0,1,1,4,5,0,0,0,0,0,0,1,0,12,0,1.0,0,1
0,2.0,136,0,1,1,0,0,1,0,0,0,1,0,1,0,2,0,13.0,1,1
0,72.0,21,0,0,4,0,0,2,0,0,0,1,0,1,0,2,0,6.0,1,1
0,4.0,136,107,1,0,0,0,1,0,0,0,1,0,1,100,2,0,2.0,1,1
1,2.0,100,0,1,0,6,0,0,0,1,1,1,0,2,0,2,0,3.0,1,1
0,2.0,136,0,1,0,0,0,1,1,1,1,1,0,1,0,2,0,5.0,1,1
1,3.0,122,0,0,0,6,0,1,0,1,0,0,0,1,0,12,0,9.0,1,1
0,84.0,8,0,0,1,4,0,1,1,0,0,0,1,1,0,2,0,1.0,1,1
0,2.0,136,0,1,1,6,0,2,0,0,0,0,0,1,0,2,0,1.0,1,1
0,3.0,136,26,0,0,1,5,2,0,0,0,1,0,2,0,2,0,12.0,1,1
0,24.0,28,116,1,1,0,0,0,0,2,2,2,0,1,0,2,0,4.0,0,1
1,4.0,100,0,0,4,6,0,1,1,2,0,2,0,1,0,12,0,1.0,1,1
0,3.0,136,0,0,1,0,0,1,0,2,2,1,0,2,0,2,0,1.0,1,1
0,48.0,136,0,1,6,0,0,1,1,0,0,0,0,1,0,7,0,0.0,1,1
1,1.0,99,0,2,0,3,5,1,0,1,1,1,0,5,0,7,0,3.0,0,1
1,2.0,100,78,2,0,6,0,0,0,1,0,1,0,3,0,2,0,5.0,0,1
0,2.0,136,107,1,1,2,2,2,0,1,1,0,0,1,0,12,0,3.0,1,1
0,48.0,136,107,0,0,6,0,2,0,0,0,0,0,1,100,5,0,4.0,1,1
0,2.0,136,0,1,0,6,0,1,0,1,0,1,0,1,5,3,0,1.0,1,1
1,2.0,99,0,0,1,6,0,0,1,1,1,1,0,1,0,2,0,7.0,1,1
1,3.0,129,0,1,0,1,5,0,0,0,0,1,0,1,0,12,0,3.0,1,1
0,9.0,13,50,1,0,2,3,1,1,0,0,0,0,1,200,7,0,14.0,1,1
0,2.0,136,0,0,1,6,0,1,0,0,0,1,0,1,0,2,0,3.0,1,1
1,54.0,100,0,0,2,3,5,1,0,0,0,0,0,1,0,12,0,2.0,1,1
1,3.0,100,0,2,1,3,4,1,0,0,0,2,0,5,1,3,0,4.0,1,1
1,2.0,100,77,0,0,5,0,1,0,1,2,1,0,1,0,2,0,8.0,1,1
1,21.0,129,0,0,3,6,0,1,0,0,0,0,0,1,0,2,0,3.0,1,1
0,2.0,136,0,1,0,1,0,1,0,0,0,1,0,1,80,2,0,9.0,1,1
1,4.0,85,0,0,0,5,5,1,1,0,0,1,0,1,0,2,0,7.0,1,1
1,4.0,122,77,1,0,1,5,1,1,1,0,0,0,1,50,12,0,10.0,1,1
1,84.0,117,0,1,0,0,0,1,2,0,0,0,0,1,250,12,0,3.0,1,1
1,6.0,100,0,0,2,6,0,1,0,0,0,1,0,1,0,12,0,3.0,1,1
0,1.0,136,0,1,6,0,0,1,1,1,1,1,0,1,0,4,0,1.0,1,1
0,2.0,136,0,1,4,6,0,1,0,0,0,0,0,1,0,12,0,1.0,1,1
0,48.0,8,0,1,2,3,3,1,1,2,0,2,0,1,0,2,0,3.0,1,1
1,3.0,100,0,1,0,0,0,0,0,1,1,1,0,1,0,5,0,1.0,1,1
1,3.0,100,0,1,0,3,5,1,0,0,0,1,0,1,0,2,0,1.0,1,1
0,36.0,158,0,1,0,1,0,2,0,0,0,0,0,1,0,2,0,1.0,1,1
1,3.0,99,0,2,0,5,5,1,1,0,0,0,0,3,0,2,0,3.0,1,1
1,2.0,100,0,1,4,6,0,0,0,2,0,2,0,1,0,12,0,1.0,1,1
0,2.0,136,107,0,1,6,0,1,0,1,1,1,0,1,100,2,0,2.0,1,1
0,6.0,136,0,1,1,3,0,1,1,2,0,1,0,1,0,4,0,1.0,1,1
1,1.0,100,0,0,0,1,5,0,0,1,0,1,0,1,0,3,0,1.0,1,1
1,5.0,119,78,0,0,5,5,1,0,1,0,1,0,1,0,12,0,1.0,1,1
1,2.0,100,0,0,0,6,0,0,0,1,1,1,0,1,0,12,0,1.0,1,1
1,2.0,100,0,0,0,1,3,0,0,0,0,1,0,2,0,2,0,2.0,1,1
0,48.0,136,0,0,0,1,0,1,0,1,2,1,0,1,0,3,0,2.0,1,1
1,1.0,99,0,2,0,5,5,1,1,1,1,1,0,3,0,12,0,13.0,1,1
1,12.0,100,77,0,0,6,0,1,1,0,0,1,0,1,0,2,0,2.0,1,1
0,1.0,136,0,1,1,6,0,1,0,2,2,1,0,1,0,2,0,3.0,1,1
1,3.0,99,0,1,5,6,0,1,1,2,0,2,0,2,0,2,0,1.0,1,1
0,3.0,136,9,0,4,6,0,1,1,1,1,1,0,1,0,3,0,4.0,1,1
0,6.0,136,0,1,1,0,0,1,0,1,1,1,1,1,0,12,0,5.0,1,1
1,2.0,100,0,1,1,4,0,0,0,0,0,1,0,1,0,2,0,2.0,1,1
0,6.0,136,107,1,0,1,0,2,0,0,0,1,0,1,50,5,0,3.0,1,1
0,37.0,10,107,0,0,1,5,3,0,0,0,0,0,1,50,2,0,2.0,1,1
0,6.0,136,33,0,1,2,0,1,1,0,0,0,0,1,0,12,0,3.0,1,1
0,1.0,136,0,1,1,0,0,1,1,0,1,1,0,1,0,2,0,2.0,1,1
1,7.0,99,0,1,0,3,5,1,1,0,0,1,0,1,0,2,0,3.0,1,1
1,3.0,100,101,0,0,5,5,1,0,1,1,1,0,1,0,2,0,7.0,1,1
1,5.0,100,0,1,0,4,5,1,0,1,1,0,0,2,0,2,0,5.0,1,1
1,4.0,100,78,0,5,0,0,1,0,1,0,1,0,1,0,2,0,5.0,1,1
1,12.0,115,0,0,0,6,0,2,1,1,1,1,0,1,0,2,0,3.0,1,1
0,2.0,136,0,0,4,6,0,1,0,1,1,1,0,1,0,4,0,1.0,1,1
1,4.0,100,0,1,0,0,0,1,0,1,0,0,0,1,0,12,0,2.0,1,1
1,6.0,98,77,2,0,5,5,1,1,1,1,1,0,3,0,12,0,5.0,0,1
0,12.0,136,119,1,0,1,0,1,1,0,0,0,0,1,0,2,0,3.0,1,1
0,12.0,8,28,0,1,6,0,1,1,0,0,1,0,1,0,12,0,2.0,1,1
1,1.0,100,0,2,0,6,0,1,0,1,1,1,0,4,0,12,0,1.0,0,1
1,3.0,100,0,0,2,6,0,0,0,0,0,1,0,1,0,12,0,5.0,1,1
1,4.0,100,0,0,0,0,0,0,0,1,1,1,0,3,0,2,0,0.0,1,1
0,2.0,136,0,1,0,6,0,1,1,1,1,1,0,2,0,3,0,3.0,1,1
0,24.0,136,0,1,1,6,0,1,1,0,0,0,0,1,0,2,0,5.0,1,1
0,30.0,157,107,0,0,6,0,1,0,0,0,0,0,1,0,2,0,3.0,1,1
0,18.0,156,107,1,1,0,0,0,0,1,1,1,0,1,20,3,0,1.0,1,1
1,4.0,100,0,2,1,3,4,0,0,0,0,1,0,3,100,2,0,3.0,1,1
0,2.0,136,0,0,0,1,0,0,0,0,0,1,0,1,0,2,0,3.0,1,1
1,3.0,129,77,2,5,0,0,1,1,1,1,1,0,3,0,2,0,7.0,1,1
0,1.0,136,0,2,0,6,0,1,0,1,0,1,0,5,0,2,0,3.0,1,1
1,5.0,99,69,1,6,0,0,0,1,0,0,1,0,1,0,12,0,4.0,1,1
1,1.0,100,77,1,0,1,5,0,0,1,1,1,0,4,0,12,0,2.0,1,1
0,1.0,136,0,0,1,0,0,1,1,1,1,1,0,1,0,2,0,4.0,1,1
0,2.0,136,107,0,1,0,0,1,1,0,0,1,0,1,0,2,0,5.0,1,1
0,84.0,48,0,1,5,6,0,0,2,0,0,0,0,1,250,2,0,2.0,1,1
0,3.0,136,0,0,0,0,0,1,0,1,1,1,0,1,0,12,0,1.0,1,1
1,2.0,99,78,1,0,1,0,1,1,1,0,1,0,1,0,2,0,4.0,1,1
0,1.0,136,0,0,1,0,0,1,1,0,0,1,0,1,0,2,0,3.0,1,1
0,2.0,136,0,0,0,4,0,1,0,1,0,1,0,1,0,12,0,2.0,1,1
1,1.0,99,77,2,1,3,4,0,0,1,1,1,0,3,0,12,0,2.0,1,1
0,9.0,52,0,0,2,0,0,1,0,0,0,1,0,1,0,12,0,3.0,1,1
0,60.0,35,0,0,5,0,0,2,0,0,2,0,0,1,0,5,0,2.0,1,1
0,2.0,136,0,1,0,0,0,1,0,1,1,1,0,1,0,2,0,1.0,0,1
0,2.0,136,0,1,5,0,0,1,0,1,1,1,0,1,0,2,0,2.0,1,1
1,2.0,100,0,2,0,6,0,2,0,1,0,1,0,2,0,12,1,2.0,1,1
0,12.0,57,0,1,4,0,0,0,2,0,0,0,0,1,0,2,0,2.0,1,1
1,4.0,100,0,1,0,1,0,1,0,0,0,1,0,1,0,2,1,6.0,1,1
1,2.0,99,0,2,0,5,5,0,1,1,1,1,0,7,0,3,0,3.0,1,1
0,2.0,51,14,2,1,4,5,0,0,1,1,0,0,2,0,4,0,3.0,0,1
0,4.0,136,0,0,0,3,0,1,0,0,0,0,0,1,0,4,0,2.0,1,1
1,1.0,99,77,2,0,2,0,0,1,1,1,1,0,5,0,2,0,4.0,1,1
1,12.0,100,0,1,6,0,0,0,0,2,2,2,0,1,0,12,0,1.0,0,1
0,12.0,136,0,1,0,6,0,0,0,0,0,0,0,1,80,2,0,4.0,1,1
0,62.0,136,0,0,0,2,4,1,1,0,0,0,0,1,0,12,0,3.0,1,1
1,4.0,100,0,1,0,0,0,1,0,1,1,1,0,1,0,2,0,4.0,0,1
1,24.0,100,0,2,1,5,5,1,0,1,1,1,1,2,0,12,0,2.0,1,1
0,2.0,136,0,0,1,0,0,1,0,1,1,1,0,1,0,2,0,1.0,1,1
1,1.0,100,0,1,0,2,5,1,0,1,1,1,0,1,0,2,0,3.0,1,1
0,2.0,136,0,1,4,6,0,1,0,1,2,1,0,1,0,12,0,1.0,0,1
0,1.0,57,107,0,1,4,5,0,1,0,0,1,0,3,100,2,1,9.0,1,1
0,12.0,28,0,1,0,3,0,1,0,0,0,1,0,1,250,12,0,3.0,1,1
0,5.0,62,18,1,1,2,0,0,0,0,0,0,0,1,0,12,0,8.0,1,1
0,2.0,136,0,1,1,0,0,1,1,0,0,1,0,1,0,2,0,1.0,1,1
1,12.0,100,0,0,6,0,0,1,0,0,0,1,0,1,0,12,0,2.0,1,1
0,49.0,57,0,0,1,4,5,0,2,0,0,0,0,1,0,0,0,1.0,1,1
0,6.0,5,0,0,0,0,0,1,0,0,0,1,0,1,0,2,0,1.0,1,1
0,12.0,136,0,1,1,2,5,0,0,2,2,2,0,1,0,4,0,5.0,0,1
1,5.0,100,0,1,0,6,0,0,0,0,0,2,0,1,0,7,0,2.0,1,1
0,7.0,51,0,1,0,1,5,1,0,0,0,0,0,1,350,2,0,10.0,1,1
1,1.0,129,0,2,1,4,5,1,0,1,1,2,0,3,0,2,0,4.0,0,1
1,3.0,100,0,0,5,0,0,0,0,1,1,1,0,2,0,7,0,4.0,1,1
1,6.0,122,0,1,0,1,5,0,0,2,2,2,0,1,50,2,0,24.0,1,1
0,1.0,136,0,1,1,0,0,1,0,1,0,1,0,1,0,12,0,1.0,1,1
0,4.0,136,0,1,1,2,0,1,0,0,0,1,0,2,0,2,0,8.0,1,1
0,1.0,136,107,2,0,1,5,1,1,1,1,1,0,3,0,12,0,1.0,0,1
0,24.0,136,0,0,0,1,2,1,1,0,0,0,0,1,0,4,0,3.0,1,1
0,2.0,136,0,0,0,1,0,1,0,2,2,1,0,1,0,2,0,2.0,1,1
0,1.0,136,0,1,0,1,0,1,0,0,0,1,0,1,0,2,0,5.0,1,1
0,2.0,136,0,1,2,0,0,1,0,0,0,1,0,1,0,2,0,1.0,1,1
1,29.0,117,76,1,2,3,5,1,2,1,0,0,0,1,160,2,2,19.0,1,1
1,5.0,100,97,0,0,1,5,1,1,1,0,1,0,1,0,3,0,5.0,1,1
0,3.0,21,107,1,1,6,0,1,0,2,2,1,0,1,0,2,0,1.0,1,1
0,1.0,136,107,1,0,1,0,1,1,2,1,2,0,1,0,12,0,3.0,1,1
0,2.0,158,107,1,0,1,0,1,1,0,2,1,0,1,0,2,0,4.0,1,1
1,7.0,98,0,0,0,6,0,1,1,0,0,0,0,1,0,2,0,15.0,1,1
0,3.0,136,0,1,1,4,0,1,0,0,0,1,0,1,0,2,0,3.0,1,1
1,10.0,100,0,0,0,6,0,1,0,0,0,0,0,1,0,2,0,3.0,1,1
0,2.0,136,0,1,1,0,0,1,0,0,0,0,0,1,0,2,0,5.0,1,1
1,2.0,100,0,1,0,5,0,1,0,1,1,1,0,2,0,2,0,0.0,1,1
1,2.0,109,76,1,0,6,0,1,2,1,0,1,0,1,0,2,0,6.0,1,1
1,1.0,99,0,2,5,6,0,0,1,1,2,2,0,5,0,12,0,1.0,1,1
0,2.0,136,0,1,0,4,0,1,0,1,1,1,0,1,0,4,1,8.0,1,1
1,8.0,100,0,1,0,3,5,0,0,0,0,2,0,1,0,2,0,2.0,1,1
1,12.0,117,76,1,0,4,5,1,2,0,0,0,0,1,0,2,0,4.0,1,1
0,48.0,136,0,0,4,6,0,1,0,0,0,0,0,1,0,3,0,2.0,1,1
1,2.0,100,0,0,0,1,0,0,0,0,0,2,0,1,0,12,0,1.0,1,1
0,4.0,21,107,1,0,0,0,1,0,2,2,2,0,2,0,3,0,5.0,1,1
1,2.0,100,0,2,0,1,5,1,0,1,1,1,0,2,0,2,0,6.0,1,1
1,8.0,98,0,0,6,0,0,2,2,2,2,0,0,1,100,2,0,5.0,1,1
1,11.0,100,0,1,0,0,0,1,0,0,0,0,0,1,0,2,0,3.0,1,1
1,1.0,100,0,0,0,3,5,0,0,1,2,2,0,5,5,12,0,4.0,0,1
0,48.0,57,0,0,6,0,0,0,1,0,0,0,0,1,0,12,0,2.0,1,1
0,2.0,136,0,0,0,0,0,0,1,2,2,2,0,1,0,2,0,4.0,1,1
0,11.0,136,0,1,1,2,0,2,1,0,0,2,0,1,0,7,0,1.0,1,1
0,1.0,136,0,2,0,1,3,1,0,1,1,1,0,5,0,4,0,5.0,1,1
1,4.0,100,0,1,1,2,3,1,0,1,1,1,0,2,0,2,0,1.0,0,1
0,2.0,136,107,2,0,1,5,1,1,2,2,2,0,5,0,2,0,18.0,1,1
1,12.0,100,0,0,5,0,0,1,0,0,0,0,0,1,0,12,0,5.0,1,1
0,48.0,16,0,0,1,6,0,0,0,0,0,2,0,1,0,2,0,3.0,1,1
1,3.0,78,0,1,5,0,0,1,1,1,1,1,0,1,0,12,0,3.0,0,1
1,5.0,100,92,0,1,2,2,1,2,1,0,1,0,1,80,2,0,7.0,1,1
1,3.0,98,0,0,6,0,0,0,1,1,0,1,0,1,0,12,0,1.0,1,1
0,3.0,136,10,1,1,6,0,1,1,1,0,1,0,1,0,12,0,4.0,1,1
1,6.0,100,0,0,1,0,0,1,0,0,0,1,0,1,0,2,0,4.0,1,1
1,12.0,99,0,1,0,6,0,1,1,2,2,2,0,1,0,2,0,2.0,1,1
1,2.0,100,78,0,1,6,0,0,0,2,2,0,0,1,0,12,0,3.0,1,1
1,7.0,99,0,1,0,3,5,1,1,0,0,1,0,2,50,0,0,2.0,1,1
0,17.0,48,0,1,5,0,0,0,1,2,0,0,0,1,0,2,0,4.0,1,1
0,2.0,138,107,0,0,1,5,1,0,1,0,1,0,1,0,2,0,4.0,1,1
0,84.0,65,51,0,1,4,0,0,1,2,0,1,0,1,0,2,0,5.0,1,1
0,3.0,136,0,0,0,1,5,1,0,0,0,1,0,1,50,2,0,4.0,1,1
0,6.0,57,22,0,1,6,0,1,1,0,1,1,0,1,0,12,0,9.0,1,1
1,4.0,100,0,0,5,6,0,1,1,1,1,1,0,1,0,12,0,1.0,1,1
0,30.0,136,0,1,0,2,5,1,0,0,0,0,0,1,0,2,0,1.0,1,1
1,48.0,98,0,2,0,6,0,2,2,0,0,1,0,3,0,2,0,5.0,1,1
0,1.0,136,0,1,1,6,0,1,0,1,1,1,0,1,0,2,0,1.0,1,1
0,12.0,136,0,0,0,0,0,1,1,2,0,2,0,1,0,12,0,1.0,1,1
0,2.0,136,0,1,4,0,0,1,1,2,2,2,0,1,0,0,0,1.0,0,1
0,2.0,136,0,1,0,1,0,1,0,2,2,1,0,1,0,2,0,3.0,1,1
0,1.0,136,0,0,1,0,0,1,0,1,1,1,0,1,0,5,0,1.0,1,1
1,2.0,100,0,0,0,1,0,0,0,1,1,1,0,1,100,2,0,4.0,1,1
1,2.0,100,0,1,5,6,0,1,0,1,1,1,0,1,100,2,0,5.0,1,1
1,11.0,80,77,1,0,5,5,1,1,2,2,1,0,1,250,12,0,3.0,1,1
0,2.0,136,0,0,0,0,0,1,0,1,0,1,0,1,0,2,0,5.0,1,1
0,84.0,136,37,1,5,0,0,0,0,0,0,0,0,1,0,2,0,1.0,1,1
1,72.0,130,67,0,1,2,2,1,1,2,2,2,0,1,0,12,0,1.0,1,1
0,12.0,38,0,0,4,0,0,0,1,2,2,1,0,1,0,2,0,2.0,1,1
1,24.0,100,0,0,0,1,0,1,0,0,0,0,0,1,100,2,0,7.0,1,1
0,24.0,45,0,1,1,4,0,1,0,2,0,2,0,1,0,2,0,1.0,1,1
1,1.0,100,94,1,5,0,0,1,0,0,0,2,0,4,0,4,0,5.0,1,1
1,1.0,100,0,1,0,1,5,0,0,1,0,1,0,1,20,12,1,3.0,1,1
0,1.0,136,0,2,0,1,0,1,0,1,0,1,0,6,0,12,0,3.0,1,1
0,8.0,136,0,0,2,4,4,0,1,0,0,0,0,1,0,2,0,2.0,1,1
1,3.0,100,0,2,4,5,5,1,0,1,1,1,0,4,0,5,0,4.0,1,1
0,1.0,21,107,1,0,3,5,1,0,1,1,1,0,1,0,1,0,1.0,1,1
1,3.0,100,0,0,0,6,0,1,0,1,1,1,0,1,15,2,0,4.0,1,1
0,1.0,136,107,0,0,1,0,1,1,1,0,1,0,1,0,2,0,1.0,1,1
0,36.0,57,0,1,6,0,0,0,2,0,0,1,0,1,0,2,0,1.0,1,1
1,6.0,100,0,0,1,3,5,0,0,0,0,1,0,1,0,2,0,3.0,1,1
0,2.0,136,0,2,1,2,5,0,0,1,1,1,0,3,0,2,0,7.0,1,1
0,2.0,136,0,2,0,6,0,1,1,1,1,1,0,11,0,2,0,8.0,1,1
0,3.0,136,0,1,6,0,0,1,0,1,1,1,0,1,0,2,0,1.0,1,1
0,60.0,38,0,1,1,0,0,0,1,0,0,0,0,1,200,2,2,7.0,1,1
0,1.0,136,0,1,3,0,0,1,1,1,1,1,0,2,0,12,2,6.0,1,1
1,1.0,100,0,1,0,5,0,0,0,1,1,1,0,1,0,2,1,3.0,1,1
1,4.0,100,0,0,2,0,0,0,0,1,0,1,0,1,0,2,0,3.0,1,1
1,14.0,122,92,2,0,2,4,0,0,2,0,0,0,5,100,2,0,4.0,1,1
0,1.0,136,0,0,1,4,0,1,0,1,0,1,0,1,0,12,0,5.0,1,1
0,12.0,136,0,1,1,0,0,1,0,0,0,0,0,1,0,12,0,14.0,1,1
0,1.0,136,0,1,6,0,0,0,0,1,1,1,0,1,0,2,0,1.0,0,1
1,3.0,100,0,0,2,0,0,1,0,1,0,1,0,1,0,2,0,1.0,1,1
0,2.0,136,0,1,1,0,0,1,0,0,0,2,0,1,0,2,0,4.0,1,1
0,1.0,136,0,1,1,0,0,1,0,2,2,1,0,1,0,2,0,1.0,1,1
1,3.0,84,0,0,1,6,0,1,1,1,1,1,0,1,0,12,0,3.0,1,1
0,1.0,136,0,0,1,6,0,1,1,1,1,1,0,1,0,12,0,12.0,1,1
0,3.0,136,0,1,1,0,0,1,1,1,1,1,0,1,0,2,0,8.0,1,1
0,1.0,136,0,0,0,1,0,1,1,2,2,1,0,1,0,2,0,3.0,1,1
1,60.0,98,0,0,0,1,5,2,2,0,0,0,0,1,0,2,0,3.0,1,1
1,3.0,84,60,0,0,1,1,1,0,1,1,1,0,1,0,2,0,3.0,1,1
1,6.0,80,0,0,3,6,0,0,0,1,1,1,0,1,0,12,0,3.0,1,1
1,7.0,129,0,0,0,0,0,1,1,2,2,1,1,1,0,2,0,7.0,1,1
1,1.0,91,0,1,0,2,5,0,1,1,0,1,0,1,20,2,0,2.0,1,1
0,1.0,136,0,2,0,1,2,1,0,0,0,0,0,3,0,2,0,4.0,1,1
1,12.0,132,0,1,0,1,2,1,0,1,1,1,0,1,0,2,0,1.0,1,1
1,4.0,109,0,0,3,4,5,2,2,0,0,1,0,1,0,2,0,7.0,1,1
1,4.0,100,0,0,2,0,0,0,0,1,1,1,0,1,0,2,0,3.0,0,1
0,84.0,136,0,1,1,0,0,1,0,0,0,0,0,1,0,12,0,16.0,1,1
0,84.0,142,0,1,6,0,0,1,0,2,2,2,0,1,0,12,0,1.0,1,1
1,3.0,100,0,1,3,0,0,0,0,1,1,1,0,1,0,12,0,7.0,1,1
1,3.0,100,77,1,1,2,5,1,0,1,1,1,0,1,0,2,0,4.0,1,1
1,2.0,99,78,2,1,2,3,0,1,1,1,1,0,2,0,2,0,2.0,1,1
1,2.0,100,0,2,0,1,5,0,0,0,0,1,0,2,0,2,0,2.0,1,1
0,4.0,136,0,1,0,1,0,1,0,0,0,1,0,1,150,12,0,8.0,1,1
0,2.0,62,107,1,2,4,0,1,1,1,1,1,0,1,0,2,0,7.0,1,1
1,1.0,100,0,2,0,3,5,0,0,1,1,1,0,4,0,2,0,5.0,1,1
1,1.0,100,0,0,4,6,0,0,0,1,1,1,0,1,0,2,0,1.0,1,1
0,2.0,136,107,2,1,2,0,1,0,1,0,1,0,2,0,2,0,9.0,1,1
0,12.0,28,0,1,1,0,0,0,0,0,0,1,0,1,250,2,0,1.0,1,1
1,3.0,129,77,1,0,1,4,0,1,1,0,1,0,1,0,12,0,1.0,1,1
1,1.0,98,78,0,0,6,0,0,1,1,1,1,0,1,30,7,0,4.0,1,1
1,2.0,100,0,1,3,6,0,1,0,0,0,0,0,4,100,7,0,4.0,1,1
0,48.0,151,0,1,2,4,0,1,2,2,2,2,1,1,0,12,0,1.0,0,1
1,2.0,99,78,2,4,5,5,2,1,1,0,2,0,5,30,2,0,5.0,1,1
1,3.0,100,0,0,1,4,5,0,0,1,1,1,1,1,0,2,0,4.0,1,1
0,2.0,136,0,1,1,2,0,1,1,0,0,1,0,1,100,2,0,1.0,1,1
0,3.0,136,0,1,0,1,5,1,1,1,1,1,0,1,0,1,0,2.0,1,1
1,16.0,100,0,1,5,6,0,1,0,0,0,0,0,1,50,2,0,10.0,1,1
0,2.0,62,107,2,0,2,5,1,2,0,0,1,0,7,0,2,0,21.0,1,1
0,12.0,136,0,0,0,0,0,1,0,1,1,1,0,1,0,2,0,1.0,1,1
0,12.0,136,0,1,1,0,0,0,1,0,0,1,0,1,80,2,0,4.0,1,1
0,24.0,136,0,0,1,0,0,1,0,0,0,0,0,1,0,2,0,5.0,1,1
1,4.0,99,0,0,5,0,0,1,1,1,1,1,0,1,0,2,0,5.0,1,1
1,2.0,100,0,0,0,6,0,1,1,1,0,1,0,1,0,2,0,5.0,1,1
0,2.0,136,107,0,1,0,0,1,0,0,1,1,0,2,0,2,0,0.0,1,1
1,11.0,100,0,0,2,3,0,1,0,1,1,1,0,3,50,2,0,4.0,1,1
1,0.0,99,78,1,2,0,0,0,1,1,1,1,0,1,0,2,0,3.0,1,1
1,2.0,99,77,2,3,0,0,0,1,1,1,1,0,3,0,12,0,3.0,1,1
0,6.0,35,0,1,0,6,0,1,0,0,0,1,0,1,0,2,0,3.0,1,1
1,1.0,100,0,2,0,1,0,0,0,1,0,1,0,2,0,12,0,3.0,1,1
0,36.0,136,0,1,5,0,0,1,0,0,0,0,0,1,50,2,0,5.0,1,1
0,1.0,136,0,1,1,0,0,1,0,1,1,1,0,1,0,3,0,1.0,1,1
0,1.0,136,0,1,0,0,0,1,0,1,0,1,0,1,0,12,0,6.0,1,1
0,2.0,136,107,0,0,1,5,2,1,1,0,1,1,1,0,2,0,1.0,1,1
1,2.0,100,0,1,2,3,5,1,1,0,0,1,0,1,0,2,0,1.0,1,1
0,60.0,142,0,0,1,0,0,1,0,2,2,2,0,1,0,2,0,1.0,1,1
0,1.0,136,107,2,0,1,5,1,0,1,1,1,0,5,0,2,0,11.0,1,1
1,2.0,100,0,2,0,2,5,1,1,0,0,1,0,2,0,2,0,3.0,1,1
1,3.0,100,0,2,0,5,5,1,0,1,1,1,0,7,0,2,0,14.0,1,1
0,2.0,136,0,1,0,1,3,1,0,0,0,1,0,3,0,2,0,7.0,1,1
0,3.0,158,119,0,0,2,0,2,1,2,2,1,0,1,0,2,0,2.0,1,1
1,6.0,99,0,1,0,3,5,0,0,0,0,1,0,3,0,2,0,3.0,1,1
0,1.0,136,0,1,0,1,0,1,1,1,1,1,0,1,20,3,0,1.0,1,1
0,2.0,136,107,1,0,6,0,1,1,1,0,1,1,1,0,2,0,5.0,1,1
1,4.0,100,0,2,0,4,5,0,0,1,1,1,0,5,0,2,0,5.0,1,1
0,2.0,16,107,1,1,6,0,1,0,0,0,1,0,1,0,2,1,9.0,1,1
1,2.0,89,78,1,0,0,0,0,1,1,1,1,0,1,0,2,0,2.0,1,1
1,30.0,100,0,2,0,5,5,1,1,0,0,0,0,2,2,2,0,1.0,1,1
0,10.0,136,0,0,0,0,0,1,0,0,0,0,0,1,0,12,0,6.0,1,1
0,60.0,147,0,1,1,6,0,0,1,0,0,1,0,1,100,2,0,2.0,1,1
0,2.0,94,107,0,0,1,0,2,0,0,0,1,0,1,0,2,0,5.0,1,1
0,12.0,136,51,1,1,6,0,1,1,0,0,0,0,1,0,2,0,2.0,1,1
0,1.0,136,0,1,0,1,0,1,1,1,1,1,0,1,0,3,0,1.0,1,1
0,1.0,136,0,0,0,0,0,1,1,1,0,1,0,1,0,4,0,2.0,1,1
1,2.0,122,0,0,1,4,0,1,1,1,0,1,0,1,0,2,0,11.0,1,1
1,3.0,100,0,1,0,0,0,1,0,1,1,1,0,1,0,2,0,11.0,1,1
1,72.0,100,0,1,0,6,0,1,1,0,0,0,0,1,250,7,0,10.0,1,1
1,2.0,98,77,2,5,6,0,1,2,2,2,2,0,2,0,3,0,2.0,1,1
0,1.0,136,0,1,0,6,0,1,0,0,0,2,0,2,0,4,0,5.0,1,1
1,4.0,100,0,2,0,1,5,0,0,1,1,1,0,3,0,2,0,3.0,1,1
1,5.0,100,0,1,6,0,0,1,0,1,0,1,0,1,0,12,0,3.0,1,1
0,2.0,136,0,0,1,6,0,1,0,0,0,1,0,1,0,2,0,7.0,1,1
1,6.0,100,0,1,1,0,0,1,0,0,0,1,0,1,0,0,0,2.0,1,1
1,4.0,99,0,0,1,6,0,1,1,1,0,2,0,1,0,12,0,14.0,1,1
0,2.0,136,0,0,0,1,5,1,0,0,0,1,0,1,0,2,0,1.0,1,1
1,1.0,99,0,0,0,6,0,1,1,1,1,1,0,1,0,2,0,1.0,1,1
0,1.0,136,0,1,6,0,0,1,0,1,1,1,0,1,0,7,0,4.0,1,1
1,4.0,100,0,1,0,3,5,0,0,1,1,1,0,1,0,2,0,5.0,1,1
0,9.0,136,0,0,1,6,0,1,0,1,0,1,0,1,0,2,0,2.0,1,1
0,1.0,136,0,1,1,0,0,1,0,1,0,1,0,1,0,2,0,1.0,1,1
1,2.0,99,101,0,0,6,0,1,1,1,1,2,0,1,0,2,0,2.0,0,1
0,72.0,136,0,0,4,0,0,1,1,0,0,0,0,1,0,2,0,5.0,1,1
0,2.0,35,107,2,0,1,5,1,0,1,1,1,0,3,0,12,0,3.0,1,1
0,1.0,136,51,1,0,1,3,1,0,1,0,1,0,1,0,2,0,2.0,1,1
1,1.0,100,0,2,0,1,5,0,0,1,1,1,0,3,0,2,0,1.0,1,1
0,2.0,136,0,1,1,0,0,0,0,0,2,1,0,1,0,3,0,3.0,1,1
0,24.0,62,107,0,1,6,0,1,1,0,0,1,0,1,0,2,0,5.0,1,1
1,5.0,100,93,1,2,4,0,1,0,1,0,1,0,1,0,12,0,4.0,1,1
1,3.0,99,0,0,0,0,0,0,1,0,0,1,0,1,0,2,0,2.0,1,1
1,2.0,100,80,0,0,5,0,0,1,1,0,1,0,1,0,2,0,5.0,1,1
1,6.0,100,0,1,0,1,5,1,1,0,0,0,0,1,0,7,0,7.0,1,1
1,4.0,100,0,2,0,4,0,1,0,1,1,1,0,2,300,2,1,5.0,1,1
1,24.0,98,0,1,0,6,0,1,2,0,0,1,0,1,0,12,0,3.0,1,1
1,0.0,100,0,0,0,6,0,1,0,1,0,1,0,1,0,12,0,5.0,1,1
0,15.0,136,0,1,1,0,0,1,1,0,0,0,0,1,0,2,0,2.0,1,1
1,3.0,100,0,1,0,6,0,1,0,1,0,0,0,1,0,2,0,5.0,1,1
1,36.0,122,0,0,1,6,0,1,0,1,0,1,0,1,0,2,0,1.0,1,1
0,8.0,136,0,1,0,1,0,1,2,1,0,0,0,1,0,2,0,4.0,1,1
0,1.0,136,0,0,0,1,0,1,1,1,1,2,0,8,0,2,0,2.0,1,1
1,3.0,100,0,0,5,6,0,0,0,0,0,0,0,1,50,2,0,8.0,1,1
0,1.0,136,107,1,1,0,0,1,0,1,1,1,0,1,60,2,0,2.0,1,1
0,1.0,136,0,1,1,4,5,1,1,0,1,1,0,1,0,3,0,5.0,1,1
0,2.0,136,0,1,1,6,0,2,0,1,0,1,0,1,150,2,0,3.0,1,1
1,4.0,100,0,0,3,6,0,1,0,1,0,1,0,1,0,2,0,6.0,1,1
0,2.0,51,107,1,1,0,0,1,0,2,2,1,0,1,0,2,0,3.0,1,1
0,2.0,21,107,1,0,6,0,2,0,1,1,1,0,1,0,1,0,16.0,1,1
0,0.0,136,107,0,0,6,0,1,0,1,1,1,0,1,0,2,0,3.0,1,1
1,7.0,117,80,1,2,3,5,0,2,0,0,1,1,1,0,2,0,5.0,1,1
1,24.0,129,0,1,1,0,0,1,0,2,2,0,0,1,0,7,0,1.0,1,1
1,6.0,100,0,1,0,5,5,0,0,2,0,0,0,1,0,12,0,2.0,1,1
1,46.0,100,0,1,1,2,3,2,0,1,1,1,0,1,0,2,0,5.0,1,1
0,2.0,136,0,0,0,1,1,1,1,1,1,1,0,2,0,3,0,18.0,1,1
1,5.0,129,0,1,0,5,5,0,2,0,0,2,0,1,0,2,0,4.0,1,1
0,6.0,136,0,0,1,0,0,1,1,0,1,1,1,1,0,3,0,1.0,1,1
0,1.0,136,107,2,0,1,3,1,1,1,1,1,1,6,0,12,0,9.0,1,1
0,3.0,136,0,0,1,6,0,1,1,0,0,1,0,1,0,2,0,4.0,1,1
1,5.0,100,0,1,4,0,0,1,0,0,0,0,0,1,0,2,0,3.0,1,1
1,6.0,100,0,0,2,0,0,0,0,1,0,0,0,1,0,2,1,0.0,1,1
1,2.0,100,0,1,0,0,0,0,0,0,0,1,0,1,0,12,0,5.0,1,1
1,24.0,100,0,0,1,0,0,1,0,1,0,0,0,1,0,0,0,4.0,1,1
0,2.0,136,0,0,1,0,0,1,1,1,0,1,0,1,0,12,0,5.0,1,1
0,24.0,136,0,1,0,1,3,1,0,0,0,0,0,1,50,3,0,4.0,1,1
1,7.0,122,0,1,1,6,0,1,0,0,0,0,0,1,0,2,0,2.0,1,1
0,4.0,58,4,0,0,6,0,2,1,0,0,1,0,1,350,2,0,3.0,1,1
1,4.0,100,0,1,0,3,5,1,0,1,0,1,0,1,30,2,0,1.0,1,1
1,3.0,91,78,2,0,2,5,0,0,1,0,1,0,4,0,2,0,4.0,0,1
1,1.0,100,0,1,5,0,0,0,1,1,1,2,1,1,0,2,0,1.0,1,1
1,2.0,98,77,0,3,4,5,0,1,1,1,1,0,2,0,10,0,2.0,1,1
1,1.0,100,0,2,0,1,5,0,0,1,1,1,0,2,0,3,0,2.0,0,1
1,2.0,135,58,2,0,5,5,0,0,2,2,2,0,3,0,5,0,5.0,1,1
1,54.0,99,0,0,0,5,5,1,1,0,0,0,0,1,0,2,0,5.0,1,1
0,4.0,28,50,1,4,0,0,0,1,0,0,0,0,1,200,12,0,7.0,1,1
1,3.0,100,0,0,0,6,0,1,0,1,0,1,0,1,0,2,0,5.0,1,1
0,108.0,57,0,1,1,6,0,0,1,2,0,2,1,1,0,2,0,2.0,1,1
1,4.0,119,92,1,0,6,0,0,2,1,1,2,0,1,250,2,0,3.0,1,1
0,3.0,136,107,0,0,5,5,1,1,0,0,1,0,1,0,2,0,2.0,1,1
1,4.0,125,0,2,4,6,0,1,0,1,1,1,0,4,0,12,0,7.0,1,1
0,1.0,136,0,2,0,1,5,1,1,1,1,1,0,7,0,2,0,1.0,1,1
0,8.0,136,107,0,0,1,5,1,0,0,0,0,0,2,50,2,0,5.0,1,1
0,17.0,57,0,0,1,4,5,0,2,1,1,1,0,1,0,2,0,4.0,1,1
0,10.0,62,27,0,2,4,0,1,2,0,0,1,0,1,0,2,0,9.0,1,1
1,3.0,99,0,1,1,2,0,1,1,1,1,1,0,1,0,12,0,1.0,1,1
0,60.0,151,0,1,4,0,0,1,2,0,0,1,1,1,0,12,0,4.0,1,1
0,4.0,136,0,0,0,1,0,1,0,0,0,2,0,1,0,12,0,3.0,1,1
1,2.0,100,0,2,2,6,0,1,0,1,0,1,0,2,0,12,0,12.0,1,1
0,5.0,16,107,0,6,0,0,1,0,0,0,0,0,1,0,12,0,6.0,1,1
1,0.0,100,0,0,2,3,5,0,0,1,1,1,0,1,20,2,1,5.0,1,1
1,6.0,100,0,0,0,6,0,1,0,1,1,1,0,1,0,2,0,3.0,1,1
1,1.0,80,0,1,0,1,3,1,0,1,1,1,0,1,0,12,0,7.0,1,1
0,24.0,136,0,1,4,0,0,1,2,2,2,2,0,1,0,7,0,1.0,1,1
0,2.0,136,0,0,1,6,0,0,0,2,2,2,0,1,0,2,0,1.0,1,1
1,3.0,100,0,1,0,5,5,1,1,1,0,1,0,1,0,2,0,2.0,1,1
0,48.0,136,0,0,0,0,0,1,1,2,2,1,0,1,0,6,0,4.0,1,1
0,27.0,136,0,1,1,6,0,1,0,0,0,0,0,1,0,12,0,6.0,1,1
0,2.0,136,107,1,4,0,0,1,0,0,0,1,0,1,0,3,0,6.0,1,1
1,3.0,99,63,2,0,6,0,1,1,1,0,1,0,2,0,12,0,6.0,1,1
0,2.0,136,0,1,0,1,0,1,0,1,1,1,0,1,0,2,0,2.0,1,1
0,12.0,136,0,0,2,3,0,1,1,2,2,2,0,1,1,2,0,1.0,1,1
1,2.0,100,0,1,0,6,0,1,1,1,0,1,0,1,0,7,0,3.0,1,1
0,2.0,136,0,1,1,4,5,1,1,0,0,1,0,1,100,2,0,1.0,1,1
0,2.0,136,0,1,1,0,0,1,0,0,0,1,0,1,0,12,0,4.0,1,1
0,2.0,136,0,1,0,1,0,1,1,1,1,1,0,1,0,4,0,2.0,1,1
1,12.0,100,0,2,0,3,5,1,0,1,1,1,0,10,0,12,0,4.0,1,1
0,2.0,136,107,1,0,0,0,1,1,0,0,0,0,2,0,2,0,5.0,1,1
0,2.0,21,50,2,0,1,3,1,1,1,1,1,0,6,0,2,0,1.0,1,1
0,2.0,136,0,1,1,6,0,1,1,0,1,1,0,1,0,3,0,1.0,1,1
1,3.0,98,0,0,0,6,0,2,2,1,0,1,0,1,50,2,0,4.0,1,1
0,1.0,65,107,0,1,0,0,1,0,1,0,1,0,1,0,2,0,2.0,1,1
1,7.0,100,0,2,1,4,5,1,0,1,1,1,0,2,0,12,0,6.0,1,1
1,2.0,100,0,1,0,5,0,1,0,0,0,1,0,1,0,2,0,11.0,1,1
0,4.0,136,0,1,1,0,0,2,1,2,2,1,0,1,0,2,0,1.0,1,1
1,2.0,110,0,1,0,6,0,1,0,1,0,1,0,1,0,3,0,7.0,1,1
1,3.0,99,0,1,4,5,5,1,1,0,1,1,0,1,0,2,0,3.0,1,1
1,1.0,100,0,0,0,5,5,1,0,1,1,1,0,1,0,5,0,2.0,1,1
0,3.0,136,0,0,3,4,0,1,0,0,0,1,0,1,100,3,0,1.0,1,1
1,1.0,100,0,0,0,4,5,0,0,1,1,1,0,1,0,12,0,1.0,1,1
0,36.0,136,0,0,1,0,0,1,1,2,2,0,1,1,0,3,1,1.0,1,1
1,3.0,100,0,1,1,2,5,1,0,1,0,1,0,1,0,2,0,6.0,1,1
0,12.0,44,107,0,0,1,0,1,1,0,1,0,1,1,0,2,2,10.0,1,1
0,1.0,136,0,1,1,0,0,1,0,1,0,1,0,1,0,2,0,19.0,1,1
0,4.0,136,0,1,0,1,3,1,1,0,0,1,0,1,0,2,0,6.0,1,1
1,1.0,100,0,0,0,1,5,2,1,1,0,2,0,1,0,2,0,2.0,1,1
0,12.0,136,0,1,1,0,0,0,0,0,0,1,0,1,0,2,0,0.0,1,1
1,5.0,100,0,0,0,0,0,1,0,2,2,1,0,1,0,2,0,1.0,1,1
0,3.0,136,0,0,0,1,0,1,0,0,0,1,0,1,0,12,0,2.0,1,1
1,12.0,129,0,1,1,2,0,1,0,0,0,0,0,1,0,12,0,3.0,1,1
0,120.0,51,37,0,1,0,0,1,0,0,0,1,0,2,0,2,0,1.0,0,1
1,6.0,100,0,0,6,0,0,1,0,0,0,1,0,1,0,2,0,1.0,1,1
0,2.0,136,0,0,1,6,0,1,0,1,1,1,0,1,0,2,0,1.0,1,1
0,1.0,136,0,1,1,4,0,1,0,1,0,1,0,1,0,2,0,3.0,1,1
1,2.0,99,0,1,0,5,0,1,1,1,1,1,0,1,50,2,0,6.0,1,1
1,3.0,100,0,1,1,6,0,0,0,1,0,1,0,1,0,2,0,2.0,1,1
1,1.0,100,0,1,3,6,0,0,0,1,1,1,1,1,1,2,0,16.0,1,1
0,2.0,136,107,1,0,1,5,2,0,2,2,2,0,3,0,2,0,1.0,1,1
1,5.0,100,0,1,0,5,5,1,1,0,0,2,0,1,0,2,0,5.0,1,1
1,3.0,99,76,2,0,1,5,2,1,0,0,1,0,6,0,3,0,4.0,1,1
1,6.0,129,0,2,5,6,0,0,0,1,0,1,0,2,0,7,0,1.0,1,1
0,2.0,136,0,1,4,6,0,1,0,1,1,1,0,1,20,3,0,1.0,1,1
0,1.0,136,0,0,0,1,5,1,1,1,1,1,0,1,0,2,0,4.0,1,1
1,5.0,100,78,0,0,1,3,0,0,1,1,1,0,2,50,12,0,4.0,1,1
0,36.0,13,0,2,0,5,5,2,1,0,0,1,0,2,0,12,0,1.0,1,1
0,2.0,136,0,2,0,1,5,1,0,2,2,1,0,6,0,2,0,5.0,0,1
1,7.0,92,0,1,5,0,0,1,0,2,2,2,0,1,0,5,0,2.0,1,1
0,72.0,5,50,0,1,2,2,1,2,0,0,0,0,1,0,2,0,5.0,1,1
0,2.0,136,0,0,0,6,0,2,0,1,0,2,0,1,0,12,0,1.0,1,1
0,42.0,39,107,0,1,0,0,1,1,1,1,0,1,1,0,2,0,1.0,1,1
0,1.0,136,107,2,0,1,5,1,0,1,1,1,0,5,0,0,0,10.0,1,1
0,12.0,136,50,0,3,6,0,1,1,0,0,1,0,1,0,2,0,0.0,1,1
1,8.0,122,78,0,1,4,0,1,0,0,0,1,0,1,50,2,0,8.0,1,1
0,3.0,136,0,0,2,0,0,1,1,0,0,2,0,1,0,0,0,1.0,1,1
0,2.0,136,0,0,0,1,0,1,0,2,2,1,0,1,0,2,0,1.0,1,1
0,2.0,136,0,1,0,1,5,0,0,1,1,1,0,2,0,2,0,5.0,1,1
1,4.0,100,0,1,0,2,5,0,0,1,1,1,0,1,0,12,0,5.0,1,1
0,3.0,136,107,0,0,0,0,1,0,1,1,1,0,1,0,12,0,2.0,1,1
0,4.0,57,28,1,0,6,0,0,1,0,0,1,0,1,200,12,0,4.0,1,1
0,7.0,16,107,1,1,4,0,1,0,0,0,0,0,1,0,12,0,9.0,1,1
1,3.0,100,0,0,4,6,0,0,0,0,0,1,0,1,0,12,0,1.0,0,1
1,2.0,115,90,2,0,5,5,0,1,2,2,2,0,4,0,2,0,4.0,1,1
1,29.0,98,0,1,1,4,5,1,2,1,1,1,0,1,0,2,0,7.0,1,1
0,3.0,136,0,0,1,6,0,1,0,0,0,2,1,1,0,2,0,2.0,1,1
1,4.0,98,0,0,0,0,0,1,2,1,1,1,0,1,150,2,1,2.0,1,1
0,144.0,157,0,0,0,5,5,2,0,0,0,1,1,1,0,2,0,0.0,1,1
1,4.0,129,0,1,0,1,0,1,0,2,2,0,0,5,0,7,0,1.0,1,1
0,3.0,136,10,2,0,1,5,1,0,0,0,1,0,2,200,2,0,2.0,1,1
0,1.0,136,0,1,0,1,0,1,0,1,0,1,0,1,0,2,0,8.0,1,1
0,12.0,136,0,1,1,0,0,1,0,0,0,1,0,1,0,2,0,3.0,1,1
1,2.0,100,0,0,2,0,0,1,0,1,0,1,0,2,0,2,0,2.0,1,1
0,4.0,136,0,0,1,4,0,1,0,0,0,0,0,1,200,12,0,1.0,1,1
0,1.0,136,0,0,6,0,0,1,1,1,1,2,0,8,0,2,0,2.0,1,1
1,1.0,99,0,1,0,1,5,1,1,2,2,2,0,1,0,12,0,4.0,1,1
1,2.0,100,0,0,0,0,0,0,0,1,0,1,0,1,0,8,0,3.0,1,1
0,3.0,136,107,0,1,6,0,1,1,1,0,1,0,1,0,2,0,5.0,1,1
1,1.0,100,0,2,0,6,0,1,1,1,1,1,0,2,0,2,0,4.0,0,1
0,12.0,21,4,2,0,4,0,1,1,0,2,0,0,2,0,3,0,6.0,1,1
1,2.0,99,0,1,0,0,0,1,1,1,1,1,0,1,0,2,0,1.0,1,1
1,2.0,100,0,2,0,2,5,1,0,1,0,1,0,2,0,2,0,7.0,0,1
0,2.0,136,0,2,0,1,5,1,0,1,1,1,0,5,30,12,0,5.0,1,1
1,3.0,122,0,0,0,1,0,0,1,1,1,1,0,1,300,2,0,9.0,1,1
1,2.0,100,0,1,0,1,2,0,0,1,1,1,0,1,0,2,0,13.0,1,1
0,12.0,136,123,1,0,1,0,1,0,1,1,0,0,1,0,2,0,1.0,1,1
1,2.0,98,0,0,0,0,0,0,1,1,0,1,0,1,80,12,0,1.0,1,1
0,12.0,136,0,0,2,0,0,1,1,2,2,2,1,1,0,12,0,1.0,1,1
0,36.0,62,51,1,6,0,0,1,1,0,0,0,0,1,0,12,0,2.0,1,1
0,1.0,136,0,1,0,1,0,1,1,1,0,1,0,1,0,12,0,3.0,1,1
1,2.0,100,78,2,0,3,5,1,1,1,1,1,0,2,0,3,0,3.0,1,1
0,2.0,136,14,0,3,4,5,1,0,2,2,2,0,4,0,12,0,1.0,1,1
1,2.0,100,78,1,0,1,2,1,1,1,1,1,0,2,0,12,0,2.0,1,1
0,2.0,136,107,1,1,0,0,2,0,1,1,1,0,1,0,12,0,5.0,1,1
0,2.0,136,0,2,0,1,3,1,1,2,2,1,0,9,0,12,0,5.0,1,1
0,12.0,38,0,0,4,6,0,1,0,2,2,2,0,1,0,2,0,3.0,1,1
1,16.0,100,0,0,2,3,0,2,0,0,0,0,0,1,0,2,0,4.0,1,1
1,1.0,100,0,0,0,5,0,1,0,1,1,1,0,1,0,2,0,2.0,1,1
1,5.0,100,0,1,0,0,0,0,0,1,0,1,0,1,0,2,0,2.0,1,1
1,1.0,129,0,2,0,3,0,0,0,1,1,1,0,2,0,7,0,7.0,1,1
0,1.0,136,114,2,1,5,5,0,0,1,1,1,0,8,0,12,0,5.0,0,1
0,72.0,57,16,1,0,6,0,0,2,0,0,0,0,1,0,2,0,9.0,1,1
1,6.0,115,0,0,0,6,0,1,0,0,0,0,0,1,0,2,0,6.0,1,1
1,3.0,100,0,1,0,6,0,0,0,0,0,1,0,1,0,12,0,3.0,1,1
0,48.0,136,0,1,6,0,0,1,0,0,0,1,0,1,0,2,0,2.0,1,1
0,5.0,136,0,1,4,6,0,1,1,1,1,1,0,1,0,2,0,3.0,0,1
0,2.0,136,0,1,1,0,0,1,1,0,0,0,0,1,0,3,0,1.0,1,1
0,60.0,5,107,1,0,0,0,1,2,0,0,0,0,1,0,7,0,3.0,1,1
1,2.0,100,0,1,1,4,5,1,0,1,0,1,0,1,0,2,0,4.0,1,1
1,2.0,100,0,0,2,4,0,1,0,0,0,1,0,3,0,2,0,5.0,1,1
1,3.0,110,0,2,0,1,5,1,0,1,1,1,0,4,0,2,0,4.0,0,1
1,2.0,100,0,0,1,4,5,1,0,1,1,1,0,1,0,2,0,2.0,1,1
0,2.0,41,0,1,6,0,0,1,1,0,1,0,0,1,0,12,0,6.0,1,1
0,26.0,28,0,1,1,0,0,0,1,0,0,1,0,1,100,12,0,2.0,1,1
0,10.0,156,107,1,0,1,5,1,0,0,0,0,0,1,0,12,0,5.0,1,1
1,4.0,100,0,1,0,1,1,1,0,1,0,1,1,1,0,2,0,2.0,1,1
1,2.0,99,0,2,2,4,5,1,1,2,2,2,0,5,0,3,1,18.0,1,1
1,6.0,91,69,1,0,3,5,1,0,2,2,2,0,2,0,1,0,3.0,1,1
1,12.0,117,0,1,5,6,0,2,1,2,0,1,0,8,0,2,0,2.0,1,1
1,4.0,100,0,0,0,5,5,1,1,1,1,1,0,2,0,10,0,2.0,1,1
0,84.0,136,0,0,0,1,0,0,0,0,0,1,0,1,0,2,1,3.0,1,1
1,21.0,100,0,1,0,5,5,1,1,2,0,0,0,1,0,2,0,8.0,1,1
0,20.0,58,50,1,0,3,3,1,1,0,0,0,0,1,0,2,0,4.0,1,1
0,1.0,136,107,1,0,1,0,1,1,1,0,1,0,1,0,2,0,1.0,1,1
0,2.0,136,107,0,0,0,0,1,0,1,1,1,0,1,0,2,0,3.0,1,1
0,1.0,136,0,1,0,1,1,0,1,1,1,1,0,1,0,2,0,4.0,1,1
1,24.0,100,0,1,0,6,0,1,0,0,0,0,0,1,0,12,0,5.0,1,1
0,2.0,136,0,1,0,1,0,1,0,1,0,1,0,1,0,3,0,1.0,1,1
1,2.0,100,0,1,0,3,5,0,0,1,1,1,0,2,0,2,0,5.0,1,1
0,2.0,136,0,1,0,1,5,1,1,0,1,1,0,1,40,3,0,1.0,1,1
0,36.0,136,0,0,0,2,5,2,0,2,2,2,0,4,0,3,0,4.0,0,1
0,1.0,136,0,0,0,1,5,0,0,1,1,2,0,1,0,12,0,5.0,1,1
0,2.0,136,107,1,1,2,3,1,0,2,0,0,0,1,0,2,0,3.0,1,1
0,1.0,136,107,0,0,1,1,0,0,1,1,2,0,1,0,2,0,4.0,1,1
1,4.0,100,0,1,6,0,0,0,0,1,0,1,0,2,0,1,0,4.0,1,1
1,2.0,100,78,1,5,6,0,1,1,1,1,1,0,1,0,2,0,3.0,1,1
0,2.0,136,0,1,1,0,0,1,0,0,0,1,0,1,0,12,0,5.0,1,1
0,30.0,48,0,1,5,6,0,0,1,0,0,1,0,1,0,12,0,4.0,1,1
0,36.0,136,0,0,4,5,0,0,1,2,2,2,1,1,0,2,0,3.0,0,1
1,5.0,100,0,1,6,0,0,1,0,0,0,0,0,1,100,2,0,3.0,1,1
0,12.0,136,0,1,3,0,0,1,1,0,0,1,1,1,0,2,0,4.0,1,1
1,4.0,117,0,1,0,1,0,0,1,2,0,2,0,1,50,12,0,2.0,1,1
1,0.0,99,0,1,6,0,0,0,1,1,0,1,0,1,0,2,0,3.0,1,1
0,12.0,136,0,0,0,1,5,1,1,0,0,0,0,1,0,2,0,6.0,1,1
0,1.0,136,107,2,6,0,0,1,1,1,1,1,0,16,0,2,0,1.0,1,1
0,3.0,136,0,0,1,0,0,1,1,0,0,1,0,1,1,4,0,7.0,1,1
1,1.0,91,0,1,0,3,4,2,1,1,1,1,0,1,0,2,0,4.0,1,1
1,2.0,99,0,2,0,3,5,0,1,1,1,1,0,5,0,2,0,5.0,1,1
1,3.0,117,77,0,4,0,0,0,2,1,0,1,0,1,300,2,0,4.0,1,1
1,36.0,99,0,0,5,6,0,1,1,0,0,1,0,1,0,12,0,5.0,1,1
0,6.0,136,107,2,0,1,5,1,1,2,2,2,0,5,0,3,0,2.0,1,1
1,6.0,129,0,0,0,5,0,1,1,0,0,0,0,1,0,2,0,6.0,1,1
1,3.0,99,0,0,0,0,0,0,1,1,1,1,0,1,0,12,0,2.0,1,1
1,5.0,99,0,0,5,6,0,1,1,1,1,1,0,1,0,2,0,5.0,1,1
1,3.0,99,0,0,2,6,0,0,1,1,1,1,0,1,0,2,0,3.0,1,1
0,2.0,136,107,0,1,0,0,0,0,1,1,1,0,1,0,2,0,1.0,1,1
1,1.0,100,0,0,0,0,0,1,1,1,0,1,0,1,0,12,0,2.0,1,1
1,0.0,100,0,1,0,5,0,0,0,2,2,2,0,1,0,2,0,5.0,1,1
1,8.0,100,0,1,5,6,0,1,0,2,2,2,0,1,0,12,0,5.0,1,1
1,5.0,100,101,0,2,3,3,0,0,1,1,1,0,1,0,2,0,7.0,1,1
1,8.0,99,0,1,4,5,5,1,1,2,2,2,0,1,0,2,0,1.0,1,1
1,2.0,117,77,1,0,3,5,1,1,1,1,1,0,1,50,2,0,4.0,1,1
0,6.0,4,0,1,0,1,0,0,0,1,1,1,0,1,0,12,0,5.0,1,1
0,24.0,136,18,1,0,1,0,1,0,0,0,0,0,1,0,3,0,2.0,1,1
1,5.0,100,0,1,2,3,5,1,0,1,0,1,0,1,10,10,0,2.0,1,1
1,6.0,100,78,2,5,6,0,1,0,1,1,1,0,2,0,2,0,5.0,1,1
1,4.0,88,97,0,2,3,4,1,1,0,0,1,0,1,0,2,0,0.0,1,1
0,54.0,147,0,1,4,6,0,0,0,0,0,0,0,1,100,3,0,3.0,1,1
1,1.0,117,75,1,0,1,1,2,2,1,0,1,0,1,100,12,2,5.0,1,1
0,1.0,136,0,0,0,1,3,1,0,0,0,0,0,4,0,2,0,5.0,1,1
0,18.0,62,107,0,6,0,0,1,1,0,0,0,0,1,0,12,0,7.0,1,1
0,5.0,21,107,1,2,4,0,1,0,1,0,0,0,1,0,2,0,2.0,1,1
0,2.0,136,50,0,4,0,0,1,1,1,1,1,0,1,0,2,0,3.0,1,1
1,48.0,100,0,2,0,6,0,1,0,1,1,1,0,5,0,2,0,4.0,1,1
1,3.0,117,76,0,2,6,0,2,1,2,2,2,0,1,0,1,0,1.0,1,1
1,2.0,99,77,2,0,5,0,0,0,1,1,2,0,2,0,5,0,4.0,1,1
1,2.0,99,0,2,0,5,0,1,1,1,1,1,0,10,50,2,0,0.0,1,1
0,3.0,136,107,0,1,6,0,1,1,1,1,1,0,1,0,5,0,1.0,1,1
0,18.0,151,0,0,2,0,0,1,2,0,0,1,0,1,300,2,0,3.0,1,1
1,10.0,100,0,1,0,6,0,1,1,1,1,1,0,1,0,2,0,1.0,1,1
1,1.0,114,90,2,0,3,0,0,2,1,1,1,0,4,0,2,0,4.0,1,1
0,3.0,136,0,0,0,6,0,0,0,2,2,2,0,1,0,2,0,5.0,1,1
0,2.0,136,0,0,0,1,0,0,0,1,1,0,0,1,0,5,0,1.0,0,1
0,2.0,136,107,1,0,1,5,1,1,1,0,1,0,1,0,12,0,2.0,1,1
0,2.0,136,0,1,0,1,0,1,0,2,0,1,0,1,0,2,0,3.0,1,1
0,1.0,136,0,1,0,0,0,1,0,1,1,1,0,1,0,2,0,3.0,1,1
1,0.0,99,0,1,0,1,5,2,1,1,1,1,0,3,0,12,2,4.0,1,1
1,1.0,100,0,2,1,5,5,1,1,2,2,2,0,3,0,12,0,5.0,1,1
0,2.0,136,0,2,0,1,5,1,0,1,1,1,0,8,0,2,0,8.0,0,1
1,3.0,100,0,1,2,3,5,0,1,1,1,1,0,1,0,5,0,4.0,1,1
0,2.0,136,107,0,4,0,0,1,0,0,0,1,0,1,100,2,1,4.0,1,1
1,3.0,135,63,0,0,1,5,1,0,1,1,2,0,2,0,12,0,1.0,1,1
0,2.0,136,0,0,1,2,0,0,1,1,1,1,0,1,150,2,1,5.0,1,1
0,24.0,65,107,1,4,0,0,1,1,0,0,0,0,1,0,2,0,5.0,1,1
0,8.0,136,107,2,1,0,0,1,0,2,2,2,0,4,0,12,0,1.0,0,1
1,3.0,100,0,1,4,6,0,1,0,2,2,1,0,1,0,12,0,3.0,1,1
0,2.0,136,0,1,0,1,0,1,0,0,0,1,0,1,0,2,0,1.0,1,1
0,3.0,136,0,0,0,1,0,2,0,0,0,1,0,1,0,2,0,2.0,1,1
1,3.0,100,0,2,0,3,5,0,0,1,1,1,0,4,0,2,0,5.0,1,1
0,1.0,136,107,2,0,6,0,1,0,0,0,1,0,5,0,2,1,2.0,1,1
1,11.0,129,0,1,2,0,0,1,0,0,0,0,0,1,50,12,0,3.0,1,1
1,60.0,117,92,1,4,5,5,1,2,0,0,1,0,1,100,2,0,3.0,1,1
0,2.0,136,107,0,0,1,0,1,1,1,0,1,0,1,0,2,0,3.0,1,1
1,2.0,100,0,0,4,0,0,0,0,1,1,1,0,1,50,2,0,2.0,1,1
1,4.0,100,78,2,1,3,4,0,0,0,0,1,0,4,0,12,0,4.0,1,1
0,24.0,136,0,1,1,2,0,1,0,0,0,0,0,1,0,12,0,3.0,1,1
1,2.0,100,0,2,4,6,0,2,0,1,0,1,0,4,10,12,0,3.0,1,1
1,3.0,100,0,0,0,6,0,0,0,1,0,1,0,1,0,7,0,5.0,1,1
1,2.0,100,78,1,0,6,0,1,1,1,1,1,0,1,0,2,0,3.0,1,1
0,2.0,136,0,2,0,1,5,1,1,1,1,2,0,7,0,2,0,1.0,0,1
0,48.0,13,0,0,5,6,0,2,2,2,2,2,1,1,100,12,0,1.0,1,1
0,1.0,136,0,1,0,4,0,1,0,1,1,1,0,1,0,12,0,2.0,1,1
0,8.0,44,107,1,0,1,0,2,0,0,1,1,0,1,100,2,0,2.0,1,1
1,5.0,117,0,1,0,5,5,1,0,1,1,1,0,1,0,7,0,1.0,1,1
0,24.0,136,0,1,1,0,0,1,0,0,0,0,0,1,0,2,0,17.0,1,1
0,3.0,136,107,0,0,6,0,1,0,1,1,1,0,1,0,2,0,3.0,1,1
0,26.0,136,0,1,1,6,0,1,0,0,0,0,0,1,0,2,0,2.0,1,1
0,4.0,136,0,0,1,0,0,1,0,2,2,2,0,1,0,0,0,3.0,0,1
1,2.0,100,78,2,0,1,5,0,0,1,0,1,0,2,0,12,0,5.0,1,1
0,1.0,136,0,2,1,4,5,1,0,1,1,1,0,7,0,2,0,15.0,0,1
0,36.0,136,0,0,0,1,0,1,0,2,0,1,0,1,0,2,0,2.0,1,1
1,2.0,100,0,0,2,0,0,1,0,1,1,1,0,1,50,2,0,4.0,1,1
0,2.0,136,0,0,4,0,0,1,0,0,0,1,0,1,0,2,1,5.0,1,1
1,3.0,100,0,2,3,5,5,1,0,1,0,1,0,5,30,12,0,1.0,1,1
0,2.0,136,0,1,1,6,0,1,0,0,0,1,0,1,0,2,3,2.0,1,1
0,3.0,136,107,0,0,3,0,0,1,0,2,2,0,2,0,2,0,4.0,1,1
0,3.0,136,0,1,1,0,0,1,0,0,0,1,0,1,0,12,0,7.0,1,1
0,24.0,38,23,2,1,0,0,0,2,1,0,1,0,2,0,12,0,4.0,1,1
1,2.0,100,70,1,1,0,0,2,0,1,1,1,0,3,0,2,0,5.0,1,1
1,36.0,100,0,1,0,4,5,1,0,0,0,0,0,1,0,2,0,1.0,1,1
0,16.0,136,107,0,1,0,0,1,1,2,2,2,0,1,0,6,0,1.0,1,1
0,13.0,136,0,0,1,0,0,1,1,0,0,1,0,1,0,2,0,4.0,1,1
0,2.0,44,0,0,0,0,0,2,1,1,1,1,0,1,0,2,1,1.0,1,1
0,36.0,5,107,0,0,2,5,2,1,2,2,2,0,1,0,2,0,1.0,1,1
1,1.0,99,0,1,2,6,0,0,1,1,1,1,0,1,0,2,0,1.0,1,1
0,3.0,136,0,0,4,0,0,1,0,1,0,1,0,1,0,2,3,30.0,1,1
0,2.0,136,0,2,0,1,5,1,0,0,0,1,0,4,0,12,0,5.0,1,1
0,36.0,136,0,2,0,1,0,2,0,2,2,0,0,2,0,2,0,1.0,1,1
0,84.0,16,0,1,1,6,0,1,0,0,0,0,0,1,0,12,0,1.0,1,1
0,28.0,64,0,0,1,0,0,2,1,0,0,1,0,1,0,2,0,3.0,1,1
0,2.0,136,0,1,4,0,0,1,0,1,1,1,0,2,0,2,0,4.0,1,1
1,3.0,100,0,0,3,0,0,0,0,0,0,1,0,1,0,12,0,6.0,1,1
0,60.0,147,0,0,6,0,0,0,2,0,0,0,0,1,0,2,0,2.0,1,1
0,1.0,136,40,1,1,0,0,1,0,0,0,1,0,1,350,7,0,5.0,1,1
1,51.0,131,60,0,1,0,0,1,1,0,0,0,0,2,0,2,0,5.0,1,1
1,36.0,99,0,0,1,6,0,2,1,1,0,1,0,1,0,3,0,1.0,1,1
1,3.0,100,0,0,5,6,0,1,0,1,0,1,0,1,0,2,0,2.0,1,1
1,4.0,100,0,0,0,5,5,1,1,0,0,1,0,1,0,2,0,5.0,1,1
0,2.0,136,0,0,1,0,0,1,0,1,1,1,0,1,0,12,0,1.0,1,1
1,2.0,79,0,1,1,5,5,1,2,0,0,1,0,1,350,2,1,11.0,1,1
1,11.0,100,101,0,3,6,0,1,0,0,0,0,0,1,0,2,0,11.0,1,1
1,1.0,99,0,2,1,5,5,1,1,1,1,1,0,2,0,12,0,5.0,0,1
0,12.0,136,0,0,0,1,0,1,0,0,0,0,0,1,0,2,0,2.0,1,1
0,2.0,136,107,1,1,6,0,1,0,1,0,1,0,1,0,2,0,6.0,1,1
0,2.0,136,107,2,0,1,0,1,0,1,1,1,0,5,0,2,0,6.0,1,1
1,18.0,99,0,1,0,2,5,1,1,0,1,1,0,1,0,2,0,4.0,1,1
0,6.0,8,0,1,2,0,0,2,2,0,0,1,0,1,0,2,0,1.0,1,1
0,3.0,136,0,1,6,0,0,1,0,1,1,1,0,1,0,2,0,1.0,1,1
1,2.0,100,0,1,1,0,0,0,0,1,1,1,0,1,0,2,0,1.0,0,1
1,12.0,100,78,1,1,6,0,0,0,1,1,0,0,1,0,2,0,7.0,1,1
1,6.0,100,78,2,2,0,0,1,0,0,0,0,0,2,0,12,0,6.0,1,1
0,36.0,8,107,1,2,4,0,2,1,0,0,1,0,2,0,12,0,2.0,1,1
1,3.0,99,0,0,4,5,5,1,1,1,1,1,0,1,0,10,0,1.0,1,1
1,4.0,100,77,0,0,6,0,1,1,0,0,1,0,1,0,3,0,3.0,1,1
0,2.0,161,107,1,1,6,0,1,0,2,2,1,0,1,0,2,0,3.0,1,1
1,1.0,100,0,0,0,0,0,0,0,1,1,1,0,1,0,10,0,1.0,1,1
1,4.0,117,101,1,3,6,0,1,2,1,0,1,0,1,350,2,0,2.0,1,1
1,1.0,100,0,0,0,6,0,1,0,1,0,1,0,1,0,2,0,11.0,1,1
0,2.0,136,0,2,1,4,5,1,0,2,2,2,0,4,0,2,1,4.0,0,1
1,1.0,80,0,2,0,5,5,0,1,1,0,1,0,5,0,12,1,6.0,0,1
0,3.0,136,0,0,0,0,0,1,0,1,1,1,0,1,0,12,0,1.0,1,1
0,2.0,28,0,1,0,0,0,0,0,2,2,2,0,1,100,3,0,1.0,1,1
0,3.0,136,107,1,0,1,0,1,0,1,0,1,0,2,0,2,0,7.0,1,1
1,5.0,100,0,1,1,0,0,1,0,1,1,1,0,1,0,0,0,1.0,0,1
0,2.0,136,0,1,1,6,0,1,0,1,1,1,0,1,0,2,0,1.0,1,1
0,27.0,38,0,1,0,0,0,1,1,0,0,1,0,1,200,2,0,2.0,1,1
0,3.0,136,0,1,0,0,0,1,0,0,0,1,0,1,0,2,0,1.0,1,1
0,2.0,136,0,1,0,1,3,1,0,1,0,1,0,2,0,1,0,5.0,1,1
1,5.0,100,0,1,5,0,0,1,0,1,1,1,0,1,0,12,0,5.0,1,1
0,2.0,136,0,0,1,0,0,1,1,0,0,1,0,1,0,2,0,1.0,1,1
0,2.0,138,107,0,0,1,0,1,0,0,0,1,0,1,100,12,2,6.0,1,1
1,2.0,99,78,1,0,6,0,1,1,1,0,1,0,1,50,2,0,6.0,1,1
1,60.0,100,0,0,3,6,0,1,0,0,0,0,0,1,0,12,0,13.0,1,1
1,2.0,99,0,2,0,5,0,1,1,1,1,1,0,4,0,2,0,3.0,0,1
1,8.0,135,66,0,0,6,0,2,1,1,1,1,0,1,0,12,0,4.0,1,1
0,2.0,136,0,1,0,4,5,1,1,1,1,1,0,1,0,2,0,5.0,1,1
0,5.0,136,0,0,1,2,5,1,0,2,2,2,0,1,0,12,0,9.0,1,1
0,1.0,136,0,0,0,1,0,1,1,2,2,1,0,1,0,2,0,3.0,1,1
0,2.0,136,0,1,0,1,0,1,1,0,0,1,0,1,0,4,0,1.0,0,1
1,2.0,130,0,0,3,0,0,0,0,0,0,0,0,1,0,2,0,2.0,1,1
0,2.0,136,107,1,1,3,0,1,0,0,0,1,0,2,0,12,0,5.0,1,1
0,3.0,136,0,1,0,3,0,2,0,2,0,2,0,1,0,2,0,4.0,1,1
0,36.0,136,0,1,1,6,0,2,0,0,0,0,1,1,0,2,0,4.0,1,1
1,12.0,100,0,0,2,6,0,1,0,1,1,1,0,1,0,12,0,3.0,1,1
1,3.0,98,77,1,0,1,4,1,1,1,1,2,0,1,0,12,0,9.0,1,1
1,3.0,100,0,1,0,1,5,1,0,0,0,0,0,1,0,3,0,5.0,1,1
1,5.0,100,0,1,1,2,0,0,1,0,0,1,0,1,0,12,0,3.0,1,1
0,2.0,136,0,1,0,0,0,1,1,1,1,1,0,1,0,2,0,3.0,1,1
0,1.0,153,107,0,0,4,0,1,0,1,1,1,0,1,0,2,0,5.0,1,1
1,2.0,100,77,2,0,6,0,1,1,1,1,1,0,4,0,12,0,8.0,1,1
1,12.0,100,0,0,3,0,0,2,0,0,0,0,0,1,100,2,0,4.0,1,1
1,8.0,99,0,1,5,0,0,1,1,1,1,1,0,1,0,3,0,1.0,1,1
0,13.0,136,4,0,0,1,0,1,0,0,0,0,0,1,1,12,0,4.0,1,1
1,10.0,100,0,1,0,1,2,0,0,0,0,0,0,1,0,2,0,23.0,1,1
1,2.0,100,0,0,6,0,0,1,0,1,1,1,0,1,0,12,0,5.0,1,1
0,4.0,136,0,1,1,3,0,1,0,0,0,0,0,2,0,12,0,1.0,1,1
0,5.0,136,14,0,0,6,0,1,0,2,2,1,0,1,0,2,0,4.0,1,1
0,2.0,136,0,1,1,6,0,1,0,1,1,1,0,1,0,2,1,8.0,1,1
0,72.0,57,0,0,1,4,0,0,1,0,0,0,0,1,0,2,0,4.0,1,1
1,3.0,100,0,1,1,3,5,1,0,0,0,1,0,1,50,12,0,6.0,1,1
0,14.0,152,0,0,1,0,0,1,0,0,0,2,0,1,350,4,0,2.0,0,1
0,84.0,51,0,1,0,1,5,1,0,0,0,0,0,1,100,3,0,1.0,1,1
0,12.0,136,0,1,0,1,0,0,0,1,1,1,0,1,0,2,0,3.0,1,1
0,36.0,136,28,1,1,0,0,0,1,0,0,2,0,1,0,12,0,4.0,1,1
1,6.0,100,0,1,5,0,0,1,0,1,1,1,0,1,0,2,0,3.0,1,1
1,3.0,100,0,1,3,0,0,0,0,2,2,2,0,1,0,12,0,3.0,1,1
0,1.0,136,107,0,6,0,0,1,0,1,1,1,0,1,0,3,0,1.0,1,1
1,12.0,100,0,0,0,6,0,1,0,2,2,1,0,1,0,12,0,3.0,1,1
0,7.0,141,0,1,1,0,0,1,0,2,2,2,0,1,0,2,0,2.0,1,1
0,2.0,136,31,0,0,0,0,2,0,1,0,1,0,4,0,2,1,18.0,1,1
1,1.0,100,0,0,0,3,0,1,0,1,0,1,0,3,0,2,0,1.0,1,1
0,1.0,136,0,2,0,1,0,2,0,1,1,1,0,5,50,2,0,30.0,1,1
0,4.0,136,121,1,0,1,0,0,1,1,1,1,0,1,0,2,0,4.0,1,1
0,1.0,136,107,0,0,6,0,1,1,1,0,1,0,1,0,2,0,4.0,1,1
0,1.0,136,107,1,0,1,0,1,1,1,1,1,0,1,0,3,0,3.0,1,1
1,4.0,100,0,0,2,6,0,1,0,0,0,1,0,1,0,12,6,7.0,1,1
0,12.0,136,0,0,0,2,5,1,1,1,1,0,0,1,0,2,0,11.0,1,1
1,36.0,99,0,1,5,6,0,1,1,0,0,0,0,1,0,2,0,3.0,1,1
1,12.0,129,0,0,2,3,0,1,0,2,2,1,0,1,0,2,0,1.0,0,1
0,11.0,136,107,0,4,0,0,1,0,0,0,0,0,1,0,2,0,0.0,1,1
1,8.0,80,0,1,0,5,5,1,0,0,0,0,0,3,300,2,0,2.0,1,1
0,5.0,136,0,1,2,4,0,1,0,0,0,0,0,1,0,2,0,4.0,1,1
0,4.0,136,0,1,1,0,0,1,0,0,0,0,0,1,0,4,0,3.0,1,1
0,2.0,136,0,1,1,0,0,1,0,0,0,1,0,1,0,12,0,15.0,1,1
0,12.0,136,0,1,4,0,0,0,2,0,0,2,0,1,0,4,1,3.0,1,1
0,2.0,136,0,1,0,6,0,1,0,0,0,1,0,1,0,2,0,1.0,1,1
1,3.0,100,0,0,0,6,0,1,0,2,0,1,0,1,0,12,0,5.0,1,1
0,1.0,136,0,1,0,0,0,1,0,1,1,1,0,1,0,3,0,1.0,1,1
0,2.0,136,0,1,0,1,0,1,1,1,1,1,0,1,0,2,0,9.0,1,1
0,4.0,136,0,1,0,1,0,1,0,1,1,1,0,1,0,2,0,4.0,1,1
1,2.0,100,0,0,1,0,0,0,0,1,1,1,0,1,0,2,0,2.0,1,1
0,12.0,136,4,0,0,1,0,0,0,0,0,1,0,1,0,12,0,6.0,1,1
0,48.0,24,0,0,6,0,0,1,1,0,0,0,0,1,300,12,0,1.0,1,1
0,1.0,136,0,2,0,1,5,2,0,0,0,1,0,4,0,12,0,5.0,1,1
0,2.0,136,107,1,0,0,0,1,0,0,0,2,0,1,0,12,0,2.0,1,1
0,2.0,136,0,2,0,1,0,1,0,1,0,1,0,5,0,2,0,5.0,1,1
0,72.0,136,0,0,3,0,0,2,1,0,0,0,0,1,200,2,0,1.0,0,1
0,1.0,136,107,0,2,0,0,0,0,1,1,1,0,1,0,2,0,3.0,0,1
0,26.0,136,107,0,1,0,0,2,0,0,0,0,0,1,0,2,1,6.0,1,1
0,3.0,136,0,0,0,6,0,1,0,0,0,1,0,1,0,2,0,1.0,1,1
1,2.0,100,0,0,1,3,0,1,1,1,1,1,0,1,0,2,0,2.0,0,1
0,1.0,136,0,2,0,1,5,1,0,1,0,1,0,4,0,12,0,0.0,0,1
0,3.0,136,0,0,0,1,5,1,1,0,0,1,0,1,0,2,0,7.0,1,1
1,12.0,99,0,0,5,6,0,0,1,2,2,2,1,1,1,12,0,5.0,1,1
1,5.0,100,77,0,3,6,0,1,0,0,0,1,0,1,120,2,0,5.0,1,1
0,2.0,136,0,0,0,1,0,1,0,1,0,1,0,1,0,3,0,3.0,1,1
0,12.0,136,0,1,1,0,0,1,0,2,2,2,0,1,0,2,0,1.0,0,1
1,25.0,99,0,1,1,5,5,1,1,0,0,2,0,1,0,2,0,2.0,1,1
1,3.0,99,0,0,0,0,0,1,1,1,0,1,0,1,0,2,0,5.0,1,1
0,36.0,51,0,1,0,1,5,1,0,2,2,2,0,1,350,12,0,2.0,1,1
1,1.0,100,78,2,0,2,4,1,0,1,0,1,0,3,0,12,0,11.0,1,1
0,1.0,44,107,0,0,1,0,1,1,1,1,1,0,1,0,2,0,5.0,1,1
1,4.0,100,0,2,0,0,0,1,0,1,1,1,0,2,0,2,0,3.0,1,1
1,5.0,100,78,2,3,5,5,1,0,1,1,0,0,3,0,2,0,3.0,1,1
1,2.0,100,0,1,0,5,5,1,0,1,0,1,0,1,0,12,0,3.0,1,1
0,2.0,157,107,0,0,6,0,1,1,1,0,1,0,1,0,12,0,5.0,1,1
1,4.0,100,0,0,0,6,0,0,0,1,1,1,0,1,0,12,0,1.0,1,1
0,60.0,136,0,1,1,0,0,1,0,0,0,0,1,1,0,2,0,3.0,1,1
0,2.0,136,0,1,0,1,3,0,1,0,0,1,0,2,0,12,0,15.0,1,1
1,2.0,99,0,1,3,0,0,0,1,1,1,1,0,1,0,12,0,3.0,1,1
1,5.0,99,0,0,0,6,0,1,1,2,2,0,0,1,0,2,0,5.0,1,1
0,6.0,136,0,1,0,0,0,1,0,0,1,1,0,2,50,2,0,3.0,1,1
1,0.0,100,0,0,0,0,0,0,0,1,1,1,0,1,0,2,0,1.0,1,1
1,1.0,100,0,2,0,5,5,0,0,1,1,1,0,5,0,2,0,2.0,0,1
0,24.0,136,0,0,1,6,0,1,0,0,0,1,0,1,0,12,0,1.0,1,1
1,4.0,100,0,2,1,5,5,0,0,1,1,1,0,2,0,12,0,4.0,1,1
1,1.0,129,77,2,0,2,5,0,1,1,0,1,0,2,30,2,0,3.0,1,1
0,24.0,136,10,1,4,6,0,1,1,0,0,0,0,1,350,12,0,4.0,1,1
0,2.0,136,0,0,1,0,0,0,0,1,1,1,1,1,0,12,0,1.0,1,1
0,12.0,136,0,2,1,0,0,1,1,2,2,2,0,2,0,12,0,3.0,1,1
1,11.0,100,0,0,4,0,0,1,0,0,0,0,0,1,100,2,0,6.0,1,1
1,1.0,115,0,0,4,0,0,0,0,1,1,1,0,1,0,2,0,1.0,0,1
0,7.0,136,0,1,1,4,0,0,0,1,0,1,0,1,0,0,0,2.0,1,1
1,1.0,100,0,1,0,2,5,1,1,2,2,2,0,1,0,2,0,4.0,1,1
0,2.0,136,6,0,1,2,0,1,0,1,0,1,0,4,0,2,4,24.0,1,1
0,3.0,58,107,0,1,4,5,1,1,1,1,2,0,1,0,2,0,3.0,1,1
0,2.0,136,4,0,0,1,0,1,0,1,1,1,0,1,0,2,0,1.0,1,1
1,3.0,100,0,1,0,0,0,1,0,2,2,2,0,1,0,12,0,1.0,1,1
0,2.0,136,0,1,0,1,0,0,0,1,0,1,1,1,0,2,0,2.0,1,1
1,2.0,100,0,1,0,1,3,0,0,1,0,1,0,1,0,12,0,3.0,1,1
0,48.0,136,0,1,1,0,0,1,0,0,0,0,0,1,0,0,2,4.0,1,1
1,16.0,99,0,1,5,0,0,2,1,0,0,0,0,1,0,12,1,2.0,1,1
0,24.0,70,0,0,6,0,0,0,2,2,0,2,0,1,0,12,0,1.0,0,1
0,2.0,136,0,1,0,4,0,1,0,1,1,1,0,1,0,2,0,8.0,1,1
0,60.0,48,0,1,0,4,5,0,0,0,0,0,0,1,300,2,0,2.0,1,1
0,12.0,139,107,1,1,6,0,1,1,0,0,0,0,1,0,2,0,3.0,1,1
0,24.0,147,28,2,1,6,0,0,1,0,0,0,1,4,350,2,0,5.0,1,1
1,24.0,98,0,0,6,0,0,2,2,1,1,1,0,1,0,2,0,2.0,1,1
1,4.0,100,0,1,0,3,5,1,0,1,0,1,0,1,0,2,0,4.0,1,1
1,5.0,100,77,1,1,6,0,0,0,1,1,1,0,1,0,12,0,3.0,1,1
0,2.0,136,0,0,4,0,0,1,0,1,1,1,0,1,0,2,0,1.0,1,1
1,6.0,100,0,0,0,0,0,1,0,0,0,1,0,1,0,2,0,1.0,1,1
0,3.0,136,0,0,0,6,0,1,1,0,0,2,0,1,0,2,0,3.0,1,1
1,3.0,100,0,1,0,6,0,0,0,2,2,2,0,1,0,12,0,3.0,1,1
1,3.0,100,0,0,1,5,0,0,0,1,1,1,0,1,0,12,0,6.0,1,1
1,4.0,99,0,0,0,5,0,1,1,2,0,2,0,1,0,12,0,2.0,1,1
1,2.0,100,0,0,0,0,0,1,1,0,0,1,0,1,0,6,0,4.0,1,1
0,0.0,136,0,2,0,1,0,1,1,1,2,1,0,5,0,7,0,1.0,1,1
1,55.0,100,0,1,0,3,5,2,0,0,0,0,0,3,0,2,0,6.0,1,1
0,2.0,136,0,1,0,6,0,1,0,0,0,0,0,1,0,4,0,5.0,1,1
0,2.0,136,0,1,1,0,0,1,0,1,1,1,0,1,20,3,0,1.0,1,1
0,38.0,136,0,0,4,6,0,1,1,0,0,1,0,1,80,2,0,2.0,1,1
1,4.0,98,78,2,0,1,1,1,2,0,0,1,0,2,50,2,0,1.0,1,1
0,1.0,136,107,0,1,0,0,1,1,1,0,1,0,1,0,2,0,1.0,1,1
0,36.0,65,120,1,0,1,5,0,0,0,0,0,0,1,0,2,0,5.0,1,1
1,1.0,100,0,2,0,1,0,0,0,1,1,1,0,2,0,12,0,4.0,1,1
1,3.0,99,0,1,3,4,5,1,0,2,2,1,0,1,0,12,0,1.0,1,1
0,6.0,136,0,0,0,1,5,1,0,0,0,0,0,1,150,12,0,11.0,1,1
1,24.0,122,78,1,1,4,0,0,0,0,2,0,0,1,0,2,0,3.0,1,1
0,2.0,136,0,1,0,1,3,1,1,1,1,1,0,5,0,2,0,5.0,1,1
1,36.0,99,0,1,0,2,5,1,1,0,0,0,0,1,0,2,0,5.0,1,1
1,7.0,100,0,1,1,6,0,1,1,1,1,1,0,2,0,12,0,2.0,1,1
0,2.0,65,107,1,1,4,5,1,0,1,1,1,0,1,0,2,0,6.0,1,1
1,14.0,99,0,0,0,4,5,2,1,1,1,1,0,1,0,12,0,5.0,1,1
1,4.0,100,0,1,0,5,0,1,0,1,1,1,0,1,10,2,0,4.0,1,1
0,60.0,38,0,0,1,0,0,0,2,2,2,1,0,1,0,12,0,2.0,1,1
0,30.0,57,23,0,6,0,0,1,1,0,0,0,0,1,350,4,0,4.0,1,1
1,3.0,100,0,1,0,1,5,0,0,1,1,1,0,1,0,2,0,1.0,1,1
1,24.0,80,60,1,5,6,0,0,0,0,0,0,0,2,0,2,0,3.0,1,1
0,84.0,21,0,1,1,4,0,2,0,0,0,0,0,1,0,12,0,1.0,1,1
1,2.0,99,0,1,1,4,5,0,1,1,1,1,0,1,0,2,0,5.0,1,1
1,3.0,100,0,0,1,2,5,0,0,1,0,1,0,1,0,4,0,2.0,1,1
0,3.0,136,0,0,1,0,0,1,1,1,0,1,0,1,0,4,0,2.0,1,1
1,4.0,100,0,1,5,6,0,1,0,0,0,2,0,2,0,7,0,2.0,1,1
1,3.0,80,0,2,0,2,5,0,0,1,1,1,0,9,0,2,0,18.0,1,1
0,4.0,136,0,1,1,6,0,1,1,2,0,2,0,1,0,2,0,3.0,1,1
0,1.0,136,0,1,1,0,0,0,0,1,1,1,0,1,0,2,0,1.0,0,1
1,2.0,99,0,1,6,0,0,0,1,2,2,2,0,1,0,12,0,4.0,1,1
1,2.0,84,78,0,0,6,0,2,0,1,0,1,0,1,90,2,0,5.0,1,1
0,2.0,136,0,1,0,4,0,1,0,0,0,1,0,1,0,12,0,5.0,1,1
0,2.0,136,122,0,0,6,0,1,0,0,0,1,0,1,0,2,4,18.0,1,1
0,1.0,136,0,1,1,2,3,1,1,1,1,1,0,1,0,2,0,3.0,1,1
0,3.0,15,107,0,1,4,5,1,1,0,0,1,1,1,200,4,0,3.0,1,1
1,2.0,99,0,1,1,2,4,1,1,1,0,1,0,1,0,12,0,3.0,1,1
1,1.0,130,0,2,0,4,5,1,0,1,1,1,0,6,0,2,0,2.0,0,1
0,1.0,44,107,1,0,1,0,1,0,0,0,1,0,1,0,12,0,3.0,0,1
0,1.0,136,0,0,1,0,0,1,0,1,1,1,0,1,0,2,0,1.0,1,1
0,2.0,136,0,0,4,6,0,1,0,0,0,1,0,1,0,12,0,3.0,1,1
1,1.0,100,0,1,3,0,0,1,0,1,1,1,0,1,0,1,0,4.0,1,1
1,24.0,98,0,1,2,4,0,0,2,1,1,1,0,1,100,2,0,4.0,1,1
0,5.0,136,0,1,1,4,5,1,1,1,1,1,0,1,0,2,0,1.0,1,1
0,36.0,8,0,0,2,0,0,2,2,0,0,1,0,1,0,7,0,2.0,1,1
0,6.0,136,0,0,0,0,0,1,0,1,0,1,0,1,0,4,0,1.0,1,1
0,4.0,65,38,1,0,1,5,1,0,1,0,1,0,1,0,2,0,5.0,1,1
0,2.0,21,107,1,0,2,5,2,0,1,1,1,0,1,0,1,0,5.0,1,1
1,1.0,100,0,0,1,2,5,1,0,1,1,1,0,1,0,2,0,26.0,1,1
0,2.0,136,107,1,0,1,0,2,0,1,0,1,0,1,50,5,0,4.0,1,1
0,24.0,136,0,1,3,4,5,1,0,0,0,0,0,1,0,12,0,7.0,1,1
1,2.0,99,0,1,0,6,0,0,1,1,0,1,2,1,0,7,0,2.0,1,1
1,1.0,100,0,2,0,6,0,0,0,2,2,1,0,2,0,2,1,4.0,1,1
0,48.0,51,0,0,0,1,0,0,1,0,0,2,0,1,0,2,0,4.0,1,1
1,24.0,98,0,1,0,1,0,1,2,0,0,1,0,1,0,2,0,2.0,1,1
1,3.0,99,0,0,1,6,0,0,1,1,0,1,0,1,0,1,0,5.0,1,1
0,12.0,38,0,0,5,0,0,0,0,0,2,2,2,1,0,2,0,2.0,0,1
0,3.0,136,0,1,0,1,0,1,0,0,0,1,0,1,0,2,0,7.0,1,1
1,1.0,100,0,2,2,6,0,1,0,1,1,1,0,5,0,12,0,3.0,1,1
1,1.0,100,0,0,5,6,0,0,0,1,1,1,0,1,0,2,0,3.0,1,1
0,2.0,65,107,1,0,1,0,1,1,0,2,1,0,1,0,2,0,3.0,1,1
1,2.0,100,0,2,1,2,5,1,0,1,1,1,0,2,0,2,0,13.0,1,1
0,3.0,136,0,0,0,1,0,1,0,0,0,1,0,1,0,2,0,1.0,1,1
1,4.0,100,69,1,0,1,5,1,0,1,0,1,0,1,0,12,0,22.0,1,1
0,5.0,136,0,0,3,4,0,1,0,0,0,0,0,1,0,12,0,10.0,1,1
1,3.0,100,101,0,5,6,0,1,0,1,0,1,1,1,0,12,0,18.0,1,1
0,4.0,62,44,1,4,0,0,1,1,0,0,1,0,1,0,2,0,8.0,1,1
1,3.0,100,0,2,0,5,5,1,0,1,1,1,0,3,0,2,0,0.0,0,1
1,6.0,100,0,1,0,1,1,0,0,0,0,0,0,1,30,12,0,1.0,1,1
0,10.0,136,0,0,0,1,0,2,0,2,2,2,1,1,0,4,0,5.0,1,1
0,3.0,52,0,2,0,4,5,1,0,1,0,1,0,4,0,2,0,6.0,1,1
1,2.0,99,0,2,0,6,0,1,1,0,0,1,0,3,0,2,0,3.0,1,1
1,3.0,100,0,1,0,6,0,0,0,1,0,1,0,3,0,3,0,7.0,1,1
1,1.0,99,0,0,4,5,5,1,1,0,0,1,0,1,0,12,0,2.0,1,1
1,6.0,100,0,1,1,3,5,1,0,1,1,1,0,2,0,2,0,2.0,1,1
0,0.0,136,0,2,0,4,5,1,0,1,1,1,0,7,0,2,0,8.0,1,1
0,4.0,136,107,1,1,6,0,1,0,1,1,1,0,1,0,12,0,3.0,1,1
1,7.0,100,78,1,0,5,0,1,0,0,0,1,0,1,0,2,0,2.0,1,1
0,2.0,136,0,1,2,0,0,1,1,1,0,1,0,1,0,2,0,1.0,0,1
0,7.0,136,107,0,0,1,2,1,0,0,0,2,0,1,0,7,0,0.0,1,1
0,24.0,136,0,0,0,0,0,1,0,0,0,0,0,1,0,12,0,2.0,1,1
1,8.0,100,0,0,1,0,0,1,1,0,0,2,0,1,0,12,0,3.0,1,1
0,33.0,58,50,1,2,3,5,1,1,0,0,0,0,1,10,2,0,4.0,1,1
1,1.0,100,0,0,1,0,0,1,0,1,1,1,0,1,100,12,0,6.0,1,1
1,1.0,100,0,2,0,6,0,0,1,2,2,2,0,2,0,2,0,2.0,0,1
0,4.0,136,0,1,0,6,0,1,0,0,1,1,0,1,0,5,0,2.0,1,1
1,3.0,129,104,1,0,1,4,1,1,1,0,1,0,2,0,12,0,6.0,1,1
0,36.0,52,0,1,1,0,0,1,0,2,2,2,0,1,300,12,0,1.0,0,1
1,3.0,100,78,0,6,0,0,1,0,1,0,1,0,1,0,12,0,1.0,1,1
1,12.0,98,0,1,0,5,5,1,1,0,0,1,0,1,150,2,0,2.0,1,1
1,9.0,100,0,1,5,0,0,1,0,1,2,2,0,1,0,12,0,3.0,1,1
0,1.0,136,0,1,0,1,5,1,0,0,0,0,0,3,150,12,0,29.0,1,1
0,1.0,136,107,0,6,0,0,0,1,1,1,1,0,4,0,3,0,0.0,1,1
1,1.0,100,0,1,5,0,0,0,0,1,0,1,0,1,0,12,0,5.0,1,1
0,5.0,62,0,0,0,1,5,2,1,0,0,0,0,1,0,2,0,2.0,1,1
0,12.0,136,50,0,0,1,5,1,0,0,0,0,0,1,0,2,0,3.0,1,1
1,1.0,99,0,1,1,4,5,1,1,1,1,1,0,1,0,7,0,2.0,1,1
0,2.0,136,0,0,0,1,0,0,1,1,1,1,0,2,0,2,0,5.0,1,1
1,6.0,100,77,1,0,5,5,0,1,0,0,0,0,4,30,2,0,4.0,1,1
1,36.0,100,0,1,0,1,4,1,1,0,0,0,0,1,0,2,0,5.0,1,1
0,2.0,65,107,1,0,1,0,0,0,1,0,1,0,1,0,2,0,10.0,1,1
1,22.0,117,0,1,1,2,5,1,2,0,0,0,0,1,0,12,0,5.0,1,1
1,12.0,117,0,0,0,6,0,1,1,0,0,0,0,2,0,2,0,1.0,1,1
0,24.0,38,0,0,6,0,0,0,0,0,0,0,0,1,0,12,0,1.0,1,1
1,5.0,100,0,0,3,6,0,1,0,0,0,0,0,1,100,12,0,1.0,1,1
1,2.0,100,0,1,0,6,0,0,0,1,1,1,0,1,0,12,0,3.0,1,1
0,15.0,136,0,1,6,0,0,1,0,0,0,0,0,1,0,2,0,3.0,1,1
0,2.0,136,0,0,0,0,0,1,0,1,1,1,0,3,0,2,0,1.0,1,1
0,29.0,62,14,1,4,6,0,1,1,0,0,0,0,1,0,2,0,7.0,1,1
1,10.0,98,0,1,0,0,0,1,2,0,0,0,0,1,200,12,0,1.0,1,1
1,1.0,98,0,2,0,2,0,0,1,1,1,1,0,2,0,2,0,1.0,1,1
1,2.0,100,78,1,5,6,0,1,0,0,0,0,0,1,0,12,0,5.0,1,1
0,3.0,136,0,1,1,2,0,1,1,1,0,1,0,1,0,2,1,1.0,0,1
0,1.0,136,0,1,1,6,0,1,1,0,0,1,0,1,0,2,0,1.0,1,1
0,2.0,157,107,1,0,1,5,1,0,1,0,1,0,1,0,12,0,7.0,1,1
0,2.0,44,107,0,0,1,0,2,1,2,2,2,0,1,0,2,0,4.0,1,1
0,1.0,136,0,0,1,6,0,1,0,1,1,1,0,2,0,12,0,1.0,1,1
1,7.0,91,104,1,0,3,5,1,0,0,0,1,0,1,0,2,0,11.0,1,1
0,1.0,136,0,0,1,6,0,1,2,1,1,1,0,1,0,12,0,1.0,1,1
0,24.0,136,0,0,2,3,3,0,0,2,2,1,0,1,0,12,0,5.0,1,1
1,17.0,117,76,1,0,2,4,1,2,0,0,1,0,1,0,2,0,4.0,1,1
0,2.0,136,0,0,1,0,0,1,1,1,1,1,0,1,0,12,0,2.0,0,1
0,4.0,136,0,1,1,0,0,1,0,2,2,1,1,1,0,7,0,4.0,1,1
0,2.0,136,107,1,0,1,0,1,0,1,1,1,0,1,0,12,0,3.0,1,1
0,3.0,136,0,0,1,0,0,1,0,2,2,1,0,1,0,2,0,2.0,1,1
0,1.0,136,107,2,1,2,4,0,0,1,1,2,0,6,0,2,1,5.0,1,1
0,48.0,57,0,0,4,0,0,0,2,0,0,0,1,1,200,2,0,1.0,1,1
1,2.0,99,0,1,3,6,0,1,1,1,1,1,0,1,0,12,0,5.0,0,1
0,4.0,136,0,0,2,0,0,1,0,0,0,1,0,1,155,12,0,1.0,1,1
0,8.0,136,10,1,4,6,0,1,0,0,0,0,0,1,0,2,0,3.0,1,1
1,4.0,100,0,1,1,3,3,1,0,1,0,1,0,1,0,2,0,2.0,1,1
1,2.0,122,101,1,1,4,5,0,0,1,0,1,0,1,0,12,0,4.0,1,1
1,62.0,100,0,0,0,0,0,2,0,0,0,0,0,1,0,12,0,2.0,1,1
0,12.0,136,0,1,2,4,5,1,1,0,0,0,0,1,0,2,0,3.0,1,1
0,24.0,137,109,0,0,6,0,1,2,0,0,1,0,1,0,2,0,0.0,0,1
1,4.0,100,0,0,1,4,0,1,0,2,2,1,0,1,0,2,0,3.0,1,1
0,2.0,149,107,2,1,4,0,1,0,1,0,1,0,4,0,2,0,8.0,1,1
0,24.0,136,0,1,1,0,0,1,1,2,2,2,0,20,0,5,0,1.0,1,1
0,36.0,136,0,0,0,0,0,1,1,0,0,0,0,1,0,12,0,3.0,1,1
1,36.0,99,0,1,0,1,4,1,1,0,0,0,0,1,0,2,0,3.0,1,1
0,1.0,136,107,1,0,3,5,0,1,1,1,1,0,1,0,6,0,6.0,1,1
0,1.0,136,107,1,0,1,0,1,1,1,1,1,0,1,0,2,0,1.0,1,1
0,89.0,157,114,1,0,6,0,2,0,0,0,0,0,1,0,2,0,1.0,1,1
1,2.0,100,0,0,5,6,0,1,0,1,1,1,0,1,0,2,0,5.0,1,1
0,10.0,136,0,1,1,0,0,1,0,0,0,1,0,1,0,2,0,2.0,1,1
1,1.0,100,0,1,1,2,2,1,0,1,1,1,0,1,0,1,0,3.0,1,1
1,3.0,100,0,0,1,6,0,0,0,0,0,1,0,1,0,12,0,2.0,1,1
0,2.0,136,0,0,6,0,0,1,0,0,2,2,0,1,50,7,0,1.0,0,1
1,1.0,99,0,2,1,2,0,0,1,1,1,1,0,2,0,2,0,3.0,1,1
0,5.0,136,0,0,1,6,0,1,0,0,0,1,0,1,0,7,0,5.0,1,1
1,3.0,84,97,0,5,0,0,1,0,1,0,1,0,1,150,2,0,1.0,1,1
0,72.0,136,0,1,0,0,0,1,0,2,0,1,1,1,0,2,0,4.0,1,1
0,1.0,136,0,0,1,6,0,1,1,1,1,1,0,1,0,3,0,2.0,1,1
0,5.0,48,0,0,5,0,0,0,0,0,0,1,0,1,0,12,0,2.0,1,1
0,2.0,136,0,1,1,0,0,1,1,0,0,1,0,2,0,2,0,12.0,1,1
1,1.0,100,0,0,0,2,0,0,0,1,1,1,0,3,0,12,0,3.0,1,1
0,84.0,59,0,0,0,1,5,1,0,0,0,0,0,1,0,3,0,2.0,1,1
0,1.0,136,0,1,1,0,0,1,0,1,0,1,0,1,0,2,0,4.0,1,1
1,3.0,99,77,1,0,6,0,1,1,1,0,1,0,1,0,12,0,6.0,1,1
1,3.0,100,0,1,6,0,0,0,0,1,1,1,0,1,0,3,0,2.0,1,1
1,8.0,100,0,1,1,5,5,1,0,1,0,1,0,1,0,12,0,2.0,1,1
1,4.0,99,0,0,5,6,0,1,1,1,1,1,0,1,0,2,0,2.0,1,1
0,12.0,136,0,1,0,0,0,0,1,2,2,1,0,1,0,12,0,0.0,1,1
0,2.0,136,0,0,0,6,0,1,1,0,0,1,0,1,0,2,0,1.0,1,1
1,3.0,100,0,2,1,4,5,1,1,2,2,2,0,3,0,2,0,1.0,1,1
0,20.0,136,0,0,0,1,5,1,0,2,2,2,0,2,0,2,0,1.0,1,1
1,4.0,100,0,2,3,5,5,0,0,1,0,0,0,4,0,7,0,1.0,1,1
1,4.0,99,0,0,0,6,0,0,1,2,0,1,0,1,0,2,0,5.0,1,1
1,9.0,99,0,0,2,0,0,0,1,1,1,1,0,1,0,12,0,4.0,1,1
0,12.0,136,72,0,1,0,0,1,0,0,0,0,0,1,0,2,1,5.0,1,1
0,3.0,136,0,1,1,6,0,0,0,0,0,1,1,1,0,12,0,2.0,1,1
0,6.0,136,107,0,0,0,0,1,0,1,1,1,0,1,0,12,0,3.0,1,1
0,1.0,136,0,1,0,0,0,1,1,1,1,1,0,2,0,7,0,4.0,1,1
1,7.0,100,0,1,6,0,0,0,0,0,0,0,0,1,0,6,0,3.0,1,1
1,6.0,100,78,2,0,5,0,1,0,1,1,1,0,2,0,2,0,3.0,1,1
0,1.0,136,107,1,6,0,0,1,1,0,0,1,0,1,0,2,0,1.0,1,1
0,3.0,136,4,1,0,0,0,1,1,0,0,1,0,1,0,2,0,5.0,1,1
0,2.0,136,0,1,0,1,0,1,0,1,1,1,0,1,0,2,0,4.0,0,1
1,2.0,99,78,1,6,0,0,1,1,1,0,1,0,1,0,2,0,13.0,1,1
0,17.0,136,0,0,0,1,0,1,0,1,1,1,0,1,0,7,0,6.0,0,1
1,4.0,99,0,1,0,1,3,0,1,1,1,1,0,1,0,2,0,7.0,1,1
0,4.0,136,0,0,1,0,0,1,0,0,0,1,0,1,0,2,0,2.0,1,1
1,2.0,100,0,1,1,0,0,1,0,1,0,1,0,1,0,4,0,3.0,1,1
0,84.0,136,14,0,6,0,0,1,0,0,0,0,0,1,0,2,0,6.0,1,1
0,2.0,136,0,1,0,1,5,1,0,1,1,2,0,1,0,2,0,3.0,1,1
0,3.0,136,0,1,0,0,0,1,0,2,2,2,0,1,0,2,0,3.0,0,1
0,1.0,136,0,1,0,1,0,1,0,1,1,1,0,1,0,2,0,9.0,1,1
1,1.0,100,78,2,1,2,5,0,0,1,1,1,0,6,0,12,0,4.0,0,1
0,84.0,136,50,0,0,1,0,1,1,0,0,0,0,1,0,2,0,7.0,1,1
0,2.0,136,0,1,0,1,3,1,1,0,0,1,0,1,0,3,0,4.0,1,1
0,3.0,136,0,0,5,6,0,1,0,0,0,1,0,1,100,2,0,2.0,1,1
1,3.0,100,0,1,0,6,0,0,0,1,1,1,0,1,0,2,0,3.0,1,1
0,6.0,21,107,1,0,0,0,1,0,0,0,0,0,1,0,2,0,5.0,1,1
1,12.0,100,97,1,1,4,5,2,1,0,0,1,0,2,0,2,0,2.0,1,1
1,1.0,100,0,0,0,6,0,0,1,1,1,1,0,1,0,2,0,4.0,1,1
0,7.0,8,0,0,2,0,0,2,1,0,0,0,0,1,250,2,0,4.0,1,0
0,2.0,136,0,2,1,0,0,1,0,1,0,1,0,2,0,2,0,5.0,1,1
0,2.0,136,0,1,0,1,0,1,0,0,0,1,0,1,0,2,0,1.0,1,1
0,4.0,136,0,1,0,1,0,1,0,0,0,1,0,1,35,12,0,5.0,1,1
1,12.0,100,0,1,3,6,0,1,0,1,0,1,0,1,0,2,0,2.0,1,1
1,2.0,100,0,1,4,6,0,0,0,1,0,1,0,1,0,12,0,1.0,1,1
1,4.0,89,0,1,3,4,5,1,0,1,1,1,0,2,0,2,0,1.0,0,1
0,2.0,136,0,1,0,1,4,1,0,1,1,1,0,4,0,2,0,1.0,1,1
0,3.0,136,51,0,2,4,0,1,1,1,0,1,0,1,0,2,0,6.0,1,1
1,2.0,135,78,0,0,6,0,0,0,1,0,1,0,1,0,12,0,1.0,1,1
0,17.0,44,0,1,1,0,0,2,0,1,1,1,0,1,200,2,0,2.0,1,1
1,2.0,100,0,2,0,3,5,1,0,1,1,1,0,4,0,12,0,5.0,1,1
1,0.0,99,97,2,0,3,3,1,1,0,0,0,0,3,0,1,0,3.0,1,1
1,1.0,129,0,2,1,4,4,1,1,0,0,0,0,3,50,2,0,5.0,0,1
0,1.0,136,72,1,0,1,0,2,1,0,0,1,0,1,0,2,0,5.0,1,1
1,2.0,129,101,1,5,0,0,0,0,2,2,1,0,1,0,2,0,0.0,1,1
0,1.0,136,0,0,0,0,0,1,0,0,0,1,0,2,0,2,0,4.0,1,1
0,24.0,28,0,1,1,0,0,0,0,2,2,2,0,1,0,2,0,8.0,1,1
0,15.0,136,107,0,1,0,0,1,0,0,0,0,0,1,100,2,0,5.0,1,1
0,24.0,136,107,1,1,0,0,1,1,1,0,1,0,1,0,3,0,3.0,1,1
1,29.0,100,0,1,5,0,0,1,0,0,0,0,0,1,0,2,0,2.0,1,1
1,4.0,99,0,1,0,6,0,1,1,1,1,1,0,1,0,12,0,3.0,1,1
0,2.0,136,0,0,1,0,0,1,1,0,0,1,0,1,50,2,0,1.0,1,1
0,4.0,136,0,0,1,0,0,1,0,0,0,1,0,1,0,2,0,9.0,1,1
0,60.0,38,0,1,1,0,0,0,0,0,0,0,1,1,0,2,0,4.0,1,1
0,108.0,136,107,2,1,6,0,2,0,0,0,0,0,2,0,2,3,5.0,1,1
1,4.0,99,0,0,0,5,5,1,1,0,0,0,0,1,0,12,0,10.0,1,1
1,2.0,100,0,2,3,4,4,1,0,0,0,1,0,4,0,2,0,8.0,1,1
1,1.0,80,0,1,1,2,0,0,0,1,1,1,0,1,0,9,0,1.0,1,1
1,7.0,88,0,0,3,6,0,2,1,0,0,0,0,1,0,12,0,2.0,0,1
1,3.0,100,0,0,5,6,0,0,0,1,0,1,0,1,0,12,0,5.0,1,1
0,2.0,151,107,1,0,0,0,1,0,2,0,1,0,1,0,12,0,5.0,1,1
0,3.0,151,107,0,0,0,0,1,0,1,0,1,0,1,0,2,0,6.0,1,1
1,2.0,135,0,2,0,6,0,0,0,1,1,1,0,3,0,2,0,11.0,1,1
1,1.0,136,0,0,0,6,0,0,0,1,1,2,0,1,0,2,0,2.0,1,1
0,1.0,136,0,0,0,0,0,1,0,1,1,0,0,1,0,7,0,3.0,1,1
0,36.0,136,0,0,0,1,4,1,0,2,2,2,0,1,0,12,0,1.0,0,1
0,25.0,48,0,0,5,6,0,1,2,0,0,1,0,1,100,2,0,2.0,1,1
1,5.0,100,0,1,1,5,5,0,0,0,0,0,0,1,70,2,0,5.0,1,1
1,1.0,100,78,2,0,5,5,1,0,1,0,2,0,5,0,2,0,1.0,0,1
1,2.0,99,0,2,1,4,4,1,1,1,1,1,0,4,0,2,0,3.0,1,1
0,1.0,136,0,1,0,1,0,1,0,1,1,1,0,2,0,2,0,6.0,1,1
0,26.0,136,0,1,0,0,0,1,0,0,0,0,0,1,0,2,0,2.0,1,1
1,3.0,122,101,2,1,6,0,1,0,1,1,1,0,3,0,2,0,5.0,1,1
0,2.0,136,0,1,0,1,5,1,0,1,1,1,0,2,0,4,0,1.0,1,1
0,3.0,136,0,2,0,1,1,1,0,1,1,1,0,4,0,2,0,1.0,1,1
0,2.0,136,0,1,3,0,0,1,1,1,0,1,0,1,0,12,0,0.0,1,1
0,3.0,136,0,1,1,6,0,1,0,2,2,1,0,1,0,2,0,1.0,1,1
1,1.0,100,0,0,1,5,5,1,0,1,1,1,0,1,0,2,0,2.0,1,1
0,84.0,57,37,0,0,6,0,0,1,2,0,2,0,1,0,2,0,3.0,1,1
0,2.0,136,0,0,1,0,0,1,0,0,0,1,0,1,0,2,0,3.0,1,1
1,5.0,99,0,0,0,0,0,1,1,0,0,0,0,1,150,12,1,20.0,1,1
0,1.0,136,0,1,0,5,0,1,1,1,1,1,0,1,0,4,0,2.0,1,1
1,2.0,115,0,1,5,0,0,0,0,1,1,1,0,1,0,2,0,3.0,1,1
1,1.0,100,0,2,0,3,5,1,0,1,1,1,0,6,0,2,0,10.0,1,1
1,14.0,100,0,2,0,1,4,1,1,1,1,1,0,4,0,2,0,2.0,1,1
0,1.0,136,0,0,0,1,5,1,1,1,1,1,0,1,0,3,0,1.0,1,1
0,2.0,136,0,0,0,4,0,1,1,1,2,1,0,1,0,12,0,5.0,1,1
1,3.0,100,0,0,0,5,5,0,0,1,1,1,0,1,0,12,0,2.0,1,1
0,4.0,136,107,0,3,0,0,0,0,0,0,2,0,1,0,12,0,2.0,1,1
0,2.0,136,0,2,0,1,5,0,0,1,1,1,0,8,0,2,0,8.0,0,1
1,3.0,122,78,1,4,5,0,0,0,1,1,1,0,1,0,2,0,14.0,1,1
0,1.0,62,107,2,0,1,0,1,0,1,0,1,0,2,0,2,0,4.0,1,1
0,1.0,136,0,1,1,6,0,1,0,1,0,2,0,1,0,5,0,1.0,1,1
0,48.0,62,0,0,1,0,0,1,2,2,2,2,0,1,0,2,0,1.0,1,1
0,2.0,136,0,1,0,6,0,1,0,0,0,0,0,1,0,2,0,14.0,1,1
1,15.0,99,0,2,0,2,5,1,1,1,2,2,0,2,0,2,0,9.0,1,1
0,67.0,38,0,1,1,0,0,0,1,0,0,0,0,1,300,12,0,1.0,1,1
0,2.0,136,107,0,4,0,0,1,1,1,0,1,0,1,0,3,0,3.0,1,1
1,12.0,100,0,1,2,0,0,1,0,2,2,2,0,1,0,12,0,2.0,0,1
1,14.0,100,0,0,1,6,0,1,0,0,0,0,0,1,0,12,0,2.0,1,1
0,3.0,136,0,1,0,0,0,1,0,1,0,1,0,1,80,2,0,1.0,1,1
1,2.0,122,0,0,1,4,5,0,0,1,1,1,0,1,0,2,0,2.0,1,1
0,16.0,35,2,1,1,6,0,2,0,2,0,0,0,1,200,2,0,2.0,1,1
1,2.0,117,78,2,0,1,5,0,1,1,1,1,0,3,0,2,0,3.0,1,1
0,8.0,136,0,0,0,1,0,1,0,2,2,0,0,1,0,2,0,2.0,1,1
0,52.0,57,0,0,1,2,5,1,0,0,0,1,0,1,0,2,0,2.0,1,1
0,1.0,136,0,0,1,6,0,1,1,1,1,1,0,1,0,12,0,10.0,1,1
0,2.0,136,0,2,1,4,5,1,0,2,0,1,0,9,0,12,0,1.0,0,1
0,24.0,136,25,0,1,0,0,1,0,0,0,0,0,1,0,2,0,8.0,1,1
0,2.0,136,2,0,1,6,0,1,0,0,0,1,0,1,200,2,0,3.0,1,1
0,1.0,136,0,2,0,0,0,1,0,1,1,1,0,7,0,2,1,3.0,0,1
0,2.0,136,33,1,0,2,0,2,1,0,0,1,0,1,0,2,0,6.0,1,1
1,5.0,98,92,1,1,0,0,1,2,0,0,2,0,1,100,2,0,3.0,1,1
0,2.0,136,107,0,1,6,0,1,1,1,0,1,0,1,0,2,0,6.0,1,1
1,15.0,100,0,0,0,1,5,2,0,1,1,1,0,1,50,12,0,1.0,1,1
1,1.0,129,0,0,5,0,0,1,1,1,1,1,0,1,0,12,0,3.0,1,1
0,26.0,13,107,1,1,4,4,1,2,0,0,2,0,1,0,2,0,4.0,1,1
1,2.0,100,0,1,0,1,5,0,0,1,1,1,0,1,1,3,0,1.0,0,1
0,1.0,65,0,2,1,2,4,0,1,2,2,2,0,8,0,7,0,3.0,1,1
1,1.0,100,0,1,0,3,5,1,0,1,1,1,0,1,0,2,0,3.0,0,1
0,24.0,136,0,0,1,6,0,1,1,0,0,0,1,1,0,12,0,5.0,1,1
1,8.0,100,0,0,0,6,0,0,0,1,1,2,0,1,0,2,0,7.0,1,1
0,120.0,136,0,0,1,2,0,1,1,2,2,2,1,1,0,12,0,1.0,1,1
0,24.0,38,0,0,1,2,0,0,0,0,0,0,0,1,350,12,0,3.0,1,1
1,12.0,100,0,0,0,0,0,2,0,0,0,0,0,1,0,2,0,13.0,1,1
0,48.0,48,0,0,5,6,0,0,1,0,0,0,0,1,200,2,1,9.0,1,1
1,5.0,99,0,0,2,3,5,1,1,0,0,1,0,1,0,2,0,2.0,1,1
0,36.0,136,50,1,0,6,0,1,1,0,0,0,0,1,0,12,0,5.0,1,1
0,48.0,40,0,0,1,0,0,1,0,0,0,1,0,1,50,12,0,0.0,1,1
1,0.0,99,0,2,0,1,5,0,1,1,1,1,0,3,0,2,0,7.0,1,1
1,8.0,100,0,1,0,2,5,1,0,1,1,1,0,1,10,10,0,4.0,1,1
1,13.0,117,77,1,0,5,0,1,1,0,0,1,0,1,0,2,0,3.0,1,1
1,1.0,99,78,1,2,6,0,0,1,1,1,1,0,1,0,2,0,4.0,1,1
1,5.0,100,0,0,1,4,5,1,0,1,1,1,0,1,0,12,0,1.0,1,1
0,36.0,51,0,0,0,1,5,1,0,0,0,0,0,1,350,12,0,1.0,1,1
0,2.0,136,0,1,0,3,0,1,0,1,0,1,0,1,0,12,0,4.0,1,1
1,60.0,89,101,0,0,5,5,2,1,0,0,0,0,2,0,12,0,1.0,1,1
1,10.0,100,0,1,1,4,0,1,0,1,1,1,0,1,0,12,0,2.0,1,1
0,0.0,136,0,2,0,1,1,1,1,1,2,1,0,6,0,7,0,1.0,1,1
0,27.0,136,0,1,2,0,0,1,0,0,0,0,0,1,0,12,0,4.0,1,1
0,2.0,136,0,0,0,0,0,1,0,0,0,1,0,1,0,2,0,1.0,1,1
0,1.0,136,0,0,0,1,0,1,0,1,1,1,0,1,0,2,0,1.0,1,1
0,2.0,94,107,0,0,1,5,2,0,0,0,1,0,1,0,2,0,1.0,1,1
0,3.0,139,107,1,0,6,0,1,1,0,0,0,0,1,200,2,0,1.0,1,1
1,2.0,100,0,0,0,0,0,1,0,0,0,1,0,1,0,2,0,9.0,1,1
1,3.0,100,0,2,3,4,5,1,0,1,0,1,0,2,0,12,0,4.0,1,1
0,5.0,8,14,1,2,3,0,1,1,2,0,0,0,1,0,3,0,5.0,0,1
1,2.0,98,77,2,3,0,0,2,2,1,1,1,0,4,0,12,0,5.0,1,1
1,8.0,122,101,1,1,5,0,0,0,2,2,2,0,1,0,12,0,2.0,1,1
1,1.0,100,0,0,3,4,0,0,0,1,0,1,0,1,0,2,0,2.0,1,1
0,12.0,62,0,0,4,0,0,1,1,0,0,0,0,1,0,2,0,2.0,1,1
0,36.0,8,0,1,2,0,0,2,1,0,0,1,0,1,0,2,0,1.0,1,1
1,24.0,100,0,1,1,3,0,1,1,0,0,0,0,1,0,2,0,2.0,1,1
0,8.0,136,0,0,0,0,0,1,1,0,0,0,0,1,0,2,0,3.0,1,1
1,8.0,122,78,0,0,6,0,1,1,0,0,0,0,1,0,12,0,4.0,1,1
0,6.0,8,107,0,1,0,0,1,1,2,2,2,0,1,0,2,0,4.0,1,1
0,12.0,136,0,1,4,6,0,1,0,2,2,2,0,1,0,2,1,1.0,1,1
0,1.0,136,0,1,0,1,5,1,0,1,0,1,0,1,0,2,0,1.0,1,1
1,1.0,100,0,2,3,6,0,1,0,1,0,1,0,2,0,2,0,4.0,1,1
0,9.0,38,0,0,1,0,0,0,1,0,0,1,0,1,0,2,0,3.0,1,1
1,2.0,129,0,0,0,4,4,0,0,1,1,1,0,1,0,2,0,4.0,1,1
1,2.0,132,77,0,0,1,2,0,1,1,1,1,0,1,0,2,0,5.0,1,1
1,24.0,99,76,1,0,3,5,1,2,2,2,2,0,6,0,2,0,4.0,1,1
1,5.0,100,0,1,0,3,4,1,0,1,0,1,0,1,0,2,0,6.0,1,1
1,2.0,99,0,0,5,0,0,0,1,2,2,2,0,2,0,2,0,1.0,1,1
0,2.0,21,107,0,1,6,0,1,1,1,1,1,0,1,0,2,0,5.0,1,1
0,3.0,136,0,0,1,3,5,1,1,2,2,2,0,1,50,7,0,1.0,0,1
0,2.0,136,0,1,0,0,0,0,0,1,1,1,0,1,0,12,0,5.0,1,1
0,1.0,136,0,1,1,0,0,1,0,1,1,1,0,1,0,4,0,2.0,1,1
0,3.0,136,0,1,0,6,0,1,0,0,0,1,0,1,0,2,0,3.0,1,1
1,4.0,100,0,0,6,0,0,0,0,2,2,2,0,1,0,12,0,2.0,1,1
0,65.0,40,0,1,4,0,0,0,0,0,0,0,0,1,0,12,0,1.0,0,1
0,2.0,136,0,1,6,0,0,1,1,2,2,2,0,1,0,0,0,1.0,1,1
0,1.0,136,0,2,1,6,0,0,0,1,1,1,0,3,0,7,0,4.0,0,1
0,3.0,136,0,1,0,0,0,1,0,1,0,1,0,1,0,2,0,3.0,1,1
1,2.0,100,0,1,0,2,5,0,0,0,0,1,0,1,0,3,0,5.0,1,1
1,2.0,84,78,0,0,6,0,0,1,1,0,2,0,1,0,2,0,2.0,1,1
1,4.0,91,0,1,0,1,5,1,1,1,0,1,0,1,50,12,0,3.0,1,1
1,60.0,84,63,1,0,1,2,1,0,0,0,1,0,2,0,12,0,2.0,1,1
1,3.0,117,0,1,0,5,0,0,2,1,1,1,0,1,0,2,0,1.0,0,1
0,2.0,136,0,2,0,1,5,1,1,1,1,1,0,3,0,12,0,1.0,1,1
0,2.0,136,107,0,1,0,0,1,1,0,0,1,0,1,0,2,0,4.0,1,1
1,1.0,80,0,1,1,2,2,0,0,1,1,1,1,1,0,12,0,3.0,1,1
0,2.0,136,0,1,0,0,0,1,1,1,0,1,0,1,0,4,0,3.0,1,1
1,5.0,100,78,1,1,4,0,0,0,1,1,1,0,1,0,2,0,4.0,1,1
1,5.0,129,78,0,3,6,0,1,0,1,0,1,0,1,0,2,0,3.0,1,1
0,36.0,24,0,0,6,0,0,0,2,0,0,1,0,1,300,2,0,2.0,1,1
0,3.0,136,107,1,1,6,0,1,1,1,1,1,0,1,0,5,0,1.0,1,1
1,2.0,78,0,1,0,1,5,1,1,1,1,2,1,1,0,7,0,1.0,1,1
0,11.0,136,0,0,1,6,0,0,0,2,2,2,0,1,0,2,0,1.0,1,1
0,2.0,136,51,2,0,1,1,1,2,1,1,1,0,2,0,4,0,2.0,1,1
0,2.0,136,0,2,0,1,0,1,0,0,0,1,0,12,0,12,0,6.0,1,1
0,1.0,136,0,2,1,6,0,0,0,1,1,1,0,3,0,5,0,23.0,1,1
1,2.0,99,0,1,0,3,5,1,1,1,1,1,0,1,100,2,0,3.0,1,1
1,3.0,99,0,0,0,5,0,1,1,1,0,1,0,1,0,2,0,1.0,1,1
1,24.0,98,0,1,1,0,0,1,2,0,0,0,0,2,150,7,0,1.0,1,1
0,4.0,136,0,1,0,0,0,1,0,1,0,1,0,1,0,6,0,5.0,1,1
0,24.0,16,0,0,1,6,0,0,0,2,2,0,0,1,0,12,0,5.0,1,1
1,3.0,100,0,0,0,6,0,1,0,1,0,1,0,1,0,12,0,30.0,1,1
0,5.0,136,10,1,0,1,5,1,0,0,0,1,0,1,0,2,0,2.0,1,1
0,8.0,136,0,1,1,0,0,0,0,0,0,0,0,1,0,3,0,4.0,1,1
0,48.0,136,107,0,0,1,0,2,1,2,0,1,0,1,0,1,0,2.0,1,1
1,1.0,99,0,2,0,1,5,0,0,1,1,1,0,3,0,12,0,4.0,1,1
1,2.0,100,78,2,2,6,0,0,0,1,1,1,0,5,0,2,0,3.0,1,1
1,3.0,100,0,0,0,5,5,1,0,1,0,1,0,1,0,2,0,5.0,1,1
0,4.0,21,0,1,0,1,5,1,0,1,0,1,0,4,0,2,0,2.0,1,1
0,1.0,136,0,1,0,6,0,1,0,2,0,1,0,1,0,2,0,3.0,0,1
0,6.0,136,0,1,0,1,0,1,0,0,0,1,0,1,0,2,0,4.0,1,1
1,6.0,99,0,1,2,0,0,1,1,0,0,1,0,1,0,2,0,1.0,1,1
0,1.0,136,107,2,0,1,5,2,0,1,0,1,0,20,50,5,0,5.0,1,1
0,120.0,28,0,0,0,1,0,0,0,0,0,1,0,1,0,2,0,3.0,1,1
0,1.0,136,0,2,0,5,5,1,0,1,1,1,0,6,0,5,0,0.0,1,1
0,0.0,144,107,1,1,0,0,1,0,1,1,1,0,1,0,12,0,3.0,1,1
0,24.0,136,0,0,0,6,0,1,1,1,0,1,0,1,0,12,0,5.0,1,1
0,3.0,136,0,1,1,0,0,1,0,1,0,2,0,1,0,2,0,2.0,1,1
1,3.0,100,0,0,0,6,0,0,0,0,0,1,0,1,0,5,0,6.0,1,1
1,4.0,100,0,1,2,6,0,0,0,1,0,1,0,1,0,12,0,4.0,1,1
1,2.0,100,0,1,0,5,5,0,0,1,0,1,0,1,0,2,0,1.0,1,1
0,1.0,136,0,2,0,0,0,1,0,1,1,1,0,6,0,2,0,5.0,1,1
1,2.0,118,101,2,0,3,4,1,0,1,0,1,0,2,50,12,0,4.0,0,1
1,2.0,100,78,1,1,5,5,0,0,0,1,1,0,2,0,2,0,5.0,1,1
0,36.0,147,0,0,0,1,5,0,0,0,0,1,0,1,350,3,0,4.0,1,1
0,2.0,136,0,1,0,1,0,1,1,2,0,1,0,1,0,12,0,5.0,1,1
0,1.0,136,0,0,1,3,0,1,1,1,1,1,0,1,1,2,0,2.0,0,1
1,3.0,129,0,1,0,6,0,0,0,1,1,1,0,1,0,2,0,14.0,1,1
0,12.0,136,107,0,1,6,0,1,0,2,2,2,0,1,0,2,0,4.0,0,1
0,1.0,136,0,2,1,4,5,0,0,1,1,1,0,5,1,7,0,5.0,1,1
0,18.0,35,0,0,5,0,0,1,0,0,0,1,0,1,10,2,0,2.0,1,1
0,2.0,65,107,2,0,1,1,1,0,1,0,1,0,5,0,2,0,6.0,1,1
0,0.0,16,0,2,6,0,0,1,0,1,1,1,0,4,0,2,0,3.0,1,1
0,48.0,38,28,0,4,0,0,0,2,0,0,0,1,1,0,12,0,6.0,1,1
0,24.0,38,44,1,0,6,0,0,1,2,0,1,0,1,0,2,0,5.0,1,1
1,0.0,100,0,2,0,1,5,0,0,1,1,1,0,3,0,2,0,4.0,0,1
1,1.0,100,78,1,3,6,0,0,1,0,0,1,1,1,50,2,0,10.0,1,1
0,3.0,5,50,1,0,0,0,1,1,0,0,1,0,1,0,2,0,9.0,1,1
0,1.0,136,0,0,0,1,0,1,1,2,2,2,0,1,0,2,0,5.0,1,1
0,36.0,136,0,1,6,0,0,1,0,0,0,0,0,1,0,2,0,1.0,1,1
1,24.0,100,0,0,2,6,0,0,0,0,0,0,0,1,0,12,0,1.0,1,1
0,4.0,65,107,0,4,6,0,1,0,0,0,1,0,1,0,2,0,4.0,1,1
0,3.0,136,0,1,1,0,0,1,0,1,1,1,0,1,0,2,0,3.0,1,1
0,0.0,136,0,1,1,6,0,1,1,1,1,1,0,1,0,2,0,5.0,1,1
1,4.0,122,90,0,4,6,0,1,1,1,0,1,0,1,50,4,0,2.0,1,1
1,5.0,100,0,0,3,6,0,1,0,1,0,1,0,1,0,12,0,8.0,1,1
1,4.0,100,0,0,3,6,0,1,0,1,1,1,0,2,100,2,0,3.0,1,1
0,24.0,44,0,1,0,1,0,1,1,0,0,0,0,1,0,2,0,1.0,1,1
1,12.0,99,77,0,0,1,3,1,1,0,1,1,0,2,0,12,0,1.0,1,1
1,2.0,100,0,0,2,4,0,0,0,2,0,2,0,1,0,12,0,5.0,0,1
0,3.0,136,0,1,0,1,0,1,1,1,0,1,0,1,0,2,0,4.0,1,1
1,6.0,100,0,1,0,6,0,1,0,1,1,1,0,1,0,2,0,3.0,1,1
0,24.0,136,107,1,0,0,0,1,1,0,0,0,0,1,0,2,0,5.0,1,1
0,60.0,8,0,0,2,0,0,2,1,0,0,0,0,1,0,2,0,6.0,1,1
1,1.0,100,0,1,0,1,0,0,0,2,0,1,0,1,0,12,0,3.0,0,1
0,1.0,65,107,0,1,4,0,1,1,0,0,1,0,1,200,2,0,2.0,1,1
0,7.0,136,0,1,6,0,0,1,0,2,2,0,0,1,0,2,0,4.0,1,1
1,2.0,100,78,2,0,3,5,1,0,1,1,1,0,3,0,2,0,3.0,1,1
1,18.0,122,0,2,1,2,3,1,1,1,1,1,1,3,0,2,0,4.0,1,1
1,10.0,129,78,0,0,2,5,1,1,0,0,0,0,2,0,12,1,7.0,1,1
0,2.0,136,0,1,0,1,0,1,1,2,2,1,0,1,0,2,0,1.0,1,1
1,2.0,98,78,1,4,0,0,1,1,1,1,1,0,1,80,2,0,5.0,1,1
1,36.0,117,76,0,4,0,0,1,2,1,0,0,1,1,30,2,0,3.0,1,1
0,24.0,37,0,1,4,0,0,0,2,0,0,1,0,1,300,2,0,5.0,1,1
1,1.0,100,0,2,0,4,5,0,2,1,1,1,0,5,0,2,0,3.0,1,1
1,1.0,99,78,2,0,3,5,1,1,1,1,1,0,4,0,0,0,10.0,1,1
0,2.0,136,0,2,0,3,0,1,1,1,0,1,0,4,0,12,0,7.0,1,1
1,3.0,100,0,2,0,5,5,1,1,1,0,1,0,2,0,12,0,8.0,1,1
1,4.0,100,0,0,3,6,0,0,0,1,0,0,0,1,0,12,0,5.0,1,1
1,2.0,100,0,2,0,3,5,0,0,1,1,1,0,3,0,12,0,9.0,1,1
1,2.0,100,0,1,0,3,5,1,0,1,1,1,0,6,30,2,0,6.0,1,1
0,2.0,136,0,1,0,1,0,2,0,0,0,1,0,1,0,2,0,5.0,1,1
1,1.0,100,0,0,0,1,0,1,0,1,1,1,0,1,0,2,0,1.0,1,1
0,2.0,65,107,2,1,4,5,1,0,1,0,1,0,6,0,2,0,6.0,1,1
0,12.0,136,0,0,1,6,0,0,0,2,2,2,0,1,0,3,0,1.0,1,1
0,42.0,8,0,1,3,0,0,1,2,1,1,0,1,1,0,2,0,0.0,1,1
1,12.0,100,0,1,1,3,5,0,0,1,0,0,0,1,0,3,0,6.0,1,1
1,3.0,99,92,1,0,3,5,1,1,1,0,1,0,1,50,2,0,4.0,1,1
1,3.0,100,0,0,2,0,0,1,0,0,0,1,0,1,20,2,0,0.0,1,1
1,12.0,100,0,0,2,5,5,1,0,1,0,0,0,2,0,2,0,6.0,1,1
1,2.0,99,64,0,1,4,5,1,1,0,0,1,0,1,50,2,0,11.0,1,1
1,5.0,115,91,0,1,6,0,1,0,0,0,0,0,1,0,2,0,2.0,1,1
1,2.0,100,0,1,1,4,5,1,0,1,1,1,0,1,0,2,0,4.0,0,1
0,72.0,94,0,1,1,0,0,1,1,0,0,1,0,1,0,2,0,4.0,1,1
0,12.0,150,0,0,1,2,0,0,2,2,2,0,0,1,0,2,0,1.0,1,1
1,5.0,100,0,1,5,6,0,0,0,0,0,1,0,2,0,3,0,6.0,1,1
1,3.0,100,0,1,0,3,5,0,0,1,1,1,0,1,0,2,0,5.0,1,1
1,3.0,100,104,1,0,1,2,1,1,1,1,1,0,1,0,2,1,3.0,1,1
0,1.0,8,14,2,0,1,5,1,1,0,0,1,0,7,200,2,0,11.0,1,1
1,4.0,99,0,1,0,3,5,0,1,2,2,2,0,1,0,12,0,6.0,1,1
0,2.0,136,0,0,1,0,0,1,0,2,2,1,0,1,0,2,0,5.0,1,1
1,3.0,100,0,0,0,4,4,2,0,1,1,1,0,1,0,2,0,7.0,1,1
1,1.0,100,0,0,0,6,0,1,0,1,0,1,0,1,0,2,0,6.0,1,1
1,3.0,117,78,2,3,5,5,1,1,1,1,1,0,5,0,12,0,9.0,1,1
0,3.0,136,0,1,1,0,0,1,0,1,0,1,0,1,0,2,0,4.0,1,1
1,2.0,100,0,0,0,5,5,0,1,0,0,1,0,1,0,2,0,4.0,1,1
1,2.0,100,0,0,2,6,0,1,0,1,1,1,0,1,50,2,0,4.0,1,1
0,1.0,136,0,1,4,0,0,1,0,1,0,0,0,1,0,2,0,3.0,1,1
0,3.0,136,0,1,0,1,0,2,2,0,0,2,0,2,0,2,0,4.0,0,1
0,1.0,136,0,2,0,1,5,1,0,1,1,1,0,6,0,12,0,13.0,1,1
0,20.0,136,0,1,2,0,0,1,0,0,0,0,0,1,0,2,0,16.0,1,1
0,2.0,136,107,0,1,6,0,1,1,0,0,1,0,1,0,2,0,1.0,1,1
0,1.0,136,0,1,0,0,0,1,0,1,0,1,0,1,0,2,0,5.0,1,1
0,2.0,136,0,1,0,1,0,1,0,1,1,1,0,1,20,3,0,1.0,1,1
0,8.0,158,0,1,0,1,0,1,0,2,2,1,0,1,350,2,0,5.0,1,1
0,5.0,136,0,1,3,4,0,1,0,1,0,1,0,1,0,2,0,1.0,0,1
1,1.0,100,78,2,0,6,0,1,0,0,0,1,0,2,1,12,0,3.0,1,1
1,2.0,122,68,0,1,4,0,1,0,1,0,1,0,1,100,2,0,5.0,1,1
0,36.0,38,0,0,1,0,0,0,0,0,0,0,0,1,100,12,0,1.0,1,1
0,24.0,136,0,0,4,0,0,1,1,2,2,2,0,1,0,2,0,2.0,0,1
0,2.0,136,0,1,1,0,0,1,1,0,0,1,0,1,0,0,0,1.0,0,1
0,12.0,136,107,0,1,3,0,1,1,2,2,2,0,1,0,12,0,7.0,1,1
0,17.0,136,0,1,0,5,0,2,1,0,0,0,0,1,0,2,0,5.0,1,1
1,0.0,100,78,1,0,1,5,0,0,1,1,1,0,6,0,12,0,0.0,0,1
1,30.0,100,0,1,0,5,5,1,0,0,0,0,0,1,0,2,0,2.0,1,1
1,4.0,100,0,0,2,6,0,1,0,1,0,1,0,1,0,12,0,2.0,1,1
0,9.0,136,0,1,6,0,0,1,0,0,0,0,0,1,0,12,0,2.0,1,1
1,3.0,100,0,0,0,1,3,1,0,0,0,1,0,1,0,12,0,8.0,1,1
0,3.0,136,0,1,0,0,0,1,0,1,0,1,0,1,0,1,0,3.0,1,1
0,3.0,136,0,1,0,1,5,1,0,1,0,1,0,2,200,2,0,4.0,1,1
1,6.0,100,0,0,1,6,0,0,0,0,0,0,0,1,0,12,0,2.0,1,1
1,2.0,100,69,1,0,3,5,0,0,1,1,1,0,1,0,2,0,5.0,1,1
0,24.0,136,0,1,1,6,0,1,0,0,0,0,0,1,0,2,0,2.0,1,1
0,1.0,136,0,1,0,1,5,2,2,1,0,1,0,1,0,2,0,4.0,1,1
1,10.0,99,0,0,0,5,5,2,1,1,1,1,0,3,0,2,0,1.0,1,1
1,2.0,100,0,1,0,3,5,0,0,1,0,2,0,1,0,3,0,5.0,1,1
0,1.0,136,0,1,0,1,0,1,1,1,1,1,0,1,0,3,0,6.0,1,1
0,11.0,51,0,1,0,1,5,1,0,0,0,2,0,1,0,2,0,2.0,1,1
1,1.0,100,0,1,3,4,5,1,0,1,0,1,0,1,0,2,0,3.0,1,1
0,22.0,57,0,1,4,6,0,1,0,0,0,1,0,1,0,2,0,3.0,1,1
1,1.0,91,0,2,0,5,5,0,0,1,1,1,0,4,0,2,0,4.0,1,1
0,41.0,136,0,0,1,2,0,1,0,1,0,0,0,1,0,2,0,5.0,1,1
0,4.0,136,107,0,0,1,5,1,1,0,0,1,0,1,0,2,0,2.0,1,1
1,21.0,100,0,1,0,0,0,0,0,0,0,0,0,1,0,2,0,3.0,1,1
0,18.0,44,14,0,1,0,0,2,0,0,0,1,0,1,0,12,0,1.0,1,1
0,24.0,57,51,1,2,4,0,0,2,0,0,1,0,1,0,2,0,1.0,1,1
0,9.0,136,0,0,0,0,0,1,1,2,2,0,0,1,0,2,0,5.0,1,1
0,2.0,21,107,0,0,0,0,1,0,0,0,1,0,1,0,2,0,2.0,1,1
0,1.0,136,0,2,0,1,3,1,0,0,2,2,0,5,0,2,0,3.0,1,1
1,0.0,80,60,1,0,4,5,0,0,1,1,1,0,1,0,2,0,4.0,1,1
0,2.0,136,0,0,1,0,0,1,1,0,0,1,0,1,0,2,0,1.0,1,1
0,1.0,136,0,1,0,6,0,1,0,1,1,1,0,1,0,4,1,5.0,1,1
0,3.0,8,49,2,0,1,1,1,0,2,2,2,0,3,0,7,0,3.0,0,1
0,5.0,16,122,1,0,1,5,1,0,2,2,1,0,1,0,2,0,5.0,1,1
0,3.0,151,110,1,1,0,0,0,0,1,1,1,0,1,0,4,0,3.0,1,1
0,2.0,136,0,1,3,0,0,1,0,0,0,1,0,1,0,12,0,1.0,1,1
0,4.0,65,107,1,0,1,5,1,1,0,0,0,0,1,0,12,0,8.0,1,1
0,7.0,13,0,0,5,6,0,3,2,0,0,2,0,1,350,2,0,5.0,1,1
1,12.0,99,0,0,1,6,0,2,1,0,0,1,0,2,0,2,0,6.0,1,1
1,2.0,100,0,0,0,1,5,0,0,1,1,1,0,1,0,2,0,3.0,1,1
0,4.0,136,0,1,0,0,0,1,1,0,0,1,0,1,0,2,0,2.0,1,1
1,1.0,100,0,0,0,1,1,1,0,0,0,1,0,3,0,2,0,3.0,1,1
0,24.0,136,0,0,1,4,5,1,0,2,2,1,0,1,0,2,0,2.0,1,1
0,2.0,21,107,0,1,6,0,1,1,1,1,1,0,1,0,12,0,1.0,0,1
1,36.0,100,0,0,0,6,0,2,1,2,0,0,0,1,0,12,0,5.0,1,1
0,6.0,136,0,1,1,0,0,1,0,1,1,1,0,1,0,2,0,2.0,0,1
0,5.0,136,0,1,0,0,0,1,0,0,0,0,0,1,100,7,0,5.0,1,1
1,24.0,100,0,1,0,6,0,1,0,0,0,1,0,1,0,12,0,2.0,1,1
0,2.0,136,0,2,0,1,4,0,0,1,1,1,0,4,0,5,0,3.0,0,1
1,12.0,100,78,2,0,3,5,1,0,0,0,0,0,2,0,12,0,3.0,1,1
1,5.0,129,0,0,0,5,0,1,0,0,0,1,0,1,0,12,0,5.0,1,1
0,1.0,136,107,0,1,0,0,1,1,1,0,1,0,1,0,2,0,3.0,1,1
0,2.0,136,0,1,3,4,0,1,0,1,0,1,0,1,0,2,0,1.0,1,1
1,1.0,129,106,1,2,6,0,0,0,1,1,1,0,1,0,2,0,9.0,1,1
0,6.0,136,0,1,0,1,0,1,1,0,0,0,0,1,0,12,0,1.0,1,1
0,1.0,136,107,2,0,1,3,0,0,1,1,1,0,4,0,2,0,4.0,1,1
0,1.0,136,0,2,0,1,5,1,1,1,1,1,0,9,0,2,0,8.0,0,1
0,24.0,136,0,0,0,3,0,1,1,0,0,0,0,1,0,2,0,5.0,1,1
1,17.0,114,0,1,3,5,5,2,2,0,0,1,0,1,350,12,0,3.0,1,1
0,1.0,136,0,0,0,1,0,1,1,1,1,1,0,1,0,3,0,1.0,1,1
0,7.0,16,107,0,6,0,0,1,1,2,2,2,0,1,0,12,0,3.0,1,1
0,4.0,136,0,1,0,0,0,1,0,2,2,2,0,1,0,2,0,2.0,1,1
1,9.0,99,92,1,4,6,0,1,1,1,0,1,0,1,0,2,0,2.0,1,1
1,3.0,129,0,0,0,6,0,0,0,1,1,1,0,1,100,2,0,1.0,1,1
1,3.0,100,0,1,6,0,0,0,0,1,1,1,0,1,0,2,0,5.0,1,1
0,5.0,136,107,1,1,4,5,1,0,0,0,0,0,1,0,2,0,2.0,1,1
0,12.0,65,0,1,4,0,0,0,2,0,0,0,0,1,300,2,0,1.0,1,1
0,5.0,136,0,1,3,6,0,1,1,1,0,1,0,1,0,4,0,3.0,1,1
1,1.0,100,0,0,1,0,0,0,0,1,1,1,0,1,0,12,0,4.0,1,1
1,2.0,100,0,0,4,6,0,1,0,1,0,1,0,1,0,2,0,2.0,1,1
0,4.0,136,0,1,6,0,0,0,0,0,0,2,0,1,0,2,0,2.0,0,1
1,12.0,100,0,0,1,2,5,1,1,1,0,1,0,1,0,4,1,4.0,1,1
0,2.0,136,0,0,1,2,0,1,1,0,0,1,0,1,50,2,0,2.0,1,1
1,2.0,100,0,0,3,6,0,0,1,1,0,1,0,1,0,12,0,2.0,1,1
0,72.0,57,0,1,1,4,0,0,0,2,0,2,0,1,0,2,0,2.0,1,1
1,3.0,100,0,1,0,5,5,0,0,1,0,1,0,1,0,3,0,5.0,1,1
1,4.0,100,0,1,0,5,0,0,0,1,0,1,0,1,0,12,0,2.0,1,1
0,4.0,136,0,0,1,0,0,1,0,0,0,0,0,1,0,2,0,1.0,1,1
0,4.0,136,0,1,4,6,0,1,1,1,1,1,0,1,0,3,0,2.0,1,1
1,5.0,100,0,0,5,6,0,0,0,0,0,2,0,1,0,12,0,3.0,1,1
1,1.0,100,0,2,3,5,5,0,0,1,1,1,0,3,0,7,0,10.0,0,1
0,48.0,8,0,0,2,0,0,2,2,2,2,2,0,1,0,2,0,1.0,0,1
1,12.0,106,0,1,0,6,0,1,1,0,0,0,0,1,0,12,0,1.0,1,1
0,13.0,136,0,1,2,0,0,0,1,1,0,0,0,1,0,12,0,2.0,1,1
0,12.0,157,122,0,0,6,0,1,0,1,1,1,0,2,100,2,1,5.0,1,1
1,28.0,122,0,0,1,0,0,2,1,1,1,2,2,1,0,4,0,0.0,1,1
1,3.0,100,78,1,0,6,0,0,0,1,0,1,0,2,0,2,0,5.0,1,1
0,36.0,59,116,0,1,0,0,0,2,0,0,1,0,1,0,2,0,5.0,1,1
1,2.0,99,101,2,0,4,5,1,1,1,0,1,0,3,0,2,0,5.0,0,1
0,1.0,136,0,0,1,0,0,1,0,1,1,1,0,1,0,4,0,5.0,1,1
0,2.0,136,107,0,1,0,0,1,1,0,0,1,0,1,0,2,0,4.0,1,1
1,1.0,100,0,1,0,2,5,1,0,1,1,1,0,1,0,2,0,2.0,1,1
0,2.0,25,0,0,0,1,0,1,0,1,1,1,0,1,0,2,0,1.0,1,1
1,3.0,100,0,1,0,1,0,0,0,1,1,1,0,1,0,5,0,9.0,1,1
1,2.0,100,0,1,0,5,0,0,0,1,1,1,0,1,0,12,0,3.0,1,1
0,2.0,57,0,1,4,6,0,0,2,0,0,0,0,1,0,2,0,7.0,1,1
0,2.0,136,0,1,0,0,0,1,0,1,0,1,0,1,0,12,0,14.0,1,1
0,2.0,136,0,1,1,0,0,1,0,1,1,1,0,1,0,2,0,1.0,1,1
0,12.0,10,0,1,0,0,0,3,0,0,0,0,0,1,350,2,0,3.0,1,1
0,18.0,136,8,1,0,2,3,1,0,0,0,0,0,1,0,2,0,10.0,1,1
1,4.0,100,0,1,1,0,0,1,0,1,0,1,0,1,0,1,0,1.0,1,1
0,2.0,136,0,1,1,0,0,1,0,1,1,1,0,2,0,12,0,9.0,1,1
0,2.0,65,107,1,0,1,3,1,0,1,0,1,0,2,0,2,0,5.0,1,1
0,9.0,136,0,1,0,1,0,1,0,0,0,0,0,1,0,2,0,2.0,1,1
1,9.0,100,101,0,2,0,0,1,0,1,1,1,0,1,0,2,0,5.0,1,1
0,27.0,136,0,1,1,6,0,1,0,0,0,0,0,1,0,2,0,1.0,1,1
0,2.0,136,0,2,1,4,0,1,0,0,0,1,0,3,50,2,0,0.0,1,1
0,7.0,5,33,1,0,1,5,1,1,0,0,1,0,1,200,2,2,4.0,1,1
0,60.0,48,37,1,0,6,0,0,1,0,0,1,0,1,100,12,0,1.0,1,1
1,12.0,125,0,2,1,6,0,1,1,0,0,0,0,2,0,7,0,5.0,1,1
0,96.0,8,0,0,2,0,0,2,2,0,0,1,0,1,0,12,0,1.0,0,1
0,1.0,136,107,1,0,6,0,0,0,1,1,1,0,2,0,2,0,4.0,0,1
0,1.0,136,0,2,0,1,5,0,1,1,1,1,0,6,0,2,0,5.0,1,1
0,1.0,136,0,1,0,1,0,1,0,1,0,1,0,1,0,2,0,5.0,1,1
0,2.0,147,18,2,1,0,0,0,0,0,0,1,0,2,0,3,0,5.0,0,1
0,8.0,136,5,1,0,3,5,1,1,0,0,0,0,1,0,4,0,5.0,1,1
1,6.0,129,78,0,6,0,0,1,1,1,1,1,0,1,0,12,0,6.0,1,1
0,2.0,136,0,2,0,1,5,1,0,1,1,1,0,5,0,2,2,10.0,0,1
1,2.0,99,78,2,0,1,4,1,1,1,1,1,0,15,0,5,0,8.0,1,1
0,84.0,45,0,1,1,6,0,1,0,0,0,0,0,1,0,5,0,21.0,1,1
0,1.0,44,0,0,0,0,0,2,0,0,0,1,0,1,350,7,0,3.0,1,1
0,5.0,136,0,0,0,6,0,1,1,0,1,1,0,1,0,2,0,1.0,1,1
1,4.0,132,77,1,1,4,4,1,1,0,0,1,0,1,0,2,1,7.0,1,1
1,0.0,100,0,1,1,2,0,0,0,0,0,0,0,1,50,12,0,2.0,1,1
1,18.0,100,0,2,0,6,0,1,0,0,0,1,0,4,0,1,0,0.0,1,1
1,2.0,100,0,1,0,3,5,0,0,1,0,1,0,1,0,12,0,2.0,1,1
0,3.0,147,107,2,4,6,0,1,0,0,0,1,0,2,0,2,3,6.0,1,1
0,36.0,136,0,1,4,0,0,2,0,0,0,2,0,1,100,3,0,1.0,1,1
1,3.0,100,0,2,0,2,5,0,0,1,0,1,0,2,300,12,0,8.0,1,1
1,30.0,100,0,1,0,5,0,0,0,1,0,0,0,1,0,12,0,4.0,1,1
1,6.0,100,0,1,1,3,5,1,0,0,0,0,0,1,0,2,0,5.0,1,1
0,2.0,136,0,0,0,1,5,1,1,1,1,1,0,2,0,3,0,3.0,1,1
0,3.0,136,0,1,0,1,0,1,0,0,0,1,0,1,50,2,0,2.0,1,1
1,5.0,99,0,1,1,4,0,0,1,1,1,1,0,1,0,2,0,6.0,1,1
0,2.0,136,0,0,0,1,0,1,0,1,0,1,0,1,0,3,0,3.0,1,1
0,9.0,136,0,1,1,0,0,1,0,0,0,0,0,1,0,2,0,1.0,1,1
0,72.0,136,0,2,1,0,0,2,0,2,2,2,0,4,0,4,0,2.0,0,1
1,3.0,100,0,2,0,1,5,0,0,0,0,2,0,3,0,12,0,5.0,1,1
0,2.0,136,0,2,0,1,4,1,1,1,1,2,0,5,0,4,0,1.0,1,1
1,1.0,80,90,1,0,5,5,1,0,2,2,1,0,3,0,12,0,3.0,1,1
0,24.0,142,0,2,1,6,0,1,0,0,0,0,0,2,0,12,0,1.0,1,1
0,1.0,136,107,1,0,1,5,1,0,1,1,1,0,1,100,2,0,4.0,1,1
1,15.0,135,0,0,0,6,0,1,0,0,0,1,0,1,0,12,0,3.0,1,1
1,2.0,100,101,2,0,1,5,1,0,1,1,1,0,3,0,2,0,2.0,1,1
1,4.0,100,104,1,0,1,4,1,0,1,0,1,0,1,0,2,0,1.0,1,1
1,3.0,91,0,1,0,1,5,0,1,1,1,1,0,1,0,2,0,2.0,1,1
0,24.0,136,0,1,1,0,0,1,1,1,2,0,0,1,0,7,0,5.0,1,1
0,2.0,136,0,1,5,0,0,1,0,1,1,2,0,4,0,5,0,5.0,1,1
1,60.0,91,0,1,0,2,5,1,1,0,0,0,0,1,0,12,0,1.0,1,1
1,12.0,99,0,0,1,0,0,1,1,1,1,0,0,1,0,12,0,3.0,1,1
0,2.0,51,107,1,0,1,5,1,0,0,0,1,0,1,0,2,0,3.0,1,1
1,2.0,100,0,1,0,6,0,1,0,1,0,1,0,1,0,2,0,2.0,0,1
0,4.0,136,0,1,0,1,0,1,0,1,1,2,0,1,0,2,0,2.0,1,1
1,2.0,100,0,1,0,3,5,0,0,0,0,1,0,1,0,2,0,2.0,1,1
1,4.0,117,78,0,4,6,0,0,0,0,0,1,0,1,250,2,0,4.0,1,1
0,1.0,136,0,1,0,6,0,1,0,1,1,1,0,1,0,5,0,5.0,0,1
0,2.0,136,0,1,1,0,0,1,1,1,0,1,0,1,0,2,0,1.0,1,1
0,16.0,57,0,0,0,1,5,0,2,0,0,0,0,1,180,2,0,4.0,1,1
1,4.0,100,0,0,1,0,0,1,0,0,0,1,2,1,0,2,0,2.0,1,1
0,2.0,136,0,0,0,1,0,1,0,1,1,1,0,1,0,2,1,4.0,1,1
0,8.0,136,0,1,0,0,0,1,0,0,0,0,0,1,0,3,0,2.0,1,1
1,2.0,100,0,0,5,6,0,1,0,1,1,1,0,1,0,2,0,4.0,1,1
0,0.0,136,107,2,0,1,2,1,1,1,1,1,0,7,0,12,0,1.0,0,1
1,5.0,99,0,1,0,5,0,1,1,1,0,1,0,2,0,12,0,1.0,1,1
0,1.0,136,107,1,0,1,0,0,0,1,0,1,0,3,50,4,1,11.0,1,1
0,4.0,136,0,1,1,6,0,1,0,0,0,0,0,2,100,2,0,2.0,1,1
0,36.0,65,18,0,0,6,0,1,0,0,0,0,0,1,0,2,0,5.0,1,1
0,3.0,136,0,1,1,0,0,1,0,1,1,2,0,4,0,5,0,4.0,0,1
0,1.0,136,0,2,0,0,0,1,0,1,1,1,0,6,0,2,0,4.0,1,1
0,2.0,136,107,0,0,1,0,1,0,0,0,1,0,1,0,12,0,3.0,1,1
0,48.0,151,0,0,1,0,0,1,1,0,0,1,0,1,200,2,0,0.0,1,1
1,3.0,100,0,0,1,5,5,1,0,0,0,1,0,1,0,2,0,6.0,1,1
0,2.0,136,0,1,1,0,0,1,1,0,0,1,0,1,0,2,0,2.0,1,1
0,5.0,158,107,0,0,1,0,1,0,0,0,0,0,1,0,2,0,6.0,1,1
1,5.0,100,67,0,0,0,0,1,1,0,0,1,0,1,120,2,0,1.0,1,1
1,8.0,89,0,1,0,3,0,1,1,0,0,0,0,1,0,12,0,4.0,1,1
0,2.0,136,0,2,0,6,0,2,0,1,1,1,0,6,0,7,0,1.0,0,1
0,3.0,136,0,0,0,6,0,1,0,0,0,1,0,1,0,2,0,3.0,1,1
0,3.0,136,0,0,0,6,0,1,0,0,0,0,0,1,0,2,0,3.0,1,1
1,1.0,80,0,1,0,1,0,1,0,1,1,1,0,1,0,12,0,5.0,1,1
0,1.0,136,0,1,1,0,0,1,0,0,0,0,0,1,0,2,0,1.0,1,1
1,2.0,100,0,0,0,6,0,1,0,1,0,1,0,1,0,12,0,4.0,1,1
1,2.0,100,0,1,1,6,0,0,0,1,1,1,0,1,0,12,0,1.0,1,1
1,2.0,100,0,2,4,5,5,1,0,1,1,1,0,5,0,2,0,5.0,0,1
0,3.0,136,0,0,0,0,0,1,0,1,1,1,0,2,0,2,0,8.0,1,1
0,3.0,136,0,1,0,1,0,1,0,2,2,2,0,1,0,2,0,6.0,1,1
0,2.0,136,107,1,0,0,0,1,1,0,0,1,0,1,0,2,0,1.0,1,1
1,4.0,99,0,1,3,6,0,1,1,1,1,1,0,1,100,10,0,2.0,1,1
1,3.0,88,92,1,0,1,5,1,1,0,0,0,0,1,200,12,0,2.0,1,1
0,72.0,65,16,1,1,4,0,1,1,0,0,0,0,1,0,2,0,3.0,1,1
1,60.0,90,0,1,1,2,4,1,2,0,0,1,0,1,0,7,0,11.0,1,1
1,3.0,100,0,0,0,1,5,1,0,1,1,1,0,1,0,12,0,3.0,1,1
0,1.0,136,107,1,0,3,0,1,0,1,1,1,0,1,0,3,0,2.0,1,1
0,2.0,136,107,1,1,0,0,1,1,0,0,1,0,1,0,2,0,7.0,1,1
0,1.0,136,14,1,0,0,0,1,1,1,0,0,0,2,0,2,0,13.0,1,1
1,2.0,100,0,1,0,1,5,0,0,1,1,1,0,1,0,3,0,11.0,1,1
0,72.0,62,0,0,6,0,0,1,1,1,1,1,0,1,0,2,0,2.0,1,1
1,1.0,100,0,1,1,0,0,0,0,1,0,1,0,6,0,2,0,1.0,1,1
0,2.0,136,0,2,0,1,5,1,1,1,0,1,0,11,0,12,0,29.0,1,1
0,24.0,136,107,1,1,3,5,1,0,0,0,0,0,1,0,2,0,6.0,1,1
1,4.0,99,0,1,1,5,5,0,1,1,1,1,0,1,0,2,0,1.0,1,1
1,2.0,99,0,0,0,1,4,1,1,1,0,1,0,1,50,2,1,5.0,1,1
1,3.0,117,63,1,0,1,1,1,1,1,1,1,0,3,0,12,0,3.0,1,1
1,2.0,100,0,2,0,5,0,1,0,1,1,1,0,5,0,2,0,5.0,1,1
1,1.0,100,69,1,0,3,5,1,0,1,0,1,0,1,0,2,0,3.0,1,1
0,2.0,136,107,2,1,3,3,1,0,0,0,1,0,2,0,12,0,5.0,1,1
1,0.0,100,0,0,0,1,0,1,0,1,1,1,0,1,0,2,0,2.0,0,1
0,5.0,153,29,0,4,6,0,1,0,0,0,0,0,1,0,12,0,6.0,1,1
0,17.0,153,107,1,0,6,0,1,1,2,2,2,0,1,0,2,0,3.0,1,1
0,22.0,13,4,0,0,5,5,1,0,0,0,1,0,1,0,2,0,4.0,1,1
0,3.0,136,0,1,1,0,0,1,0,0,0,1,0,1,0,2,0,4.0,1,1
1,3.0,98,0,1,6,0,0,1,2,0,0,0,0,1,0,2,0,4.0,1,1
0,1.0,136,0,1,0,6,0,1,1,0,0,1,0,1,0,4,0,1.0,1,1
1,2.0,91,0,1,0,1,5,0,1,1,1,1,0,1,0,2,0,5.0,1,1
0,4.0,136,0,0,0,1,5,1,0,1,1,1,0,1,0,12,0,1.0,1,1
1,2.0,100,101,1,1,0,0,1,0,1,1,1,1,1,15,2,0,1.0,1,1
0,36.0,44,107,1,0,0,0,2,0,2,2,2,0,1,350,2,1,1.0,1,1
1,24.0,117,0,0,2,3,3,2,2,2,2,2,0,1,0,12,0,1.0,1,1
1,5.0,100,0,0,3,0,0,1,0,1,0,1,0,1,0,12,0,3.0,1,1
0,2.0,136,0,0,0,1,5,1,0,1,1,1,0,1,0,2,0,2.0,1,1
0,1.0,136,0,0,0,1,0,1,0,1,1,1,0,1,0,2,0,6.0,1,1
0,12.0,136,0,0,6,0,0,2,0,1,1,1,0,1,0,2,0,2.0,1,1
1,3.0,99,0,2,3,5,5,0,1,0,0,1,0,2,0,12,0,15.0,1,1
1,2.0,100,0,0,5,6,0,1,0,0,1,1,0,1,0,6,0,3.0,1,1
0,1.0,136,0,1,0,0,0,1,1,1,1,1,0,1,0,12,0,5.0,1,1
1,78.0,89,0,0,1,0,0,1,2,0,0,0,0,1,0,2,0,1.0,0,1
1,12.0,100,0,1,0,6,0,3,0,0,0,0,0,1,0,12,0,1.0,1,1
1,1.0,100,0,1,0,1,5,0,0,1,1,1,0,1,0,12,0,1.0,0,1
0,4.0,136,0,2,0,2,3,1,0,0,0,1,0,4,0,12,0,4.0,1,1
1,2.0,122,78,0,1,0,0,0,0,0,1,1,0,1,0,9,0,2.0,1,1
0,2.0,136,0,0,1,6,0,1,0,1,1,1,0,1,0,2,0,2.0,1,1
0,1.0,136,0,1,0,6,0,1,1,1,1,1,0,1,0,2,0,7.0,1,1
0,72.0,65,50,0,4,6,0,1,1,0,0,1,0,1,0,12,0,1.0,1,1
1,3.0,100,0,1,0,6,0,1,0,0,2,1,0,1,0,2,1,5.0,1,1
0,48.0,48,0,0,6,0,0,0,2,0,0,2,1,1,0,2,0,4.0,1,1
0,4.0,21,9,1,4,0,0,1,0,0,0,1,0,1,0,2,0,3.0,1,1
0,60.0,44,0,1,0,1,0,2,0,0,0,0,0,1,350,2,1,4.0,1,1
1,5.0,100,0,0,2,3,0,1,0,1,1,1,0,1,0,2,0,5.0,1,1
1,2.0,100,101,1,0,5,0,0,1,1,1,1,0,1,0,2,0,5.0,1,1
0,12.0,5,107,1,0,0,0,2,1,0,0,1,0,1,0,2,0,2.0,1,1
0,9.0,59,0,0,1,2,0,0,1,0,0,1,0,1,0,12,0,5.0,1,1
0,18.0,136,0,0,1,0,0,1,1,0,0,1,0,1,0,7,0,5.0,1,1
0,3.0,136,107,1,6,0,0,1,0,1,1,1,0,1,0,12,0,3.0,1,1
1,21.0,98,97,0,4,5,5,2,2,0,0,1,1,1,0,2,0,1.0,1,1
1,3.0,100,101,1,2,4,0,1,1,1,1,1,0,1,0,7,0,3.0,1,1
1,7.0,84,0,0,0,1,0,0,0,0,0,1,0,1,250,4,0,5.0,1,1
0,36.0,136,107,0,0,0,0,1,1,0,0,0,0,1,150,2,0,1.0,1,1
1,12.0,100,0,1,1,4,0,1,0,1,0,1,0,1,0,2,0,1.0,0,1
1,9.0,129,0,0,0,1,4,1,0,0,0,0,0,1,0,2,0,4.0,1,1
1,4.0,100,0,1,5,6,0,0,0,1,0,1,0,1,0,2,0,9.0,1,1
1,2.0,100,0,1,0,0,0,0,0,1,1,1,0,2,0,2,0,3.0,1,1
1,2.0,100,0,1,0,2,5,1,0,1,1,1,0,1,0,5,0,4.0,1,1
1,1.0,99,0,0,2,4,0,1,1,1,0,1,0,1,50,2,0,8.0,1,1
0,1.0,136,0,2,0,1,0,1,0,1,1,1,0,3,0,2,0,9.0,0,1
0,2.0,136,0,1,4,0,0,1,0,2,2,1,0,1,0,2,0,2.0,1,1
0,24.0,44,0,0,0,1,0,2,0,1,0,0,0,1,350,2,0,7.0,1,1
1,4.0,129,0,0,0,1,0,0,0,0,0,1,0,1,200,7,0,6.0,1,1
0,1.0,5,107,0,0,1,0,1,1,2,2,1,0,1,0,2,0,2.0,1,1
0,2.0,136,107,2,0,4,5,1,0,1,1,1,0,3,0,2,0,0.0,0,1
0,3.0,157,107,0,0,2,5,2,0,1,0,1,0,1,0,2,0,19.0,1,1
0,2.0,28,107,0,0,1,0,0,0,1,0,1,0,1,0,12,0,5.0,1,1
1,2.0,100,0,0,6,0,0,1,0,1,1,1,0,2,0,12,0,1.0,1,1
0,6.0,136,0,0,2,3,3,1,0,1,1,1,0,1,0,12,0,1.0,1,1
1,1.0,99,0,2,0,3,4,1,1,1,1,1,0,3,0,12,0,5.0,1,1
1,18.0,100,0,1,5,6,0,0,0,1,0,0,0,4,0,3,1,2.0,1,1
1,3.0,100,0,1,0,0,0,1,0,0,0,1,0,1,0,4,1,13.0,1,1
1,2.0,100,0,1,5,6,0,1,0,1,0,1,0,1,0,12,0,2.0,0,1
1,2.0,100,0,1,5,6,0,1,0,1,0,1,0,1,50,2,0,2.0,1,1
0,2.0,136,0,0,0,0,0,1,0,1,0,1,0,1,200,2,0,4.0,1,1
1,12.0,132,0,1,0,1,1,0,1,0,0,0,0,1,300,2,0,4.0,1,1
1,3.0,99,0,2,1,3,5,1,1,1,1,1,0,3,0,2,0,2.0,1,1
1,4.0,100,0,1,0,0,0,1,0,0,0,1,0,1,0,2,0,5.0,1,1
0,1.0,136,0,1,1,0,0,1,1,1,0,1,0,1,0,12,0,0.0,1,1
0,1.0,136,0,2,0,1,5,1,1,1,1,2,0,5,0,3,0,8.0,1,1
0,24.0,51,107,1,0,6,0,1,0,0,0,0,0,1,0,12,0,3.0,1,1
0,2.0,136,0,1,1,6,0,1,0,0,0,1,0,1,0,2,0,2.0,1,1
0,12.0,48,107,0,1,0,0,0,0,0,0,1,0,1,0,12,0,4.0,1,1
1,2.0,85,100,0,5,6,0,1,0,1,1,1,1,1,0,2,0,2.0,1,1
0,60.0,24,0,0,6,0,0,0,2,0,0,0,0,1,0,12,0,5.0,1,1
1,36.0,99,0,0,0,5,5,2,1,0,0,0,0,1,0,2,0,4.0,1,1
1,0.0,91,0,1,0,2,5,0,1,1,1,1,0,1,100,12,0,3.0,0,1
0,3.0,136,0,1,0,1,0,1,1,0,0,2,0,1,100,3,0,3.0,1,1
0,36.0,13,0,0,5,6,0,2,1,0,0,0,1,1,200,2,0,5.0,1,1
1,5.0,129,60,1,0,5,0,1,0,2,2,1,0,1,0,12,0,1.0,1,1
1,2.0,99,0,0,0,6,0,1,1,1,0,1,0,1,0,2,0,6.0,1,1
1,3.0,100,78,0,0,1,0,1,0,1,1,1,0,1,0,2,0,4.0,1,1
0,2.0,136,0,2,1,4,5,1,0,2,0,1,0,5,0,12,0,1.0,1,1
0,72.0,151,0,0,1,2,0,1,2,2,2,1,0,1,0,12,0,4.0,1,1
0,1.0,136,0,1,0,1,0,1,1,2,2,1,0,1,0,2,0,4.0,1,1
0,24.0,136,0,1,1,4,0,1,0,0,0,0,0,1,0,12,0,6.0,1,1
1,2.0,100,0,1,0,3,5,1,0,1,0,1,0,4,0,6,0,7.0,1,1
1,5.0,84,97,2,4,0,0,1,1,1,1,2,0,3,0,2,0,4.0,0,1
0,1.0,5,18,0,0,1,0,1,1,1,0,1,0,1,0,12,0,2.0,1,1
0,4.0,4,4,2,0,1,0,1,0,2,2,1,0,2,0,2,0,6.0,1,1
1,5.0,129,0,2,2,0,0,1,0,0,0,1,0,2,0,7,0,4.0,1,1
0,12.0,136,0,0,1,4,5,1,1,1,1,1,0,1,0,2,0,3.0,1,1
1,5.0,132,69,2,0,3,5,0,0,0,0,1,0,4,0,2,0,8.0,1,1
0,12.0,136,0,0,1,6,0,1,0,1,0,1,0,1,0,2,0,2.0,1,1
0,43.0,136,0,2,1,0,0,1,0,0,0,0,0,2,0,2,0,4.0,1,1
1,3.0,100,0,0,0,5,0,1,0,1,0,1,0,1,0,7,0,10.0,1,1
1,6.0,99,0,1,5,0,0,1,1,1,1,1,0,1,0,2,0,2.0,1,1
0,2.0,44,107,1,0,0,0,1,0,1,1,1,0,1,0,12,0,1.0,1,1
0,2.0,136,0,0,0,1,0,1,0,1,0,1,0,1,0,2,0,5.0,1,1
1,6.0,100,0,1,5,0,0,0,0,1,0,1,0,1,0,2,0,3.0,1,1
0,12.0,136,6,1,1,2,0,1,1,0,0,0,0,1,0,2,1,20.0,1,1
0,2.0,136,0,0,6,0,0,1,0,1,1,1,0,1,20,3,0,1.0,1,1
0,2.0,136,0,2,1,3,0,0,0,1,1,1,0,2,0,2,0,1.0,1,1
1,4.0,100,0,1,0,0,0,1,0,1,1,1,0,1,0,1,0,6.0,1,1
0,68.0,44,107,0,0,1,0,2,0,0,0,1,0,1,0,4,0,6.0,1,1
1,3.0,100,0,0,0,6,0,0,0,1,1,1,0,2,0,1,0,9.0,1,1
1,4.0,84,97,0,6,0,0,1,1,1,1,1,0,2,100,2,0,1.0,1,1
0,3.0,21,107,1,1,0,0,1,0,0,0,1,0,1,0,2,0,6.0,1,1
1,2.0,100,0,0,0,6,0,0,0,1,2,1,0,1,0,2,0,1.0,0,1
0,2.0,136,0,1,4,0,0,1,0,2,2,1,0,1,0,12,0,1.0,0,1
0,12.0,136,0,0,1,0,0,2,0,0,0,0,0,1,0,2,1,4.0,1,1
0,1.0,136,0,1,4,0,0,1,0,1,0,1,1,1,0,2,1,7.0,1,1
1,4.0,100,0,0,3,6,0,1,0,0,0,0,0,1,100,12,0,4.0,1,1
0,1.0,136,107,1,4,0,0,1,0,1,1,1,0,1,0,3,0,1.0,1,1
0,0.0,143,0,1,0,1,0,0,0,1,1,1,1,1,0,12,0,2.0,1,1
0,1.0,136,0,1,1,4,0,1,1,1,1,1,0,1,0,3,0,6.0,1,1
1,12.0,99,97,0,4,6,0,2,1,1,2,1,0,1,0,2,0,4.0,1,1
1,2.0,100,0,1,1,0,0,1,0,1,1,1,0,1,0,2,0,2.0,1,1
1,6.0,100,0,1,2,4,5,1,0,0,0,0,0,1,0,2,0,4.0,1,1
1,1.0,115,0,0,2,6,0,1,0,1,0,1,0,4,0,2,0,1.0,1,1
1,8.0,81,102,1,0,1,5,1,0,1,1,0,0,1,0,2,0,6.0,1,1
0,6.0,136,0,0,2,0,0,1,1,1,1,0,0,1,50,12,0,1.0,1,1
0,2.0,136,0,0,0,1,0,1,1,1,1,1,0,1,0,2,0,2.0,0,1
1,5.0,100,78,1,2,3,5,0,0,0,0,1,0,2,10,12,0,12.0,1,1
0,1.0,136,0,1,0,1,0,1,0,1,1,1,0,2,0,2,0,5.0,1,1
0,12.0,136,0,0,0,1,0,1,0,0,0,1,0,1,0,2,0,1.0,1,1
1,4.0,100,0,0,5,6,0,1,0,1,1,1,0,1,0,2,0,7.0,0,1
1,1.0,99,0,0,0,5,5,1,1,1,1,1,0,1,0,12,0,5.0,1,1
0,12.0,136,0,1,4,0,0,0,0,0,1,1,0,1,0,12,0,2.0,1,1
0,96.0,156,28,0,5,0,0,0,2,1,1,1,0,1,20,3,0,1.0,1,1
1,2.0,134,0,0,6,0,0,1,0,1,0,1,0,2,0,2,0,4.0,0,1
0,2.0,65,0,2,0,1,5,1,0,1,1,1,0,2,0,2,0,3.0,1,1
0,2.0,65,107,2,0,1,2,1,1,2,2,2,0,3,0,3,0,1.0,1,1
0,1.0,136,107,1,0,0,0,1,2,0,0,1,0,1,0,2,0,3.0,1,1
0,55.0,136,0,1,1,2,0,1,0,1,1,1,0,10,0,12,0,2.0,1,1
1,5.0,100,0,1,1,2,5,1,0,0,0,0,0,1,0,2,0,5.0,1,1
1,29.0,100,0,1,1,6,0,1,0,2,2,1,0,1,0,2,0,3.0,0,1
0,4.0,136,0,2,1,0,0,1,0,1,1,1,0,5,0,2,0,5.0,1,1
0,24.0,136,107,1,0,1,3,1,0,0,0,0,0,2,0,2,8,30.0,1,1
1,3.0,99,0,0,0,1,5,1,1,1,0,2,0,1,0,2,0,6.0,1,1
1,3.0,100,0,0,0,0,0,1,0,0,0,1,0,1,59,12,0,4.0,1,1
1,6.0,100,0,0,6,0,0,1,0,0,0,0,0,1,100,12,0,1.0,1,1
1,0.0,80,78,2,2,5,5,1,0,1,1,1,0,4,10,2,0,0.0,1,1
1,3.0,100,0,1,0,6,0,0,0,1,1,1,0,1,0,5,0,1.0,1,1
1,20.0,122,76,2,0,1,2,1,2,0,0,1,0,5,0,2,0,1.0,1,1
0,32.0,136,10,1,1,6,0,1,0,0,1,0,0,1,0,12,0,1.0,0,1
1,6.0,100,0,0,0,6,0,1,1,1,0,1,0,1,0,2,0,1.0,0,1
0,12.0,45,0,0,0,1,5,0,0,2,2,2,1,1,0,5,0,3.0,1,1
0,1.0,136,0,0,6,0,0,1,1,1,0,1,0,1,0,2,0,5.0,1,1
1,18.0,100,0,2,0,3,5,1,0,0,0,0,0,4,0,2,0,4.0,1,1
1,2.0,115,0,2,0,5,5,0,0,1,1,1,0,3,0,5,0,4.0,1,1
0,15.0,33,0,1,6,0,0,2,1,0,0,2,0,1,150,2,0,2.0,1,1
1,3.0,99,0,1,0,3,5,0,1,1,1,1,0,1,0,2,0,1.0,1,1
1,6.0,100,77,2,0,3,5,0,0,2,2,2,0,5,0,3,0,2.0,1,1
1,2.0,98,76,2,5,6,0,1,2,1,0,1,0,2,0,5,0,4.0,1,1
0,9.0,57,0,1,0,1,5,0,2,0,0,1,0,1,350,12,0,5.0,1,1
0,2.0,136,0,1,0,3,0,1,0,0,0,1,0,1,0,2,0,4.0,1,1
1,3.0,103,78,2,0,3,5,1,0,1,1,1,0,7,0,2,0,3.0,0,1
0,30.0,136,14,0,2,0,0,1,0,0,0,0,0,1,0,2,0,1.0,1,1
0,12.0,136,0,1,6,0,0,1,0,2,0,2,0,1,0,2,0,6.0,1,1
0,3.0,136,0,1,0,6,0,1,0,0,0,1,0,1,0,2,0,1.0,1,1
0,2.0,136,0,1,0,6,0,1,0,0,0,1,0,1,0,2,0,4.0,0,1
0,48.0,65,0,0,1,4,5,1,2,0,0,0,0,1,0,2,0,3.0,1,1
0,1.0,136,0,1,0,1,0,1,0,1,1,1,0,1,0,2,0,4.0,0,1
0,24.0,136,0,1,0,1,5,1,1,0,0,0,0,1,0,2,0,3.0,1,1
0,6.0,136,0,0,1,6,0,1,0,0,0,1,0,1,0,12,0,3.0,1,1
1,1.0,120,76,1,4,5,0,1,2,1,0,1,0,1,100,2,0,5.0,1,1
0,24.0,136,0,1,1,0,0,1,0,0,0,0,0,1,350,2,0,6.0,1,1
1,1.0,129,78,0,0,5,5,1,0,1,0,1,0,1,0,2,0,3.0,1,1
0,7.0,136,121,1,1,0,0,0,0,0,0,0,0,1,1,2,0,4.0,1,1
0,27.0,136,0,1,1,6,0,0,0,0,0,0,0,1,0,2,0,1.0,0,1
0,2.0,136,14,1,1,4,5,1,0,2,2,2,0,3,0,3,0,1.0,1,1
1,1.0,100,0,2,1,3,4,0,1,1,1,1,0,5,0,2,0,7.0,0,1
0,36.0,57,44,1,0,5,5,0,2,0,0,2,0,1,0,6,0,4.0,1,1
0,1.0,136,0,1,1,5,5,1,0,1,0,1,0,1,0,2,3,16.0,1,1
0,48.0,38,0,0,6,0,0,0,0,0,0,1,0,1,0,12,0,1.0,1,1
1,12.0,132,0,1,1,4,5,1,0,1,1,0,0,1,0,2,0,3.0,1,1
1,1.0,100,0,0,0,6,0,0,1,1,0,1,0,1,0,3,2,8.0,1,1
0,3.0,21,107,1,4,0,0,1,0,0,0,0,0,2,0,2,0,5.0,1,1
1,1.0,117,77,0,4,6,0,0,2,1,0,1,1,4,88,7,0,4.0,1,1
0,1.0,136,0,0,1,0,0,1,0,1,1,1,0,1,0,2,0,2.0,1,1
0,5.0,136,0,1,0,0,0,1,1,0,0,0,0,1,0,2,0,8.0,1,1
0,4.0,136,0,0,0,0,0,1,0,0,0,1,0,1,70,12,0,5.0,1,1
1,5.0,100,0,2,5,0,0,0,0,0,0,0,0,2,0,12,0,6.0,1,1
1,2.0,100,0,2,5,6,0,1,0,0,0,1,0,3,0,2,0,3.0,1,1
1,0.0,100,0,2,0,3,5,0,0,1,1,1,0,4,100,2,0,0.0,1,1
1,72.0,100,78,1,5,0,0,1,0,0,0,0,0,1,0,2,0,4.0,1,1
1,15.0,100,0,0,2,6,0,2,0,0,0,0,0,1,0,2,0,6.0,1,1
0,4.0,136,0,1,1,0,0,1,0,1,0,1,0,1,80,2,0,1.0,1,1
1,1.0,100,0,2,0,5,5,1,1,1,1,1,0,3,0,12,0,5.0,0,1
0,48.0,57,0,0,0,0,0,0,1,0,0,1,0,1,0,12,0,0.0,0,1
0,11.0,8,0,1,2,6,0,2,1,0,0,1,0,1,0,2,0,1.0,1,1
0,2.0,136,0,1,0,6,0,1,0,1,1,1,0,1,0,2,0,2.0,1,1
0,12.0,21,107,1,2,3,0,1,1,2,2,2,0,1,0,5,0,2.0,1,1
1,12.0,99,0,2,0,4,5,1,1,0,0,0,0,2,0,3,0,4.0,1,1
0,2.0,136,107,0,1,3,3,1,0,1,0,1,0,1,80,2,0,3.0,0,1
0,24.0,8,0,1,2,0,0,1,2,0,0,0,0,1,0,2,0,0.0,1,1
1,2.0,99,0,0,0,5,0,1,1,0,0,1,1,1,0,12,0,5.0,0,1
0,2.0,136,0,0,0,1,0,1,1,0,0,1,0,1,60,3,0,3.0,1,1
0,2.0,136,0,0,0,1,0,1,1,0,0,1,0,1,0,4,0,1.0,1,1
0,2.0,136,0,0,1,6,0,0,0,2,2,2,0,1,0,2,0,1.0,1,1
0,2.0,136,0,1,0,1,0,0,0,1,0,1,0,1,0,12,0,6.0,1,1
0,2.0,136,107,1,0,6,0,1,0,1,1,1,0,1,0,2,0,1.0,1,1
0,12.0,136,0,2,1,0,0,1,1,2,2,2,0,2,0,12,0,2.0,1,1
0,2.0,65,107,0,1,4,0,1,0,1,0,1,0,1,0,2,0,2.0,1,1
1,4.0,100,0,0,0,5,5,1,0,2,2,2,0,1,0,2,1,11.0,1,1
1,5.0,129,0,2,4,5,0,0,0,1,0,1,0,2,0,12,0,2.0,1,1
1,3.0,100,0,0,0,1,0,0,0,1,0,1,0,1,0,5,0,2.0,1,1
1,2.0,100,0,1,0,1,4,0,0,1,0,1,0,1,0,2,0,4.0,1,1
0,3.0,136,0,1,3,4,0,1,1,0,0,2,0,1,100,3,0,2.0,1,1
1,4.0,99,77,2,0,5,0,1,1,1,1,1,0,4,0,2,0,1.0,1,1
1,3.0,99,0,0,0,1,0,1,1,1,0,1,0,3,0,12,0,2.0,1,1
1,14.0,99,0,1,0,1,5,1,1,1,1,1,0,1,0,5,0,2.0,1,1
1,0.0,11,0,2,2,5,5,1,1,1,1,2,0,10,0,12,0,0.0,1,1
1,7.0,109,97,0,0,3,0,2,1,1,0,1,0,1,70,2,0,5.0,1,1
0,1.0,136,0,2,0,1,0,1,0,1,1,1,0,4,0,2,0,0.0,1,1
0,12.0,21,0,0,1,0,0,2,0,2,2,2,0,1,0,2,0,1.0,1,1
0,3.0,136,0,1,1,6,0,1,0,0,0,0,0,1,0,2,0,6.0,1,1
0,1.0,44,107,0,0,1,0,1,1,1,1,1,0,1,0,12,0,2.0,0,1
0,36.0,16,0,0,1,6,0,1,0,0,0,1,0,1,0,7,0,3.0,1,1
0,4.0,136,0,1,1,6,0,1,0,1,0,0,0,1,0,12,0,11.0,1,1
0,1.0,136,0,1,1,0,0,1,0,1,0,1,0,2,0,12,0,14.0,1,1
1,2.0,100,0,2,0,6,0,1,1,1,1,1,0,5,0,2,0,5.0,1,1
1,3.0,98,0,1,3,6,0,2,2,1,0,2,0,1,0,2,0,1.0,1,1
1,3.0,100,0,1,0,6,0,2,0,1,0,1,0,1,0,0,0,3.0,0,1
1,12.0,99,0,1,0,6,0,1,1,0,0,0,0,1,150,2,0,3.0,1,1
0,36.0,51,0,1,0,1,0,1,0,0,0,0,0,1,250,2,0,3.0,0,1
0,2.0,136,0,0,0,0,0,0,0,0,0,0,0,1,0,12,0,1.0,1,1
0,4.0,136,9,1,0,1,0,1,1,0,0,1,0,1,0,2,0,4.0,1,1
1,61.0,100,0,0,6,0,0,2,0,0,0,0,0,1,0,12,1,6.0,1,1
0,1.0,136,107,2,0,2,2,1,1,1,1,1,0,7,0,2,1,10.0,0,1
1,5.0,100,78,0,0,0,0,1,0,0,0,0,0,1,0,2,0,4.0,1,1
1,1.0,100,0,0,0,4,4,1,0,1,1,1,0,1,0,2,2,5.0,1,1
1,1.0,99,0,1,0,5,5,1,1,1,0,1,0,1,0,12,0,3.0,1,1
1,1.0,99,0,1,0,5,5,1,1,1,1,1,0,1,0,2,0,6.0,1,1
1,3.0,117,77,1,2,0,0,2,1,1,0,1,0,1,150,2,0,7.0,1,1
0,13.0,48,107,1,0,5,5,1,1,0,0,0,0,1,0,2,0,3.0,1,1
0,2.0,136,0,1,4,0,0,1,0,1,1,1,0,1,0,2,0,3.0,1,1
1,36.0,100,0,1,5,6,0,1,0,0,0,1,0,1,0,12,0,4.0,1,1
0,1.0,136,0,1,0,0,0,1,1,1,0,1,0,1,0,2,0,4.0,1,1
1,5.0,129,0,0,2,6,0,1,0,0,0,1,0,1,0,12,0,1.0,1,1
1,120.0,98,78,1,0,1,5,2,2,2,2,2,0,2,50,12,0,1.0,1,1
0,2.0,136,107,1,0,1,0,1,1,1,1,0,0,1,0,2,0,5.0,1,1
0,2.0,136,107,1,1,0,0,1,0,0,0,1,0,1,0,12,0,3.0,1,1
1,7.0,117,76,0,0,1,4,2,2,0,0,1,0,1,200,12,0,3.0,1,1
0,1.0,21,107,0,1,0,0,1,0,2,2,1,0,1,0,2,0,1.0,1,1
1,1.0,100,0,0,1,3,5,0,0,1,1,1,0,1,0,12,0,2.0,1,1
1,3.0,100,0,0,1,2,0,0,0,0,0,1,0,1,0,2,0,6.0,1,1
1,5.0,100,0,1,1,6,0,0,0,1,1,1,0,1,100,12,0,2.0,1,1
0,4.0,136,0,1,0,0,0,1,1,0,0,1,0,1,0,2,0,3.0,1,1
1,2.0,100,0,2,0,1,5,1,0,1,1,1,0,5,0,12,0,7.0,0,1
0,18.0,136,120,0,4,0,0,1,0,0,0,1,0,1,0,4,0,2.0,1,1
0,0.0,136,107,0,1,0,0,0,0,2,2,2,0,1,0,7,0,8.0,1,1
1,3.0,129,0,1,0,5,5,1,0,0,0,1,0,1,0,2,0,2.0,1,1
0,5.0,136,0,1,3,0,0,1,0,0,0,2,0,1,0,12,0,5.0,1,1
1,2.0,99,77,2,0,5,5,0,1,1,1,1,0,4,0,12,0,5.0,1,1
1,48.0,129,0,2,1,2,2,1,1,0,0,0,0,2,0,12,0,5.0,1,1
0,54.0,37,0,0,1,4,0,0,1,2,2,2,0,1,0,2,0,12.0,1,1
1,2.0,100,0,1,1,5,0,1,0,1,1,1,0,1,0,12,0,1.0,1,1
0,1.0,136,0,1,0,6,0,1,0,1,2,2,0,1,0,2,0,1.0,0,1
0,2.0,136,0,1,0,1,0,1,0,2,2,1,0,1,0,2,0,2.0,1,1
0,1.0,136,0,2,1,6,0,1,1,1,1,1,0,7,0,2,0,5.0,1,1
0,24.0,136,0,1,1,0,0,1,0,2,2,2,0,1,0,12,0,1.0,1,1
1,2.0,99,0,2,0,5,5,0,1,1,1,2,0,7,0,2,0,1.0,1,1
0,2.0,136,107,2,0,1,0,1,0,1,1,1,0,3,0,2,0,5.0,0,1
0,3.0,136,0,1,0,6,0,1,0,1,0,1,0,1,0,12,0,5.0,1,1
1,1.0,100,0,0,2,6,0,0,0,1,0,1,0,1,0,2,0,4.0,1,1
0,8.0,136,0,1,6,0,0,1,2,0,0,0,0,1,0,0,0,4.0,1,1
1,60.0,100,0,1,6,0,0,1,0,0,0,0,0,1,0,2,0,1.0,1,1
1,4.0,98,97,1,0,5,5,2,2,1,0,1,0,2,200,2,0,9.0,1,1
1,2.0,100,0,0,0,1,2,0,0,2,2,2,0,1,0,12,0,4.0,1,1
0,1.0,136,0,0,1,6,0,1,1,0,0,1,0,1,0,2,0,5.0,1,1
1,4.0,122,77,1,0,4,5,1,1,0,2,1,0,1,0,2,0,3.0,1,1
1,11.0,100,78,2,0,2,5,1,1,0,0,0,0,6,0,2,0,5.0,1,1
1,4.0,100,77,1,2,6,0,1,0,0,0,1,0,1,0,2,1,1.0,1,1
0,3.0,136,0,1,1,5,5,1,0,0,0,1,0,2,0,12,1,3.0,1,1
1,2.0,100,0,1,0,5,0,0,0,1,0,1,1,1,0,2,0,5.0,1,1
1,12.0,100,0,1,0,6,0,1,1,1,1,1,0,1,0,7,0,2.0,1,1
0,1.0,8,107,1,3,0,0,1,1,0,0,1,0,1,0,12,0,10.0,1,1
1,12.0,99,0,1,0,0,0,2,1,2,2,2,0,1,0,3,0,2.0,1,1
0,6.0,59,0,0,0,1,5,0,1,0,0,1,0,1,0,3,0,3.0,1,1
0,3.0,136,0,1,0,1,0,1,0,0,0,1,0,1,50,2,0,2.0,1,1
1,25.0,100,0,0,0,2,5,1,0,0,0,0,0,2,50,12,0,6.0,1,1
0,3.0,136,14,2,0,1,0,1,0,2,2,2,0,3,0,3,0,1.0,1,1
0,2.0,136,0,1,2,6,0,1,0,1,1,1,0,1,20,3,0,1.0,1,1
1,2.0,100,0,1,0,5,5,1,0,2,0,2,0,1,0,12,0,1.0,1,1
0,2.0,136,0,1,0,6,0,1,1,0,0,1,0,1,0,2,1,3.0,1,1
0,5.0,136,0,0,0,1,0,2,0,1,1,1,0,1,0,2,0,0.0,1,1
1,2.0,100,0,2,0,5,5,1,0,1,0,1,0,2,9,2,0,6.0,1,1
0,1.0,136,107,1,0,6,0,1,0,1,2,1,0,1,0,2,0,1.0,1,1
0,3.0,136,0,0,0,1,0,1,1,1,1,1,0,1,0,2,0,2.0,1,1
0,24.0,136,0,0,0,6,0,1,0,2,2,0,0,1,0,7,0,2.0,1,1
1,1.0,129,0,2,1,5,5,0,0,1,1,1,0,5,0,2,0,6.0,1,1
1,6.0,100,0,1,1,2,0,1,0,1,1,1,0,1,0,2,0,1.0,0,1
0,4.0,21,0,1,0,0,0,1,0,1,0,1,0,4,0,2,0,2.0,1,1
0,3.0,16,14,1,1,6,0,1,0,0,0,1,0,1,350,7,0,1.0,1,1
1,7.0,100,0,0,3,6,0,1,0,1,0,0,0,1,0,2,0,1.0,1,1
1,4.0,113,100,1,0,5,0,1,0,0,0,0,0,1,0,2,0,3.0,1,1
1,6.0,99,0,0,1,0,0,0,2,1,1,1,0,1,0,2,0,3.0,1,1
0,3.0,136,0,2,1,2,0,1,0,0,0,1,0,3,0,2,0,3.0,0,1
1,3.0,99,0,2,2,5,5,1,1,1,1,2,0,6,0,0,0,5.0,0,1
0,2.0,27,107,2,0,1,3,1,0,0,0,1,0,6,0,12,0,5.0,1,1
0,1.0,151,107,2,0,1,5,1,0,1,1,1,0,2,100,2,0,6.0,1,1
1,9.0,100,0,1,0,0,0,1,0,1,1,1,0,1,0,2,0,5.0,1,1
0,2.0,136,0,0,0,1,3,0,0,1,0,1,0,1,0,2,0,4.0,1,1
1,3.0,100,0,1,0,6,0,0,0,1,1,1,0,1,0,12,0,0.0,1,1
1,7.0,119,78,1,6,0,0,1,0,1,0,1,0,1,150,12,0,2.0,1,1
1,2.0,91,60,2,2,6,0,1,1,1,0,1,0,2,0,12,0,3.0,1,1
0,1.0,136,0,2,0,1,5,1,0,1,0,1,0,17,0,4,0,14.0,1,1
1,1.0,100,0,2,0,5,5,0,0,1,0,1,1,3,0,2,0,7.0,1,1
1,2.0,117,76,1,5,0,0,0,2,2,0,2,0,1,0,2,0,5.0,1,1
0,8.0,136,107,1,1,2,0,0,1,2,2,2,0,1,0,12,0,3.0,1,1
1,6.0,100,0,0,0,6,0,1,0,0,0,2,0,1,0,12,0,6.0,1,1
0,24.0,136,0,0,4,0,0,1,1,2,2,0,0,20,0,5,0,1.0,1,1
0,4.0,136,0,1,3,6,0,1,0,1,0,1,0,1,0,4,0,2.0,1,1
0,30.0,38,0,1,4,6,0,1,0,0,0,1,0,1,0,12,0,2.0,1,1
1,16.0,98,77,0,6,0,0,2,1,1,0,0,0,2,150,11,0,3.0,1,1
0,39.0,136,0,1,1,0,0,1,0,0,0,2,0,1,0,2,0,1.0,1,1
1,12.0,99,0,1,6,0,0,1,1,1,2,2,0,1,0,0,0,1.0,1,1
0,5.0,136,0,1,1,4,5,1,0,0,0,1,0,1,0,2,0,11.0,1,1
0,51.0,57,0,1,1,6,0,1,0,0,0,0,0,1,188,2,0,2.0,1,1
1,3.0,100,0,1,0,6,0,0,0,1,1,1,0,1,0,12,0,1.0,1,1
1,3.0,99,0,0,3,6,0,1,1,1,1,1,0,1,50,2,0,3.0,1,1
1,12.0,100,78,0,0,5,5,1,0,0,0,0,0,1,0,10,0,3.0,1,1
1,4.0,100,0,2,2,5,0,1,0,1,0,1,0,10,0,3,0,5.0,0,1
1,4.0,115,90,1,2,5,5,0,0,1,1,1,0,1,0,12,0,2.0,1,1
1,12.0,100,0,0,1,6,0,1,1,0,0,0,0,1,0,3,0,5.0,1,1
1,3.0,100,0,0,1,5,5,1,0,2,2,2,0,1,0,12,0,0.0,1,1
1,4.0,91,0,1,0,2,5,1,0,0,0,1,0,2,0,2,0,3.0,1,1
1,3.0,100,0,0,2,0,0,1,0,1,0,1,0,1,0,2,0,1.0,1,1
0,1.0,136,0,0,0,1,5,1,0,1,1,1,0,1,0,4,0,2.0,1,1
1,12.0,122,77,2,0,1,3,1,1,0,0,0,0,4,0,7,0,5.0,1,1
0,4.0,136,0,0,1,2,0,1,0,0,0,1,0,1,150,12,0,8.0,1,1
0,2.0,136,0,1,0,1,0,1,0,0,0,1,0,1,0,2,0,3.0,1,1
0,4.0,136,0,1,1,0,0,1,1,0,0,1,0,1,0,2,0,1.0,1,1
0,5.0,136,107,1,1,6,0,1,0,0,0,0,0,1,0,12,0,1.0,1,1
1,1.0,100,0,2,0,1,5,0,0,1,1,1,0,2,0,2,0,3.0,0,1
1,2.0,91,0,1,0,1,5,1,1,1,1,1,0,1,0,12,0,4.0,1,1
1,12.0,117,92,0,6,0,0,1,0,0,1,2,0,1,0,12,0,0.0,1,1
1,3.0,99,0,2,0,4,4,0,1,1,1,1,0,4,0,2,0,10.0,1,1
1,1.0,91,78,1,0,1,1,0,0,1,1,1,0,1,0,12,0,2.0,0,1
1,16.0,100,0,0,0,6,0,1,0,0,0,0,0,2,350,12,0,3.0,1,1
1,4.0,98,0,0,3,0,0,0,2,2,2,2,0,1,0,12,0,3.0,1,1
1,2.0,100,0,1,1,0,0,1,0,0,0,1,0,1,100,12,0,8.0,1,1
0,24.0,136,0,0,0,0,0,1,0,0,0,0,0,1,0,12,0,2.0,1,1
0,24.0,16,0,0,1,6,0,1,0,0,0,1,0,1,0,2,0,1.0,1,1
0,12.0,136,0,0,2,4,0,1,0,0,0,0,0,1,0,2,0,1.0,1,1
0,36.0,57,0,0,4,0,0,1,0,0,0,2,0,1,80,4,0,3.0,0,1
0,2.0,136,14,0,1,6,0,1,1,1,1,1,0,1,0,12,0,2.0,0,1
0,5.0,136,0,1,0,1,3,1,0,2,2,2,0,1,0,2,0,3.0,1,1
1,1.0,99,77,0,0,6,0,1,1,1,1,1,0,1,0,2,0,3.0,1,1
1,6.0,99,90,1,0,1,0,0,1,2,2,2,0,3,0,2,0,0.0,0,1
0,48.0,38,28,1,4,0,0,0,0,2,2,2,0,1,200,2,0,1.0,1,1
1,21.0,115,0,2,0,3,0,1,0,0,0,0,0,2,0,12,0,2.0,1,1
1,4.0,100,0,1,0,5,0,1,0,1,2,1,1,1,0,2,0,1.0,1,1
0,4.0,51,107,1,1,0,0,1,0,0,0,2,0,1,120,12,0,8.0,1,1
1,24.0,100,0,0,0,6,0,1,0,0,0,0,0,1,0,2,0,8.0,1,1
1,24.0,100,78,1,4,0,0,0,0,0,0,2,0,1,0,2,0,2.0,1,1
1,1.0,100,0,0,0,1,5,1,0,0,0,1,0,1,0,2,0,5.0,1,1
0,24.0,136,0,0,0,4,0,0,1,2,2,2,1,1,0,2,0,1.0,1,1
0,2.0,136,107,0,0,1,0,1,0,0,0,1,0,2,0,2,0,3.0,1,1
1,11.0,98,0,0,0,6,0,1,0,1,1,1,0,1,50,2,0,2.0,1,1
1,2.0,99,0,1,5,6,0,0,1,1,0,1,0,1,0,12,0,10.0,1,1
0,1.0,136,0,1,0,1,0,1,0,2,2,1,0,1,0,2,0,3.0,1,1
1,5.0,100,0,1,2,6,0,0,0,1,1,1,0,1,0,12,0,1.0,1,1
1,48.0,100,0,0,0,6,0,1,0,1,2,2,0,1,0,2,0,5.0,1,1
1,1.0,100,0,2,3,6,0,1,0,1,1,1,0,6,0,7,0,5.0,1,1
0,24.0,8,0,1,2,0,0,1,1,0,0,1,0,1,0,2,0,2.0,1,1
1,1.0,100,101,0,2,0,0,1,0,1,0,1,0,1,0,2,0,6.0,1,1
0,1.0,136,0,2,0,1,0,1,0,1,1,2,0,4,0,5,0,9.0,1,1
0,36.0,8,0,0,2,0,0,1,1,0,0,0,0,1,0,12,0,5.0,1,1
0,1.0,136,107,0,0,6,0,1,0,1,0,1,0,1,0,2,0,2.0,1,1
1,3.0,80,0,1,0,0,0,0,1,0,1,0,0,1,0,2,0,5.0,1,1
0,4.0,136,107,1,0,1,2,1,1,0,0,1,0,2,0,2,0,2.0,1,1
0,2.0,136,0,2,0,1,5,1,0,1,1,1,0,7,0,2,0,3.0,1,1
0,48.0,35,0,1,0,6,0,1,0,0,0,0,0,1,300,2,0,3.0,1,1
1,29.0,100,0,0,0,1,0,1,0,0,0,0,0,1,90,12,0,11.0,1,1
1,1.0,100,0,2,0,1,2,0,0,1,1,1,0,3,0,3,0,3.0,1,1
0,6.0,8,107,1,6,0,0,1,1,1,1,0,0,1,0,3,0,1.0,1,1
1,4.0,100,78,0,2,0,0,1,0,0,0,1,0,1,0,3,0,4.0,1,1
0,2.0,136,0,1,1,0,0,1,0,0,0,0,0,1,0,4,0,4.0,1,1
0,2.0,41,0,1,0,1,5,1,0,1,1,1,0,1,0,2,0,4.0,1,1
0,4.0,8,51,1,2,4,5,2,1,0,0,1,0,1,0,2,1,21.0,1,1
0,12.0,136,0,1,0,6,0,0,0,0,0,0,0,1,0,2,0,4.0,1,1
0,48.0,136,107,1,0,0,0,1,0,1,1,1,0,1,0,12,0,4.0,1,1
1,6.0,78,0,1,0,2,3,1,1,1,2,2,0,2,0,2,0,5.0,1,1
0,36.0,38,118,1,4,6,0,0,1,0,0,0,0,1,200,2,0,5.0,1,1
0,10.0,21,6,1,0,6,0,1,1,0,0,1,0,1,0,2,0,2.0,1,1
1,9.0,99,0,1,3,6,0,2,0,1,0,0,0,1,0,7,0,4.0,1,1
0,2.0,136,0,1,0,1,5,1,1,0,0,1,0,1,0,2,0,2.0,1,1
0,4.0,136,0,1,1,0,0,1,0,0,0,1,0,1,50,2,0,1.0,1,1
0,12.0,136,107,1,0,6,0,1,0,0,0,0,0,1,0,2,0,7.0,1,1
1,4.0,122,0,1,1,5,5,2,1,1,1,1,0,1,100,2,0,3.0,1,1
1,14.0,100,97,0,1,4,0,1,0,0,1,1,0,1,0,2,0,1.0,1,1
0,8.0,136,0,0,1,6,0,1,0,1,1,1,0,1,0,4,0,1.0,1,1
1,2.0,78,78,2,1,2,4,0,0,1,1,1,0,2,0,2,0,3.0,0,1
1,26.0,100,85,0,2,4,0,2,1,0,0,0,0,1,100,2,0,4.0,1,1
1,2.0,100,0,0,0,6,0,1,0,1,0,1,0,1,0,12,0,12.0,1,1
0,2.0,136,0,0,1,2,5,1,0,1,1,1,0,1,0,12,0,2.0,1,1
1,1.0,100,78,2,0,3,5,1,0,1,1,1,0,2,0,12,0,3.0,1,1
1,1.0,98,0,1,0,6,0,2,2,1,0,2,0,1,0,2,0,2.0,1,1
0,1.0,136,0,2,1,0,0,1,0,1,1,1,0,7,0,3,0,2.0,1,1
1,1.0,99,0,0,0,6,0,0,1,1,0,1,0,1,0,6,0,10.0,1,1
0,4.0,5,107,1,0,1,0,1,0,2,2,1,0,1,0,2,0,3.0,1,1
0,2.0,136,0,0,0,1,0,1,0,0,0,0,0,2,0,2,0,4.0,1,1
0,4.0,136,6,0,2,0,0,1,0,0,1,1,0,1,300,2,0,4.0,1,1
0,5.0,136,0,1,0,0,0,1,0,0,1,0,0,1,0,2,1,1.0,1,1
0,1.0,136,0,0,0,1,5,1,1,2,2,2,0,1,0,2,0,5.0,1,1
1,1.0,100,0,1,0,1,1,1,0,1,1,1,0,1,0,2,0,6.0,1,1
1,1.0,100,0,0,2,6,0,0,0,1,1,1,0,1,0,12,0,3.0,0,1
0,18.0,44,0,1,0,1,0,3,1,0,0,0,0,1,0,2,0,4.0,1,1
0,24.0,65,0,1,6,0,0,1,2,2,2,0,0,1,0,2,0,1.0,1,1
1,2.0,100,78,2,0,5,0,0,1,1,1,1,0,4,0,2,0,5.0,1,1
0,24.0,37,107,0,3,6,0,0,1,2,2,2,0,1,0,12,0,9.0,1,1
1,17.0,98,0,1,0,0,0,1,2,0,0,1,0,1,0,12,0,5.0,1,1
1,18.0,117,78,1,4,0,0,1,1,2,0,1,0,2,0,2,0,5.0,1,1
0,10.0,136,0,1,4,6,0,1,0,0,0,1,0,1,110,2,0,2.0,1,1
0,2.0,136,107,2,0,4,5,1,1,1,0,1,0,5,0,12,0,6.0,1,1
0,9.0,136,0,0,0,1,0,1,0,0,0,0,0,1,0,12,0,5.0,1,1
0,5.0,136,0,1,1,3,0,1,0,2,2,2,0,1,0,2,0,2.0,1,1
0,1.0,136,0,1,0,1,5,1,1,1,0,1,0,1,0,2,0,2.0,1,1
0,2.0,136,107,1,1,0,0,1,1,1,0,1,0,1,0,2,0,3.0,1,1
0,3.0,136,14,0,4,0,0,1,1,2,2,1,0,1,0,2,0,3.0,1,1
0,2.0,136,17,0,0,1,0,1,0,0,0,1,0,2,0,2,0,2.0,1,1
1,21.0,129,0,1,3,6,0,1,0,0,0,0,1,1,0,2,0,2.0,1,1
1,3.0,100,0,2,0,5,5,1,0,1,1,1,0,5,0,12,0,8.0,1,1
0,1.0,136,0,1,1,0,0,1,1,1,1,1,0,1,0,2,0,3.0,1,1
1,1.0,100,0,1,0,1,5,1,0,1,1,1,0,3,0,2,0,3.0,1,1
0,9.0,136,0,1,3,4,0,1,0,1,0,1,0,1,250,2,0,6.0,1,1
0,24.0,157,107,1,0,1,3,1,0,0,0,0,0,5,0,3,0,1.0,1,1
0,1.0,136,0,1,0,0,0,1,0,1,0,1,0,1,0,2,0,4.0,1,1
1,8.0,84,97,0,1,0,0,1,1,1,1,1,0,1,100,2,0,2.0,0,1
0,5.0,136,0,1,1,0,0,0,0,2,2,2,0,1,0,2,0,3.0,1,1
1,2.0,100,0,1,0,1,5,0,0,1,1,1,0,2,0,2,0,2.0,0,1
0,48.0,151,0,1,1,0,0,1,0,2,2,2,0,1,0,2,0,4.0,1,1
1,6.0,100,0,1,5,6,0,0,0,1,0,1,0,1,0,2,0,1.0,1,1
0,1.0,136,0,2,0,1,5,1,0,2,2,2,0,11,0,7,0,1.0,0,1
1,1.0,100,78,2,1,2,4,1,0,1,1,1,0,2,0,12,0,14.0,1,1
1,6.0,99,0,2,1,6,0,0,1,0,0,0,0,2,0,12,0,5.0,1,1
1,2.0,99,0,2,1,4,5,0,1,1,0,1,0,3,0,2,0,3.0,1,1
1,3.0,99,0,1,0,1,5,1,1,1,1,1,0,1,0,2,0,1.0,1,1
0,2.0,136,0,1,0,3,0,1,0,0,0,1,0,1,0,2,0,3.0,1,1
0,24.0,136,33,0,0,1,5,1,0,0,0,1,0,1,1,3,0,3.0,1,1
1,1.0,98,101,1,0,6,0,2,2,1,1,1,0,1,0,2,0,9.0,1,1
0,1.0,154,107,1,0,6,0,1,0,2,2,1,0,1,0,2,0,4.0,1,1
1,4.0,100,0,1,4,5,0,1,0,2,2,1,0,1,50,2,0,1.0,1,1
1,8.0,100,78,1,5,6,0,1,0,0,0,1,0,1,0,2,0,5.0,1,1
1,0.0,100,0,2,1,4,5,1,1,1,1,2,0,3,0,12,0,2.0,1,1
1,2.0,91,0,0,3,6,0,0,1,1,1,1,0,1,0,2,0,4.0,0,1
0,5.0,136,0,1,1,6,0,1,0,0,0,1,0,1,0,12,0,2.0,1,1
1,1.0,100,0,0,0,5,5,0,0,1,1,1,0,1,0,12,0,0.0,1,1
1,14.0,117,0,1,5,0,0,1,1,0,0,1,0,1,0,9,0,9.0,1,1
0,1.0,136,0,0,1,0,0,1,0,1,0,1,0,1,0,1,0,2.0,1,1
0,1.0,136,0,1,1,0,0,0,0,1,1,2,0,3,0,7,0,2.0,1,1
1,4.0,122,78,1,0,4,4,0,0,1,0,1,0,1,0,12,0,1.0,1,1
1,2.0,100,0,2,0,4,5,1,1,0,0,0,0,2,0,12,0,12.0,1,1
0,18.0,156,107,1,0,6,0,0,2,2,2,1,0,1,0,7,2,9.0,1,1
1,2.0,100,106,0,0,6,0,0,0,1,1,1,0,1,0,2,0,5.0,1,1
1,3.0,99,0,2,2,0,0,1,1,1,1,1,0,2,0,12,0,3.0,1,1
0,4.0,136,0,1,1,0,0,0,0,1,1,1,1,2,0,2,0,4.0,1,1
0,1.0,136,0,0,1,0,0,0,1,1,0,1,0,1,0,2,0,10.0,1,1
0,1.0,136,0,2,0,1,5,0,0,1,1,1,0,6,0,3,0,2.0,0,1
0,3.0,136,107,1,0,1,0,1,1,0,0,1,0,1,0,2,2,2.0,0,1
0,2.0,136,107,0,1,0,0,1,0,0,0,1,0,1,100,2,0,2.0,1,1
1,2.0,129,78,0,5,0,0,1,1,1,1,1,0,1,25,2,0,5.0,1,1
1,3.0,100,0,0,0,6,0,1,0,1,0,1,0,1,0,12,2,14.0,1,1
0,2.0,136,109,1,1,6,0,1,0,1,1,1,0,1,0,2,0,9.0,1,1
1,1.0,100,0,0,0,2,5,0,0,1,1,1,0,2,0,12,0,3.0,1,1
0,1.0,136,0,0,1,0,0,1,0,1,1,1,0,1,20,3,0,1.0,1,1
0,3.0,136,0,0,0,1,0,1,1,0,0,1,0,1,0,2,0,3.0,1,1
0,24.0,65,107,0,2,0,0,1,1,1,1,1,0,1,20,3,0,2.0,1,1
1,3.0,100,78,0,0,5,0,1,0,0,0,1,0,1,50,12,0,1.0,1,1
0,36.0,136,0,1,0,0,0,1,0,0,0,0,0,1,0,2,0,10.0,1,1
0,13.0,136,39,1,0,1,5,1,0,0,0,0,0,1,0,3,0,5.0,1,1
1,18.0,100,0,0,0,0,0,2,0,0,0,1,0,1,0,2,0,5.0,1,1
1,5.0,100,0,0,0,0,0,0,0,1,1,1,0,1,0,2,0,0.0,1,1
1,3.0,100,0,0,0,5,5,1,0,1,1,1,0,1,0,2,0,3.0,1,1
1,5.0,91,0,1,0,1,5,0,0,0,0,0,0,1,200,7,0,6.0,1,1
0,48.0,44,107,1,0,1,0,2,0,0,0,0,0,1,0,2,0,1.0,1,1
1,2.0,100,0,1,0,2,5,0,0,0,0,1,0,1,0,12,0,2.0,1,1
0,21.0,51,0,0,0,1,5,1,0,0,0,1,0,1,300,12,0,1.0,0,1
0,24.0,136,0,0,0,1,1,1,1,0,0,0,0,1,0,2,0,13.0,1,1
0,6.0,147,0,1,1,0,0,0,0,1,1,1,0,1,0,12,1,2.0,0,1
1,5.0,100,0,1,0,1,5,0,0,0,0,0,0,1,0,3,0,3.0,1,1
1,12.0,115,0,1,1,4,5,1,0,0,0,0,0,1,50,12,0,4.0,1,1
0,10.0,136,0,1,1,0,0,1,0,0,0,0,0,1,0,2,0,5.0,1,1
0,60.0,62,107,1,0,0,0,1,1,0,0,2,0,1,0,2,3,4.0,1,1
1,3.0,100,0,0,6,0,0,1,0,1,0,1,0,1,30,2,0,1.0,1,1
0,36.0,33,0,2,1,4,0,1,1,2,2,2,0,4,0,12,0,5.0,0,1
1,5.0,100,0,1,0,2,4,1,0,2,2,0,0,1,0,12,0,1.0,1,1
0,19.0,136,0,1,0,1,3,0,0,1,0,1,0,1,0,12,0,4.0,1,1
0,2.0,136,0,2,1,0,0,1,0,0,0,1,0,4,0,12,0,1.0,1,1
0,2.0,136,0,1,0,0,0,1,1,1,1,1,0,1,0,3,0,1.0,1,1
1,11.0,100,0,2,0,3,5,1,0,2,2,1,0,14,0,12,0,3.0,0,1
1,12.0,129,0,1,0,5,5,0,0,1,1,1,0,1,0,2,0,3.0,1,1
1,48.0,99,0,1,0,2,2,2,1,1,1,1,0,1,0,2,0,1.0,1,1
1,2.0,122,68,0,1,4,0,0,0,1,1,1,0,1,0,12,0,1.0,1,1
0,5.0,136,0,0,0,6,0,1,0,0,0,1,0,1,0,2,0,1.0,1,1
1,2.0,100,0,2,0,5,5,0,0,1,1,1,0,3,0,12,0,3.0,0,1
0,6.0,136,0,1,1,0,0,1,0,1,1,1,0,1,0,2,0,1.0,1,1
1,11.0,95,0,0,0,5,5,2,1,2,0,1,0,1,0,2,0,5.0,1,1
0,7.0,136,0,0,0,1,0,2,0,0,0,0,0,1,0,2,0,1.0,1,1
1,2.0,99,0,0,0,6,0,1,1,1,0,1,0,1,0,5,0,6.0,1,1
1,12.0,117,0,0,3,6,0,1,1,0,0,1,0,1,0,4,0,2.0,1,1
1,2.0,78,76,1,0,5,5,1,2,1,1,1,0,1,0,12,0,1.0,1,1
0,24.0,136,0,1,0,1,0,1,0,0,0,0,0,1,0,2,0,5.0,1,1
0,2.0,65,107,1,0,6,0,1,1,1,0,1,0,1,0,2,0,3.0,1,1
1,3.0,129,78,1,0,6,0,0,0,0,0,1,0,1,0,12,0,5.0,1,1
1,2.0,100,0,1,0,1,5,1,0,1,1,1,0,2,0,2,0,3.0,1,1
1,7.0,129,0,0,0,1,3,2,0,0,0,1,0,1,0,2,0,2.0,1,1
0,2.0,136,0,2,1,6,0,1,0,0,0,1,0,2,0,4,1,10.0,1,1
1,5.0,100,0,0,2,3,0,1,0,1,2,1,0,3,0,2,0,2.0,1,1
0,2.0,136,0,1,0,6,0,1,0,1,1,1,0,1,0,2,0,6.0,1,1
0,4.0,5,50,0,0,1,0,2,1,2,2,2,0,1,0,3,0,2.0,1,1
1,4.0,99,0,1,0,5,0,1,1,1,1,1,0,1,0,2,0,1.0,1,1
0,4.0,136,0,1,0,1,5,1,0,0,0,1,0,1,0,2,0,4.0,1,1
0,3.0,136,0,1,1,0,0,0,0,0,0,1,0,1,0,2,0,4.0,1,1
1,8.0,100,78,1,0,1,0,1,0,1,1,1,0,1,0,5,0,1.0,1,1
0,3.0,46,0,1,0,6,0,3,1,0,1,1,1,1,0,0,0,4.0,1,1
1,2.0,91,0,1,0,4,5,0,1,0,0,1,0,1,0,2,0,1.0,1,1
0,3.0,136,107,1,0,1,1,0,0,2,2,2,0,1,0,12,0,1.0,1,1
0,2.0,136,0,1,1,0,0,1,1,1,0,1,0,1,0,4,0,2.0,1,1
0,2.0,136,107,1,4,0,0,1,1,1,0,1,0,1,0,2,0,2.0,1,1
0,1.0,136,107,1,2,4,5,1,1,0,0,1,0,1,0,2,0,2.0,1,1
1,4.0,100,0,1,1,5,5,1,0,1,1,1,0,1,0,2,0,3.0,1,1
0,6.0,136,0,1,0,1,3,1,0,0,0,0,0,1,0,2,0,3.0,1,1
1,2.0,99,0,0,0,6,0,0,1,1,0,1,0,1,0,2,0,3.0,1,1
1,3.0,122,77,1,1,6,0,1,1,1,1,1,0,2,150,2,0,5.0,1,1
1,4.0,99,0,1,1,2,2,1,1,1,1,1,0,1,0,2,0,1.0,1,1
1,6.0,99,77,2,1,4,4,1,1,0,0,0,0,3,135,2,0,14.0,1,1
0,4.0,136,0,1,1,0,0,1,0,0,0,0,0,1,0,2,0,2.0,1,1
1,2.0,99,0,0,6,0,0,1,1,1,1,1,0,1,0,12,1,5.0,1,1
0,1.0,136,0,0,0,1,0,1,0,2,2,1,0,1,0,2,0,5.0,1,1
1,3.0,117,89,1,6,0,0,0,2,1,1,1,0,1,200,0,0,4.0,1,1
1,4.0,100,0,1,0,1,2,1,0,1,1,1,0,3,0,2,0,2.0,1,1
0,48.0,65,0,1,1,3,5,1,2,1,2,2,0,1,0,12,0,3.0,1,1
0,7.0,40,0,0,0,1,0,0,0,0,0,0,0,1,0,12,0,0.0,1,1
1,1.0,99,76,1,0,6,0,1,1,1,1,1,0,1,50,2,0,6.0,1,1
0,2.0,13,0,2,1,0,0,2,1,0,0,1,0,3,250,7,0,4.0,1,1
1,2.0,99,78,2,0,1,5,0,1,1,1,1,0,2,0,5,0,5.0,0,1
0,1.0,136,0,0,1,6,0,1,1,1,1,1,0,1,0,3,0,2.0,1,1
0,36.0,21,107,1,6,0,0,1,0,0,0,0,0,1,150,2,0,4.0,1,1
1,8.0,100,0,1,0,0,0,1,0,0,0,1,0,1,0,2,0,1.0,1,1
0,8.0,136,0,1,0,6,0,1,0,0,0,0,0,1,0,2,0,2.0,1,1
0,9.0,8,0,0,2,0,0,2,2,0,0,0,0,1,200,2,0,3.0,1,1
0,48.0,65,107,1,0,0,0,1,1,0,0,0,0,1,0,2,0,2.0,1,1
0,8.0,136,107,1,1,2,0,1,1,1,0,1,0,1,0,4,0,2.0,1,1
1,12.0,99,0,1,1,0,0,1,1,1,0,1,0,1,0,12,0,5.0,1,1
1,3.0,100,0,1,1,3,5,0,0,1,0,1,0,1,0,12,0,2.0,1,1
0,11.0,136,0,0,1,0,0,2,0,0,2,1,0,1,0,2,0,3.0,1,1
0,48.0,65,28,1,4,0,0,1,2,0,0,0,0,1,0,2,0,3.0,1,1
1,3.0,100,0,1,0,6,0,1,0,0,0,1,0,1,0,12,0,4.0,1,1
1,2.0,100,0,0,0,6,0,0,0,1,1,1,0,1,0,12,0,1.0,1,1
1,8.0,100,0,0,5,6,0,0,0,0,0,0,0,1,0,12,0,2.0,1,1
1,3.0,100,0,0,0,6,0,0,0,0,0,0,0,1,0,9,0,1.0,1,1
0,1.0,136,107,0,0,1,0,1,1,1,1,1,0,1,0,2,0,1.0,1,1
0,12.0,136,0,1,0,1,5,1,0,0,0,2,0,1,0,2,0,2.0,0,1
1,2.0,100,0,1,2,4,5,1,1,0,0,1,0,1,0,2,0,7.0,1,1
0,2.0,136,14,1,1,0,0,1,1,0,0,1,0,1,0,2,0,0.0,1,1
0,1.0,136,0,1,1,4,5,1,0,2,0,2,0,5,0,2,0,6.0,0,1
1,30.0,129,0,0,2,3,5,3,2,0,0,0,0,1,0,2,0,3.0,1,1
1,3.0,100,0,0,0,6,0,0,0,1,0,1,0,1,0,2,0,9.0,1,1
1,3.0,98,78,2,2,6,0,1,2,1,1,1,0,4,0,2,0,5.0,1,1
1,3.0,117,77,0,5,6,0,2,1,1,0,1,0,1,150,2,0,5.0,1,1
0,5.0,52,0,1,1,0,0,1,0,1,0,1,0,1,0,2,0,5.0,1,1
0,2.0,136,0,0,1,6,0,1,0,1,0,1,0,1,0,12,0,11.0,1,1
0,5.0,136,0,1,1,2,0,1,0,0,1,0,0,1,0,3,1,26.0,1,1
0,2.0,136,0,0,0,1,5,1,0,1,0,1,0,1,0,12,0,3.0,0,1
0,4.0,28,107,1,0,1,0,1,0,0,0,0,0,1,0,4,0,11.0,1,1
0,5.0,136,0,0,1,0,0,1,0,0,0,0,0,1,0,2,0,5.0,1,1
0,3.0,136,4,1,0,1,0,1,1,0,0,1,0,1,0,2,0,5.0,1,1
1,2.0,100,0,1,0,3,5,1,0,1,1,1,0,2,0,7,0,2.0,1,1
0,92.0,57,28,0,1,5,5,1,2,0,0,2,0,2,200,2,0,3.0,1,1
1,4.0,89,0,0,0,0,0,0,1,1,0,0,0,1,0,2,0,1.0,1,1
0,2.0,136,8,1,0,6,0,1,0,0,0,0,0,1,0,2,0,8.0,1,1
1,12.0,100,94,0,5,0,0,1,0,0,0,0,0,1,50,12,0,3.0,1,1
0,3.0,136,0,0,1,0,0,1,1,2,2,2,0,1,0,2,0,5.0,1,1
1,3.0,100,0,0,0,6,0,1,0,1,0,1,0,1,0,2,0,6.0,1,1
1,6.0,96,78,2,1,2,5,1,0,1,1,2,0,4,14,2,0,5.0,1,1
0,8.0,136,0,0,0,1,0,1,0,2,2,1,0,1,0,12,0,2.0,1,1
1,12.0,117,93,1,1,4,4,2,2,0,0,1,0,1,250,2,0,1.0,0,1
0,2.0,136,0,0,1,0,0,1,1,0,0,2,0,1,0,0,0,1.0,1,1
0,12.0,136,0,0,2,0,0,1,1,0,0,2,0,1,0,12,0,3.0,1,1
0,36.0,136,0,1,0,1,3,2,0,2,2,0,0,1,0,12,0,0.0,1,1
1,18.0,100,0,1,6,0,0,1,0,1,1,1,0,1,0,2,0,3.0,1,1
1,3.0,80,0,2,5,6,0,0,0,1,1,1,0,2,0,12,0,2.0,1,1
1,12.0,100,0,1,0,3,5,1,0,2,2,2,0,1,0,2,0,4.0,1,1
0,24.0,136,0,1,4,0,0,1,1,0,0,0,0,1,100,2,0,1.0,1,1
0,1.0,136,107,1,1,0,0,1,1,1,1,1,0,2,0,3,0,9.0,1,1
1,2.0,100,0,1,2,6,0,1,0,1,1,1,0,1,0,2,0,7.0,1,1
1,2.0,100,0,0,1,0,0,1,0,1,0,1,0,1,0,7,0,3.0,1,1
1,12.0,99,78,2,0,1,5,1,1,1,1,2,0,3,0,2,0,8.0,1,1
0,2.0,136,0,1,1,4,5,1,1,1,1,1,0,1,0,4,1,4.0,1,1
0,6.0,136,0,0,0,0,0,1,0,0,0,0,0,1,0,7,0,1.0,1,1
1,36.0,100,0,1,0,1,5,1,1,0,0,0,0,1,0,5,0,4.0,1,1
0,7.0,136,0,0,0,1,5,1,1,1,1,1,0,1,0,2,0,0.0,0,1
1,1.0,80,0,1,0,3,5,0,0,1,1,1,0,1,0,9,0,1.0,1,1
1,2.0,100,0,2,0,2,5,1,0,1,0,1,0,3,50,12,0,12.0,1,1
1,5.0,80,68,2,5,6,0,1,0,2,2,2,0,2,0,12,0,3.0,1,1
1,5.0,100,78,0,6,0,0,0,0,1,1,1,0,1,0,12,0,3.0,1,1
0,36.0,136,0,1,1,0,0,1,0,2,1,1,0,2,50,2,0,2.0,1,1
0,2.0,136,0,1,1,0,0,1,0,1,1,1,0,1,20,3,0,1.0,1,1
1,6.0,100,0,1,5,0,0,1,1,1,1,0,1,1,0,2,0,4.0,1,1
0,18.0,136,0,0,0,1,5,1,0,0,0,0,0,1,0,2,0,6.0,1,1
1,2.0,100,0,1,2,3,5,1,0,1,1,1,0,1,0,2,0,3.0,1,1
1,5.0,99,0,0,3,6,0,1,1,1,1,1,0,1,0,12,0,5.0,1,1
0,24.0,8,14,1,2,6,0,1,0,2,2,2,0,1,0,12,0,3.0,0,1
0,2.0,137,107,1,0,0,0,1,0,2,2,1,0,1,0,2,0,4.0,1,1
0,24.0,38,0,0,4,0,0,1,1,0,0,1,0,1,0,2,0,4.0,0,1
0,48.0,59,0,1,5,0,0,0,1,0,0,0,0,1,0,12,0,3.0,1,1
0,1.0,136,0,2,1,4,5,1,0,1,0,1,0,4,0,12,0,4.0,1,1
0,2.0,136,0,1,1,0,0,0,0,0,0,1,0,1,0,2,0,0.0,1,1
1,1.0,129,101,2,0,2,0,0,1,1,1,1,0,5,0,2,0,6.0,1,1
0,123.0,51,0,1,0,3,5,1,0,0,0,0,0,1,0,2,0,3.0,1,1
0,1.0,136,0,2,0,6,0,1,1,1,1,1,0,9,0,2,1,14.0,1,1
1,1.0,100,0,0,0,6,0,1,0,1,0,1,0,1,0,12,0,2.0,1,1
0,2.0,136,0,1,1,4,4,1,0,1,1,1,0,1,0,2,0,3.0,1,1
1,2.0,100,0,0,3,6,0,1,0,0,0,1,0,1,0,12,0,1.0,1,1
0,8.0,16,0,1,1,6,0,0,0,0,0,1,0,1,0,12,0,2.0,1,1
0,1.0,136,0,0,0,1,0,1,0,1,1,1,0,3,0,12,0,4.0,1,1
1,5.0,100,0,0,0,1,0,0,0,0,0,1,0,2,0,12,0,10.0,1,1
1,9.0,99,0,1,6,0,0,1,1,0,0,0,0,2,0,2,0,1.0,1,1
1,24.0,100,0,1,0,1,0,1,0,0,0,0,0,1,50,2,0,3.0,1,1
0,24.0,136,0,2,0,4,5,1,0,1,0,2,0,5,0,6,0,5.0,1,1
1,5.0,133,63,1,5,6,0,1,0,1,0,1,0,2,0,12,0,1.0,1,1
0,16.0,136,0,0,1,0,0,1,0,0,0,0,0,2,300,2,0,5.0,1,1
0,12.0,8,0,1,2,6,0,1,1,0,0,0,0,1,0,2,0,3.0,1,1
1,3.0,99,78,1,0,1,2,1,1,1,0,1,0,2,0,3,0,4.0,1,1
0,18.0,136,50,1,2,6,0,1,1,0,0,0,0,1,0,2,0,1.0,1,1
1,1.0,100,0,1,5,6,0,0,0,1,1,1,0,1,0,2,0,7.0,1,1
0,3.0,136,107,0,0,0,0,1,0,1,1,1,0,1,0,2,0,3.0,1,1
0,3.0,136,0,0,1,6,0,2,0,0,0,1,0,1,0,2,0,16.0,1,1
1,30.0,100,0,0,0,5,5,1,1,1,0,0,0,2,0,2,0,2.0,1,1
1,4.0,129,0,0,3,6,0,1,0,0,0,2,0,1,0,2,0,2.0,1,1
1,2.0,100,78,2,1,4,4,0,0,1,1,1,0,2,0,2,0,6.0,1,1
1,0.0,100,0,2,5,0,0,0,0,1,1,1,0,3,0,7,0,2.0,0,1
0,60.0,62,0,0,6,0,0,1,1,0,0,0,0,1,0,2,0,1.0,1,1
0,8.0,38,0,1,1,0,0,0,0,0,0,2,0,1,0,2,0,1.0,1,1
0,1.0,136,0,0,0,6,0,1,1,1,1,1,0,1,0,2,0,4.0,1,1
0,1.0,136,107,1,0,1,0,0,0,1,1,2,0,1,0,2,0,1.0,1,1
0,1.0,136,107,0,0,0,0,1,1,1,0,1,0,1,0,2,0,3.0,1,1
1,2.0,100,0,2,3,0,0,1,0,1,1,1,0,3,0,2,0,1.0,1,1
1,2.0,100,78,2,0,6,0,1,0,1,1,1,0,2,0,2,0,3.0,1,1
0,36.0,136,0,1,6,0,0,0,1,0,0,0,0,1,0,2,0,5.0,1,1
0,2.0,136,0,0,1,0,0,1,0,1,1,1,0,1,0,12,0,1.0,1,1
1,1.0,129,0,2,1,4,5,0,0,1,1,1,1,4,0,2,0,1.0,1,1
0,12.0,136,0,0,1,6,0,1,1,1,0,0,0,1,0,7,0,2.0,1,1
1,2.0,100,78,2,0,5,0,0,0,1,1,2,0,2,0,12,0,5.0,1,1
0,3.0,136,0,0,1,0,0,1,0,0,0,1,0,1,0,12,0,3.0,1,1
0,3.0,136,0,1,0,1,3,1,0,0,0,1,0,1,0,2,0,7.0,1,1
1,5.0,99,0,0,2,6,0,0,1,1,0,1,0,1,150,2,0,30.0,1,1
0,1.0,136,0,0,1,0,0,1,0,1,1,1,0,2,0,2,0,2.0,1,1
0,2.0,136,0,2,0,3,5,1,0,0,0,1,0,3,30,2,0,3.0,1,1
1,4.0,100,0,1,0,0,0,0,0,1,0,1,0,1,0,12,0,6.0,1,1
1,24.0,109,0,1,1,5,0,2,2,1,0,1,0,1,0,12,0,1.0,1,1
0,3.0,136,0,1,4,6,0,1,1,1,0,1,0,1,0,12,0,2.0,1,1
0,16.0,57,16,1,4,6,0,0,0,0,0,2,0,1,0,12,0,3.0,1,1
0,24.0,136,0,1,0,1,0,1,0,0,0,0,0,1,0,3,0,3.0,1,1
1,11.0,100,0,1,3,4,5,1,0,0,0,0,0,1,0,2,0,4.0,1,1
0,168.0,151,0,0,2,0,0,1,2,2,2,2,0,1,0,2,0,5.0,1,1
0,3.0,136,0,1,4,0,0,1,2,1,0,1,0,1,200,7,0,11.0,1,1
0,108.0,37,23,1,1,0,0,0,2,2,0,1,0,1,0,12,0,2.0,1,1
0,3.0,136,0,2,1,0,0,2,0,1,1,1,0,3,0,12,0,1.0,0,1
0,6.0,156,107,1,1,0,0,1,0,0,0,0,0,1,0,2,0,3.0,1,1
0,4.0,136,0,1,0,1,0,1,0,1,0,1,0,1,0,2,0,2.0,1,1
0,3.0,136,0,1,1,0,0,2,0,1,0,1,0,1,0,1,0,4.0,1,1
0,1.0,136,0,1,0,0,0,1,0,1,0,1,1,1,0,12,0,7.0,1,1
0,12.0,136,0,1,4,0,0,0,1,0,0,1,0,1,0,2,0,3.0,1,1
1,5.0,100,78,1,1,5,5,0,0,0,0,1,0,1,0,2,0,5.0,1,1
0,132.0,136,18,1,0,0,0,0,0,0,0,1,0,1,0,2,0,3.0,1,1
0,2.0,136,0,0,1,2,0,0,1,1,1,1,0,1,50,2,0,1.0,1,1
1,3.0,100,0,0,0,0,0,0,0,1,0,1,0,1,0,5,0,6.0,1,1
1,7.0,117,85,1,4,5,5,1,1,1,1,1,0,1,0,7,0,3.0,1,1
0,19.0,16,0,0,0,1,5,1,0,0,0,1,0,1,350,2,0,4.0,1,1
1,3.0,80,0,1,6,0,0,1,0,1,0,2,0,3,0,2,0,5.0,0,1
1,3.0,100,0,2,0,3,4,0,0,0,0,1,0,3,0,2,0,3.0,1,1
0,5.0,136,0,0,0,1,1,1,0,0,0,1,0,1,0,2,0,4.0,1,1
0,120.0,136,107,1,1,0,0,1,1,1,1,0,0,1,0,0,0,1.0,1,1
1,4.0,100,58,0,0,0,0,1,0,0,0,1,0,1,0,12,0,0.0,0,1
1,41.0,100,0,0,5,0,0,2,0,0,0,0,0,1,0,12,0,5.0,1,1
1,1.0,117,0,2,6,0,0,0,1,1,1,1,0,5,100,2,0,11.0,1,1
1,48.0,100,0,1,4,6,0,1,0,0,0,0,0,1,0,2,0,5.0,1,1
0,1.0,136,0,2,0,1,5,1,0,1,0,1,0,4,0,12,0,1.0,0,1
0,4.0,136,33,1,0,1,0,2,1,0,0,0,0,2,0,2,1,7.0,1,1
1,2.0,100,0,1,2,3,0,1,0,1,1,1,0,1,0,2,0,4.0,1,1
0,3.0,157,107,0,0,1,5,1,0,0,0,2,0,1,0,2,0,1.0,1,1
0,3.0,136,107,0,1,0,0,2,0,1,1,2,0,1,0,12,0,3.0,1,1
0,2.0,136,107,1,1,0,0,0,1,1,0,0,0,1,0,2,0,0.0,1,1
0,12.0,136,0,1,3,6,0,1,0,1,0,0,0,1,0,2,0,6.0,1,1
0,1.0,136,0,1,0,6,0,1,1,2,2,1,0,1,0,2,0,1.0,1,1
0,2.0,136,0,0,0,1,5,1,1,1,1,1,0,4,0,2,0,5.0,1,1
1,2.0,100,0,0,0,1,5,0,0,1,1,1,1,1,0,7,0,3.0,1,1
0,18.0,136,0,0,1,6,0,1,0,2,2,2,0,1,0,2,0,4.0,1,1
1,2.0,99,77,1,1,0,0,0,2,1,1,1,0,1,0,12,0,0.0,1,1
1,84.0,98,0,1,4,5,5,1,2,2,2,2,1,1,0,12,0,2.0,1,1
0,3.0,136,0,0,0,1,3,1,0,1,1,1,0,1,0,2,0,5.0,1,1
0,4.0,59,23,1,1,0,0,0,2,2,0,0,0,1,0,12,0,3.0,1,1
1,2.0,98,76,1,0,1,2,2,2,1,0,2,0,1,0,2,0,3.0,1,1
0,12.0,136,0,0,1,0,0,1,1,0,0,0,0,1,0,12,0,1.0,1,1
1,2.0,100,0,2,0,1,5,2,0,1,1,1,0,4,0,12,0,3.0,1,1
0,2.0,136,0,1,1,4,0,1,1,1,1,1,0,3,0,2,0,4.0,1,1
0,6.0,136,0,1,0,0,0,1,0,0,0,0,0,1,0,2,0,4.0,1,1
0,1.0,136,0,1,4,6,0,0,0,2,2,2,0,1,0,2,0,5.0,0,1
0,24.0,136,0,1,4,6,0,1,0,0,0,1,0,1,50,2,0,3.0,0,1
0,2.0,136,0,1,1,0,0,1,0,0,0,1,0,1,0,2,0,4.0,1,1
0,2.0,136,0,1,1,6,0,1,0,1,1,1,0,1,20,3,0,1.0,1,1
1,48.0,100,0,1,5,6,0,1,0,1,1,1,0,1,0,12,0,5.0,1,1
0,1.0,136,0,1,1,4,5,1,1,1,1,1,0,1,0,3,0,0.0,1,1
1,1.0,100,0,1,1,3,0,0,0,1,1,1,0,1,0,2,0,6.0,1,1
0,3.0,136,0,0,4,0,0,1,0,1,0,1,0,1,0,7,0,3.0,1,1
0,108.0,136,0,0,0,1,0,1,1,2,2,2,1,1,0,12,0,4.0,1,1
0,36.0,136,107,0,1,6,0,1,0,2,2,2,0,2,0,2,0,1.0,1,1
0,48.0,73,0,0,6,0,0,2,2,0,0,1,0,1,0,12,0,3.0,1,1
1,2.0,100,78,2,0,3,5,0,0,1,0,1,0,5,0,5,0,7.0,1,1
0,2.0,136,0,1,4,6,0,1,1,1,0,1,0,1,0,3,0,3.0,1,1
0,36.0,157,0,0,0,6,0,2,0,0,0,1,0,1,0,2,0,1.0,1,1
1,8.0,98,78,0,2,3,5,2,0,1,0,1,0,1,50,2,0,5.0,1,1
0,29.0,57,0,1,1,2,5,0,1,0,0,1,0,1,0,2,0,1.0,1,1
1,12.0,91,0,1,0,3,5,1,1,0,0,0,0,1,0,12,0,1.0,1,1
1,3.0,115,0,2,1,3,4,0,0,1,0,1,0,6,0,5,0,2.0,0,1
0,2.0,62,107,1,0,6,0,0,1,1,1,1,0,3,0,6,0,5.0,1,1
0,84.0,38,0,1,1,0,0,1,1,0,0,2,0,1,0,10,0,1.0,1,1
1,2.0,100,0,1,1,0,0,0,1,1,1,1,0,1,0,4,0,1.0,1,1
1,144.0,131,67,0,2,0,0,2,0,0,0,0,0,1,0,12,0,5.0,1,1
0,2.0,136,107,0,1,0,0,1,1,0,0,1,0,1,0,2,0,1.0,1,1
1,4.0,100,0,0,0,6,0,0,0,0,0,1,0,2,0,0,0,1.0,1,1
1,2.0,99,0,2,2,3,0,1,1,1,1,1,0,3,0,2,0,4.0,1,1
1,4.0,100,0,0,0,3,5,0,0,1,1,1,0,2,0,12,0,7.0,0,1
1,3.0,129,0,1,1,6,0,1,0,2,2,2,0,1,0,7,0,3.0,1,1
1,0.0,100,0,0,0,0,0,0,0,2,2,2,0,1,0,12,0,1.0,0,1
1,7.0,99,0,0,0,6,0,1,1,0,0,0,0,1,0,2,0,5.0,1,1
0,1.0,136,0,1,1,0,0,1,0,1,1,1,0,1,0,4,1,8.0,1,1
0,1.0,136,0,2,0,1,5,1,1,1,0,1,0,2,0,12,0,8.0,1,1
1,4.0,122,101,1,5,6,0,1,0,0,0,1,0,2,0,2,0,4.0,1,1
0,3.0,136,0,2,0,0,0,1,0,1,1,1,0,2,0,7,0,3.0,0,1
1,5.0,100,0,1,0,1,2,1,0,1,0,1,0,1,0,12,0,3.0,1,1
1,3.0,98,0,0,1,6,0,1,2,1,0,1,0,1,38,2,0,4.0,1,1
0,5.0,38,0,0,1,0,0,0,1,0,0,1,0,1,0,2,0,1.0,1,1
0,2.0,136,107,2,0,6,0,1,1,0,0,2,0,2,0,0,0,2.0,0,1
1,8.0,129,0,1,2,0,0,0,1,1,1,1,0,1,150,2,0,5.0,1,1
1,6.0,129,0,0,2,4,0,1,0,1,1,1,0,1,50,2,0,3.0,1,1
0,24.0,136,14,0,4,0,0,1,1,2,2,2,1,1,0,2,0,2.0,1,1
1,4.0,129,0,0,5,0,0,0,0,1,0,1,0,1,0,2,0,12.0,1,1
1,34.0,115,0,2,0,4,5,1,1,1,1,1,0,4,0,3,0,5.0,1,1
1,2.0,100,0,0,0,6,0,0,0,1,1,1,0,1,10,2,0,3.0,0,1
1,4.0,100,0,0,0,1,2,1,0,1,1,1,0,1,0,2,0,4.0,1,1
1,12.0,136,0,1,0,6,0,1,0,0,0,0,0,1,0,12,0,3.0,1,1
1,1.0,100,0,2,0,3,5,0,0,1,1,1,0,2,0,12,1,5.0,1,1
1,4.0,100,0,0,0,1,5,1,0,1,0,1,0,1,0,2,0,3.0,1,1
0,1.0,153,107,0,0,1,0,1,0,1,1,1,0,1,0,2,0,8.0,1,1
1,2.0,100,77,1,4,5,0,1,0,1,1,1,0,1,50,2,0,6.0,1,1
0,12.0,136,0,0,0,1,5,1,1,1,0,1,0,1,0,12,0,2.0,1,1
0,1.0,136,0,1,1,0,0,1,1,1,1,1,0,2,0,2,0,5.0,0,1
0,5.0,136,0,1,1,4,5,1,1,1,0,1,0,1,0,2,0,1.0,1,1
0,3.0,136,0,0,0,1,0,1,0,0,0,1,0,1,0,2,0,4.0,1,1
0,3.0,136,0,1,4,0,0,1,0,1,0,1,0,1,0,7,0,1.0,0,1
0,18.0,136,107,0,0,1,0,1,0,1,1,0,0,1,0,12,0,1.0,1,1
0,2.0,136,0,2,0,1,0,1,1,1,1,1,0,4,0,2,0,3.0,1,1
0,1.0,136,0,2,6,0,0,1,0,1,1,1,0,5,0,7,0,4.0,1,1
0,3.0,136,0,1,0,1,0,1,0,1,0,1,0,1,0,7,0,3.0,1,1
0,2.0,136,0,1,0,1,5,1,1,0,1,1,0,1,0,3,0,1.0,1,1
0,2.0,136,0,0,1,0,0,1,1,1,1,1,0,1,0,3,0,5.0,1,1
1,3.0,99,0,1,0,0,0,1,1,0,0,1,0,1,0,12,0,8.0,1,1
0,2.0,136,107,1,1,0,0,1,1,0,0,1,0,1,0,2,0,1.0,1,1
0,2.0,136,107,1,0,0,0,1,1,1,0,1,0,1,0,2,0,5.0,1,1
1,3.0,100,0,0,4,0,0,0,0,1,0,1,0,1,0,3,0,4.0,1,1
0,2.0,136,0,1,4,0,0,1,1,0,0,1,0,1,0,2,0,2.0,1,1
1,1.0,100,0,0,6,0,0,1,0,1,0,1,0,1,0,12,0,15.0,1,1
1,6.0,100,0,1,1,5,0,0,0,1,1,1,1,1,0,2,0,1.0,1,1
1,2.0,100,0,0,0,0,0,0,0,1,0,1,0,1,0,12,0,12.0,1,1
1,1.0,100,0,1,0,1,2,2,1,1,0,2,0,1,0,2,0,4.0,1,1
0,3.0,136,0,0,1,0,0,1,1,1,1,1,0,1,0,2,0,4.0,0,1
0,24.0,51,120,1,0,1,5,1,1,0,0,0,0,1,0,2,0,11.0,1,1
0,4.0,136,0,1,0,1,0,1,0,1,1,1,0,1,0,2,0,1.0,1,1
0,6.0,136,0,0,0,0,0,1,0,0,0,1,0,1,0,2,0,5.0,1,1
0,3.0,136,0,1,0,4,0,1,0,0,0,1,0,1,0,2,0,5.0,1,1
1,1.0,129,0,2,0,1,5,0,0,1,1,1,0,4,0,2,0,2.0,1,1
0,24.0,136,107,2,0,1,5,1,1,0,0,0,0,3,0,12,0,5.0,1,1
0,3.0,136,0,0,1,6,0,1,1,1,0,1,0,1,0,12,0,1.0,1,1
0,24.0,136,0,1,1,2,0,1,1,0,0,0,0,2,0,3,0,21.0,1,1
0,4.0,136,0,0,1,0,0,2,1,0,0,1,0,1,0,3,0,5.0,1,1
0,2.0,136,0,0,1,4,0,1,0,0,0,2,0,1,200,3,0,4.0,1,1
1,3.0,115,0,0,1,6,0,1,0,2,2,2,0,1,0,2,0,3.0,1,1
0,60.0,136,0,0,2,0,0,1,1,0,0,0,0,1,0,2,1,4.0,1,1
1,2.0,100,0,0,5,0,0,1,0,1,0,1,0,1,0,12,0,1.0,1,1
0,1.0,136,0,1,1,4,5,0,0,1,0,1,0,1,30,12,0,7.0,1,1
1,2.0,100,0,1,0,6,0,1,0,1,0,1,0,1,0,2,0,5.0,1,1
0,7.0,6,107,1,0,0,0,1,1,2,2,0,0,1,0,2,0,3.0,1,1
1,14.0,100,0,1,1,2,5,1,0,2,0,0,0,1,0,12,0,2.0,1,1
1,1.0,100,0,2,0,3,5,1,0,1,1,1,0,3,0,2,0,1.0,1,1
1,24.0,99,93,0,0,4,5,2,1,2,2,2,0,1,0,12,0,4.0,1,1
1,3.0,99,0,1,1,6,0,1,1,1,1,1,0,1,0,12,0,4.0,1,1
0,3.0,136,0,1,1,0,0,1,0,0,0,1,0,1,0,2,0,7.0,1,1
1,5.0,100,0,1,0,2,5,1,0,0,0,0,0,1,0,12,0,6.0,1,1
0,84.0,136,107,1,4,6,0,1,1,0,0,2,0,1,0,12,0,4.0,1,1
0,2.0,136,107,1,1,6,0,1,1,1,0,1,0,1,0,2,0,2.0,1,1
0,7.0,136,0,1,0,0,0,1,0,0,0,0,0,1,0,2,0,3.0,1,1
1,2.0,99,0,0,5,6,0,1,1,1,1,1,0,1,0,2,0,2.0,0,1
1,2.0,122,78,1,1,6,0,1,1,1,1,1,0,1,0,7,0,2.0,1,1
1,4.0,100,0,1,1,6,0,0,0,2,0,1,0,1,0,12,0,7.0,1,1
1,4.0,100,0,0,2,6,0,1,0,1,0,1,0,1,0,12,0,5.0,1,1
0,1.0,136,0,1,0,1,0,1,0,0,0,2,0,1,0,2,0,4.0,0,1
1,8.0,100,63,2,0,1,5,1,0,0,0,1,0,6,0,12,0,6.0,1,1
0,3.0,136,107,2,1,4,0,1,0,0,0,2,0,4,0,2,0,3.0,1,1
1,36.0,88,0,1,1,6,0,1,0,0,0,0,0,1,250,4,0,1.0,1,1
0,8.0,136,0,0,4,0,0,1,1,0,0,0,0,1,300,7,0,4.0,1,1
0,84.0,142,0,1,6,0,0,1,0,0,0,0,0,1,0,2,0,1.0,0,1
1,7.0,100,0,1,0,6,0,1,0,0,0,0,0,1,0,2,0,5.0,1,1
1,48.0,100,0,1,0,1,5,1,0,0,0,0,0,1,0,2,0,3.0,1,1
1,3.0,98,0,0,1,0,0,1,2,0,0,1,0,1,300,2,0,5.0,1,1
0,1.0,136,0,1,0,6,0,1,1,1,1,1,0,1,0,2,0,6.0,1,1
0,7.0,136,0,0,1,0,0,0,0,0,1,0,0,4,0,2,0,14.0,1,1
0,7.0,8,6,1,1,0,0,2,2,0,0,1,0,1,350,2,0,1.0,1,1
0,1.0,136,0,0,1,0,0,0,1,0,0,1,0,1,0,5,0,1.0,1,1
0,9.0,158,107,1,0,1,0,1,0,0,0,0,0,1,0,2,0,2.0,1,1
1,12.0,99,0,0,0,0,0,2,1,2,2,2,0,1,0,11,0,1.0,1,1
0,8.0,136,0,0,0,1,2,1,1,0,0,0,0,1,0,12,0,5.0,1,1
1,8.0,80,0,1,1,6,0,1,1,1,1,2,0,1,0,2,0,4.0,1,1
0,46.0,8,0,0,2,3,3,2,1,0,0,1,0,1,0,12,0,1.0,0,1
0,1.0,8,40,0,2,0,0,1,1,1,1,2,0,1,0,12,0,1.0,1,1
1,24.0,100,0,1,1,3,5,1,0,1,1,0,0,1,0,2,0,1.0,1,1
1,2.0,100,0,0,6,0,0,1,0,1,0,1,0,1,0,2,2,6.0,1,1
0,48.0,147,28,1,4,0,0,0,0,2,2,2,0,1,0,2,0,4.0,1,1
0,3.0,136,0,1,0,6,0,1,1,0,0,1,0,1,150,2,0,3.0,1,1
1,7.0,100,0,0,6,0,0,0,0,0,0,0,0,1,30,2,0,4.0,1,1
1,5.0,100,101,0,0,1,5,1,0,0,0,0,0,1,0,2,0,1.0,1,1
1,5.0,100,0,1,5,6,0,0,0,2,0,0,0,6,0,2,0,3.0,1,1
0,1.0,136,0,1,1,0,0,1,0,1,1,1,0,1,0,12,0,1.0,1,1
0,48.0,157,0,0,0,6,0,1,0,0,0,0,1,1,0,2,0,4.0,1,1
1,1.0,100,78,2,0,5,5,1,0,1,1,1,0,3,0,2,0,3.0,1,1
1,1.0,99,78,0,0,5,0,1,1,1,1,1,0,1,50,2,0,3.0,1,1
1,11.0,80,101,0,3,4,5,1,1,1,0,1,0,1,0,12,0,3.0,1,1
0,48.0,59,0,0,0,1,1,0,1,0,0,0,0,1,0,12,0,3.0,1,1
0,4.0,34,107,1,1,6,0,2,2,0,0,1,0,1,0,2,0,3.0,1,1
0,3.0,136,107,1,0,6,0,1,0,0,0,1,0,1,0,4,0,1.0,1,1
1,3.0,100,0,1,0,1,5,0,0,1,0,1,0,1,0,12,0,2.0,0,1
0,84.0,136,37,0,5,6,0,1,1,0,0,0,0,1,100,2,0,1.0,1,1
1,4.0,99,0,1,1,2,5,1,1,1,1,1,0,1,0,2,0,3.0,1,1
1,1.0,100,0,1,0,5,5,1,0,0,0,1,0,1,0,2,0,5.0,1,1
0,1.0,136,14,1,0,6,0,1,0,2,2,2,0,1,0,12,0,3.0,1,1
1,12.0,100,0,1,2,5,5,1,0,1,1,1,0,1,0,2,0,8.0,1,1
1,2.0,100,0,0,3,6,0,0,0,1,1,1,0,1,0,12,0,4.0,1,1
0,2.0,136,107,2,0,1,5,1,0,1,1,1,0,6,0,2,0,5.0,1,1
0,4.0,136,0,1,1,0,0,1,0,0,0,1,0,1,0,2,0,7.0,1,1
0,2.0,141,107,0,0,4,0,1,0,2,2,1,0,1,0,2,0,2.0,1,1
0,2.0,136,107,1,1,0,0,1,1,1,0,1,0,1,0,2,0,2.0,1,1
0,3.0,136,0,1,0,1,0,1,0,0,0,1,0,1,0,2,0,1.0,1,1
0,32.0,57,0,0,6,0,0,0,2,2,2,2,0,1,0,2,0,4.0,1,1
1,0.0,100,0,2,0,2,5,0,0,1,1,1,0,4,0,12,0,3.0,1,1
1,3.0,99,77,2,0,3,5,1,1,1,1,1,0,2,0,7,0,1.0,1,1
0,3.0,136,0,2,0,1,5,1,1,0,0,1,0,3,150,2,0,3.0,0,1
1,3.0,84,60,0,2,3,3,1,0,1,1,1,0,1,0,2,0,3.0,1,1
1,2.0,132,78,0,0,1,2,0,1,1,1,1,0,1,0,2,0,10.0,1,1
0,17.0,136,0,1,3,4,0,1,0,0,0,2,0,1,100,3,0,1.0,1,1
0,6.0,28,50,1,0,6,0,0,0,1,0,1,0,1,0,12,0,5.0,1,1
0,8.0,62,33,1,0,1,0,1,0,2,0,1,0,1,0,12,0,1.0,1,1
1,10.0,100,0,0,0,0,0,1,0,0,0,0,0,1,100,12,0,1.0,1,1
1,2.0,115,0,0,0,6,0,0,0,2,2,2,0,1,0,3,0,1.0,0,1
0,2.0,136,123,1,0,1,0,1,1,1,0,1,0,1,0,2,0,11.0,1,1
0,1.0,136,0,1,1,0,0,1,1,1,1,1,0,1,0,5,0,3.0,1,1
1,24.0,100,0,1,1,3,5,1,0,0,0,0,0,8,0,2,0,9.0,1,1
0,13.0,62,0,1,6,0,0,1,2,0,0,1,0,1,0,2,0,1.0,1,1
0,3.0,136,33,0,0,1,0,1,0,1,1,1,0,1,0,12,0,2.0,1,1
0,3.0,136,0,0,1,0,0,2,1,0,0,1,0,1,0,2,0,1.0,1,1
1,29.0,100,0,0,0,6,0,0,0,0,0,1,0,1,0,2,0,4.0,1,1
0,12.0,38,0,1,2,0,0,0,2,2,2,2,0,1,0,2,0,1.0,1,1
1,2.0,91,0,1,0,4,5,1,0,1,0,1,0,1,0,4,0,3.0,1,1
0,1.0,136,0,2,0,4,0,2,0,1,1,1,0,5,0,3,0,10.0,0,1
1,2.0,100,0,0,0,5,5,1,0,0,0,1,0,1,0,2,0,2.0,1,1
1,12.0,100,0,0,5,0,0,1,0,0,0,0,0,1,0,7,0,1.0,1,1
0,36.0,48,0,0,0,6,0,0,1,0,0,0,0,1,300,2,0,1.0,1,1
0,4.0,136,51,1,1,6,0,1,0,0,0,1,0,1,0,2,0,16.0,1,1
0,24.0,155,121,1,0,1,0,0,1,2,2,2,0,1,0,2,0,5.0,1,1
0,2.0,136,0,1,1,0,0,1,1,0,0,1,0,1,0,4,0,1.0,1,1
1,1.0,100,0,2,0,5,0,1,0,1,1,1,0,2,0,6,0,3.0,1,1
0,8.0,44,0,1,0,6,0,1,0,0,0,0,0,1,350,2,0,1.0,1,1
0,2.0,136,0,1,0,1,0,1,1,1,0,1,0,1,0,3,0,5.0,1,1
1,15.0,100,78,2,3,4,5,1,0,2,2,2,0,2,0,2,0,4.0,1,1
1,10.0,129,0,1,0,6,0,0,1,0,0,0,0,1,0,2,0,1.0,1,1
1,1.0,100,0,0,0,1,3,1,0,1,1,1,0,5,0,2,0,26.0,1,1
0,2.0,136,0,1,0,1,5,1,1,0,0,1,0,1,0,2,0,1.0,1,1
0,11.0,136,14,2,0,1,3,1,0,2,2,2,0,5,0,3,0,7.0,1,1
0,2.0,136,0,0,1,0,0,1,0,0,0,1,0,1,0,12,0,2.0,1,1
1,2.0,100,78,2,2,5,0,1,0,1,1,1,0,2,0,12,0,1.0,1,1
1,8.0,99,0,0,5,6,0,1,1,0,0,1,0,1,0,2,0,2.0,1,1
1,3.0,99,0,0,2,0,0,1,1,0,0,2,0,1,0,2,0,3.0,1,1
0,12.0,62,107,1,1,2,0,0,1,2,2,2,0,1,0,2,0,5.0,1,1
1,6.0,100,0,1,2,3,5,0,0,0,0,1,0,1,0,2,0,4.0,1,1
1,2.0,129,78,2,0,6,0,1,0,1,1,1,0,7,0,12,0,6.0,0,1
1,2.0,84,104,1,0,1,2,1,1,1,0,1,0,1,0,12,0,4.0,1,1
1,2.0,98,0,0,5,6,0,0,2,2,2,2,0,1,0,12,0,5.0,1,1
0,3.0,136,0,0,0,6,0,1,1,1,0,1,0,1,0,1,0,1.0,1,1
1,5.0,99,0,1,0,6,0,1,1,1,1,1,0,1,0,3,0,13.0,1,1
0,72.0,3,0,1,6,0,0,1,0,0,0,1,0,1,100,3,0,8.0,1,1
0,24.0,136,0,0,1,6,0,1,0,0,0,0,0,1,0,12,0,13.0,1,1
0,2.0,136,107,1,0,1,5,1,0,1,1,1,0,3,0,12,0,6.0,0,1
0,2.0,136,0,1,0,1,0,1,0,0,0,0,0,1,0,2,0,1.0,1,1
0,18.0,57,0,0,1,2,3,1,1,0,0,1,0,1,150,2,0,2.0,1,1
0,5.0,21,107,0,3,0,0,1,1,0,0,0,1,1,0,12,0,4.0,1,1
0,7.0,158,107,1,0,1,0,2,0,2,2,0,0,1,0,2,0,9.0,1,1
1,1.0,99,0,0,0,0,0,0,1,1,1,1,0,1,0,2,0,2.0,1,1
1,1.0,99,0,0,5,6,0,1,1,1,1,1,0,1,0,2,0,1.0,1,1
1,4.0,100,0,2,2,5,0,2,0,1,1,1,0,3,0,2,0,2.0,0,1
0,4.0,136,0,1,1,0,0,1,1,1,1,1,0,1,0,2,0,4.0,0,1
1,6.0,100,0,1,4,5,5,1,0,0,0,1,0,1,50,12,0,3.0,1,1
0,6.0,136,0,1,1,0,0,1,0,0,0,1,1,1,0,12,0,4.0,1,1
1,2.0,99,0,0,0,6,0,1,1,1,0,1,0,1,0,2,1,2.0,1,1
0,2.0,136,107,1,1,2,0,1,1,2,0,0,0,1,0,2,0,1.0,1,1
0,1.0,136,0,1,0,1,0,1,1,1,1,1,0,2,0,2,0,3.0,1,1
1,3.0,100,0,2,0,3,5,1,0,1,1,1,0,2,0,12,0,1.0,1,1
0,12.0,136,0,2,1,0,0,1,1,0,0,0,0,2,0,12,0,2.0,1,1
1,4.0,100,0,0,0,0,0,2,1,1,0,2,0,1,0,2,0,1.0,1,1
1,38.0,99,0,1,4,6,0,1,1,1,1,1,0,1,0,2,0,2.0,1,1
0,1.0,136,0,1,1,0,0,1,0,1,1,1,0,1,0,2,3,4.0,1,1
1,30.0,100,0,1,4,5,5,1,1,0,0,0,0,1,1,2,0,1.0,1,1
0,2.0,136,0,0,1,0,0,1,1,0,0,1,0,1,0,2,0,3.0,1,1
0,5.0,136,0,2,0,1,3,1,0,1,1,1,0,2,0,3,0,0.0,1,1
1,12.0,117,0,1,4,5,5,1,2,1,1,1,0,1,0,2,0,3.0,1,1
0,2.0,136,0,1,1,0,0,1,1,1,1,1,0,1,0,12,0,5.0,0,1
0,12.0,136,0,0,1,0,0,1,0,0,0,2,0,1,0,2,2,10.0,1,1
1,6.0,100,0,1,0,1,5,0,0,0,0,0,0,3,0,12,0,3.0,1,1
1,2.0,100,0,2,3,6,0,1,0,1,1,1,0,4,0,7,0,5.0,1,1
1,12.0,100,0,1,5,6,0,0,0,0,0,0,0,1,100,2,0,2.0,1,1
0,2.0,136,107,0,1,0,0,1,0,0,0,1,0,1,0,2,0,3.0,1,1
1,6.0,132,66,1,0,1,0,1,0,1,0,0,0,2,0,3,0,5.0,1,1
1,4.0,117,101,0,3,0,0,0,1,1,0,1,0,3,100,12,0,0.0,1,1
1,4.0,129,0,0,5,0,0,0,0,0,0,1,0,1,0,2,0,3.0,1,1
0,2.0,136,0,0,0,1,5,1,1,1,1,1,0,1,0,3,0,1.0,1,1
0,1.0,136,0,2,0,1,5,0,0,1,0,1,0,9,30,2,0,0.0,1,1
0,2.0,136,0,0,1,6,0,1,0,0,0,1,0,1,0,2,0,4.0,1,1
1,2.0,100,0,0,2,0,0,1,0,0,0,0,0,1,0,2,0,8.0,1,1
0,84.0,136,0,0,1,5,0,2,0,2,2,2,0,1,0,2,0,5.0,1,1
1,2.0,100,0,1,0,6,0,1,0,0,0,1,0,1,0,2,0,1.0,1,1
0,2.0,136,0,0,0,1,0,0,1,1,1,1,0,2,0,2,0,2.0,1,1
1,4.0,91,0,1,0,2,0,1,0,0,0,1,0,1,0,2,0,4.0,1,1
1,2.0,100,0,1,1,6,0,1,0,1,0,1,0,1,0,2,0,4.0,1,1
0,9.0,158,123,0,0,0,0,2,1,0,0,1,0,1,0,2,0,7.0,1,1
1,4.0,100,0,0,0,2,0,0,0,1,0,1,0,2,0,12,0,1.0,1,1
1,3.0,100,0,0,4,6,0,1,0,1,1,1,0,1,0,2,0,3.0,1,1
1,24.0,100,0,0,0,0,0,1,0,1,1,0,0,1,0,12,0,4.0,1,1
0,7.0,147,116,1,4,6,0,0,0,0,0,0,0,1,0,5,0,3.0,1,1
0,24.0,5,107,1,0,1,0,1,1,2,2,2,0,1,0,12,0,3.0,1,1
0,2.0,136,0,2,1,2,0,0,0,1,1,1,0,3,0,2,0,4.0,1,1
0,24.0,94,33,0,1,0,0,1,1,0,0,2,0,1,0,12,0,3.0,1,1
0,10.0,136,0,0,0,4,5,1,1,1,1,1,0,1,0,2,0,2.0,0,1
0,60.0,44,107,0,0,1,0,2,1,2,2,1,0,1,0,2,0,0.0,1,1
1,2.0,98,0,0,0,6,0,0,0,1,1,1,0,1,0,12,0,3.0,1,1
0,1.0,136,107,0,4,0,0,1,1,1,0,1,0,1,0,2,0,1.0,1,1
1,2.0,84,77,0,2,6,0,0,0,1,1,1,0,1,0,12,0,3.0,1,1
1,6.0,100,0,2,0,0,0,1,0,1,1,2,0,6,0,2,0,5.0,0,1
0,7.0,136,107,0,0,1,2,1,0,0,0,2,0,1,0,7,0,0.0,1,1
0,2.0,136,0,2,1,3,5,1,0,1,1,2,0,5,0,2,0,7.0,1,1
0,2.0,136,0,1,0,6,0,1,0,1,0,1,0,1,0,4,0,1.0,1,1
1,25.0,117,63,0,2,0,0,1,1,0,0,0,0,1,100,2,0,5.0,1,1
0,10.0,16,11,0,1,6,0,1,0,0,0,1,0,1,0,2,0,0.0,1,1
0,30.0,62,0,1,2,3,5,1,1,0,0,0,0,1,0,12,0,4.0,1,1
1,2.0,100,0,2,2,6,0,0,0,1,1,1,0,3,0,12,0,13.0,1,1
1,7.0,122,0,0,0,6,0,1,1,0,0,1,0,1,0,2,0,2.0,1,1
1,1.0,109,76,2,0,4,4,0,2,1,1,1,0,3,0,12,0,0.0,1,1
0,2.0,136,0,1,0,1,0,1,1,0,0,1,0,1,0,2,0,1.0,1,1
0,2.0,136,0,2,0,1,2,1,0,1,1,1,0,3,0,2,0,19.0,1,1
0,24.0,136,0,0,1,0,0,1,1,0,0,0,0,1,0,12,0,3.0,1,1
0,12.0,57,0,0,0,6,0,1,1,0,0,1,0,1,0,2,0,1.0,1,1
1,3.0,80,67,1,0,2,5,2,0,1,1,1,0,3,0,2,0,2.0,1,1
1,84.0,117,82,1,4,0,0,1,2,0,0,0,0,2,0,12,0,2.0,1,1
1,2.0,99,0,1,6,0,0,0,1,2,0,2,0,1,0,2,0,4.0,1,1
1,1.0,100,0,1,2,5,5,1,0,1,1,1,0,1,0,12,0,8.0,1,1
1,12.0,122,62,1,1,4,0,1,0,1,1,1,0,1,0,12,0,2.0,1,1
1,1.0,122,0,2,1,5,5,0,0,1,1,1,0,4,0,2,0,5.0,0,1
0,2.0,136,0,1,0,0,0,1,1,1,1,1,0,1,0,2,0,1.0,1,1
0,2.0,136,0,1,0,1,0,1,1,1,1,1,0,1,0,4,0,1.0,1,1
0,7.0,136,45,1,0,6,0,1,0,0,0,1,0,1,100,2,0,3.0,1,1
1,1.0,100,0,1,0,6,0,0,0,2,2,2,0,1,10,2,0,8.0,1,1
0,2.0,136,0,0,0,1,0,1,0,0,0,1,0,1,0,2,0,6.0,1,1
1,12.0,100,0,1,0,0,0,1,0,1,1,1,0,3,0,4,0,5.0,1,1
0,2.0,62,0,1,1,6,0,1,1,0,0,1,0,1,0,2,0,4.0,1,1
0,54.0,38,44,0,6,0,0,1,1,0,0,0,0,1,0,2,0,2.0,1,1
0,2.0,136,0,2,0,4,5,1,0,1,2,1,0,8,0,12,0,1.0,1,1
0,6.0,136,0,1,4,0,0,1,0,0,0,1,0,1,0,12,0,3.0,1,1
1,1.0,100,104,1,0,1,0,1,0,1,0,1,0,1,0,2,0,3.0,1,1
1,1.0,100,0,0,5,6,0,0,0,1,0,1,0,1,0,12,0,3.0,1,1
0,2.0,136,0,1,1,6,0,1,0,2,2,1,0,1,0,2,0,1.0,1,1
0,1.0,44,111,1,0,1,0,1,1,0,0,1,0,1,0,2,0,6.0,1,1
1,4.0,100,78,0,2,0,0,1,1,1,1,1,0,1,0,2,0,0.0,0,1
0,2.0,136,0,1,0,1,3,2,0,0,0,1,0,1,0,2,0,4.0,0,1
1,4.0,100,0,1,0,1,5,0,0,1,0,1,0,1,0,3,0,4.0,1,1
0,3.0,136,0,0,0,0,0,1,0,2,2,1,0,1,0,2,0,2.0,1,1
1,4.0,100,0,1,0,2,5,1,0,1,1,1,0,1,0,2,0,7.0,1,1
0,2.0,136,107,1,0,1,1,1,1,0,0,1,0,1,0,2,0,3.0,1,1
0,3.0,136,0,1,0,1,0,1,1,0,0,1,0,1,0,12,0,2.0,1,1
0,4.0,136,107,1,0,1,5,1,0,0,0,0,0,2,0,2,0,1.0,1,1
0,2.0,136,0,0,0,1,5,1,0,1,0,1,0,1,0,3,0,3.0,1,1
0,4.0,136,107,2,1,4,5,1,0,1,1,1,0,5,0,2,0,6.0,1,1
1,2.0,100,0,1,1,3,0,0,0,2,2,2,0,1,0,2,0,1.0,1,1
0,48.0,38,0,0,1,0,0,1,0,2,2,1,1,1,0,12,0,2.0,1,1
0,6.0,136,0,0,0,1,3,1,0,0,0,0,0,1,0,2,0,1.0,1,1
1,10.0,80,0,0,6,0,0,1,1,0,0,0,0,1,0,2,0,3.0,1,1
1,2.0,100,0,0,5,6,0,1,0,1,0,1,0,1,0,2,0,7.0,1,1
1,2.0,100,78,0,1,0,0,0,0,2,2,2,0,1,0,2,0,2.0,1,1
1,1.0,100,0,1,1,6,0,1,0,2,2,1,0,1,0,2,0,3.0,1,1
1,2.0,100,78,2,1,2,5,0,0,1,1,1,0,3,0,12,3,4.0,1,1
1,5.0,135,0,1,0,6,0,1,0,0,0,0,0,1,0,2,0,6.0,1,1
1,12.0,98,92,1,0,1,5,1,2,2,2,2,0,1,0,12,0,1.0,1,1
0,9.0,136,0,0,1,0,0,1,0,0,0,0,0,1,0,2,0,2.0,1,1
0,3.0,136,0,1,1,6,0,1,1,0,0,1,0,1,0,2,0,2.0,1,1
1,2.0,100,0,2,0,2,5,1,0,0,0,1,0,2,0,2,0,3.0,1,1
1,1.0,100,0,1,3,6,0,1,0,1,1,1,0,1,0,2,0,1.0,1,1
1,24.0,100,0,0,5,0,0,2,0,0,0,0,0,1,0,12,0,8.0,1,1
1,2.0,100,0,2,0,1,5,1,0,1,1,1,0,3,1,2,0,1.0,1,1
1,4.0,99,0,1,2,5,5,2,1,1,0,0,0,1,0,12,0,2.0,1,1
0,17.0,136,107,2,0,3,5,1,0,2,2,0,0,2,0,3,0,2.0,0,1
1,24.0,100,0,0,3,6,0,1,0,1,0,0,0,1,0,2,0,7.0,1,1
1,8.0,100,0,0,1,2,5,1,0,2,1,1,0,1,0,12,0,3.0,1,1
0,6.0,136,10,1,0,6,0,1,0,1,1,1,0,1,0,2,0,1.0,1,1
1,4.0,96,0,2,0,1,5,1,1,1,1,1,0,3,0,2,0,5.0,1,1
0,2.0,136,0,1,0,6,0,1,1,1,0,1,0,1,0,2,0,12.0,1,1
1,3.0,99,0,1,0,6,0,0,0,1,1,1,0,1,0,12,0,5.0,1,1
0,60.0,59,107,1,2,4,5,1,1,0,0,0,0,1,0,2,0,0.0,1,1
0,2.0,136,0,0,0,1,0,1,0,0,0,1,0,1,0,2,0,4.0,1,1
0,3.0,136,0,1,0,1,5,1,0,1,1,1,0,2,0,0,0,3.0,1,1
1,8.0,99,0,1,3,4,5,1,1,1,0,1,0,1,20,12,0,4.0,0,1
0,3.0,65,107,0,0,6,0,1,0,1,1,1,0,1,0,2,0,9.0,1,1
0,5.0,65,107,1,2,0,0,1,0,0,0,0,0,1,0,2,0,2.0,1,1
1,1.0,100,0,0,0,0,0,1,0,1,0,1,0,1,0,2,0,3.0,1,1
1,3.0,98,0,1,0,1,4,1,1,1,1,2,0,3,0,2,0,5.0,1,1
1,12.0,98,0,1,6,0,0,1,2,0,0,1,0,1,200,2,0,6.0,1,1
1,1.0,100,0,2,0,3,5,1,0,1,0,1,0,4,0,2,0,11.0,1,1
0,12.0,12,107,1,1,0,0,1,0,1,0,0,0,1,0,2,0,3.0,1,1
1,36.0,99,0,0,6,0,0,1,1,2,0,0,0,1,0,12,0,1.0,1,1
1,38.0,117,69,1,0,2,5,1,2,0,0,0,0,3,200,12,0,2.0,1,1
1,2.0,100,101,2,1,2,4,0,0,1,1,1,0,2,0,3,1,8.0,1,1
0,6.0,65,37,0,1,4,4,1,1,0,0,0,0,1,0,2,0,7.0,1,1
0,1.0,136,0,1,1,4,5,1,1,1,1,1,0,1,0,2,0,5.0,1,1
0,3.0,136,0,1,0,1,3,1,0,0,0,1,0,1,0,2,0,13.0,1,1
0,6.0,136,0,1,1,0,0,1,0,0,0,0,0,1,0,2,0,3.0,1,1
0,1.0,136,0,2,0,1,0,1,0,2,2,1,0,9,0,2,0,3.0,1,1
0,36.0,48,0,0,6,0,0,0,0,0,0,1,0,1,0,12,0,1.0,1,1
1,4.0,100,78,0,0,6,0,1,1,0,0,1,0,1,0,0,0,1.0,1,1
0,12.0,21,6,1,0,2,0,2,1,0,0,0,0,1,0,2,0,6.0,1,1
1,8.0,102,0,1,0,5,5,1,0,2,1,0,0,2,0,4,0,3.0,1,1
1,2.0,111,0,2,0,5,5,0,0,2,2,2,0,3,0,5,0,2.0,1,1
1,1.0,100,0,1,0,4,5,1,0,1,1,1,0,2,0,12,0,1.0,0,1
0,10.0,136,8,1,0,1,5,1,1,0,0,0,0,1,0,2,0,0.0,1,1
0,4.0,136,0,1,3,0,0,1,0,2,0,2,0,1,0,5,0,1.0,1,1
0,5.0,21,0,1,4,0,0,1,0,0,0,0,0,1,0,12,0,5.0,1,1
1,3.0,100,0,1,0,2,2,0,0,1,1,1,0,1,0,12,0,5.0,1,1
0,4.0,21,107,0,4,0,0,1,0,1,0,0,0,1,50,2,0,3.0,1,1
0,84.0,65,107,1,0,4,0,1,2,0,0,0,0,2,0,2,0,3.0,1,1
1,12.0,100,104,1,0,1,0,0,0,0,0,0,0,1,0,2,0,7.0,1,1
1,1.0,100,0,1,6,0,0,0,0,2,2,2,0,1,0,2,0,1.0,1,1
1,5.0,100,0,0,0,6,0,1,1,0,0,1,0,1,0,2,0,4.0,1,1
0,2.0,136,0,0,1,0,0,1,0,1,1,1,0,1,0,3,0,2.0,1,1
0,1.0,136,33,2,0,5,0,1,0,2,2,1,0,2,0,2,0,3.0,1,1
0,3.0,136,0,1,0,1,0,1,0,0,0,1,0,1,0,2,0,3.0,1,1
0,1.0,136,0,2,0,1,5,0,0,0,0,1,0,3,0,2,0,3.0,0,1
1,2.0,120,78,0,0,6,0,0,0,1,1,1,0,2,50,12,0,6.0,1,1
0,48.0,57,0,1,1,4,0,1,1,0,0,1,0,1,0,2,0,5.0,1,1
0,10.0,136,0,0,1,0,0,2,1,0,0,0,0,1,0,2,1,4.0,1,1
1,1.0,129,62,2,0,5,5,1,0,2,2,2,0,3,30,7,0,3.0,0,1
1,6.0,99,0,0,0,5,5,1,1,0,0,1,0,1,0,2,0,4.0,1,1
0,2.0,136,0,0,0,1,0,1,1,0,0,1,0,1,0,2,0,1.0,1,1
0,2.0,136,107,0,1,6,0,1,1,1,1,1,0,1,0,12,0,13.0,0,1
1,1.0,99,0,0,0,5,5,1,1,1,1,1,0,1,0,2,0,3.0,1,1
0,57.0,27,0,0,1,2,0,2,0,0,0,1,0,1,0,2,0,4.0,0,1
0,4.0,136,0,2,0,1,2,0,0,0,0,1,0,3,0,0,0,3.0,1,1
1,2.0,100,0,1,0,0,0,1,0,1,0,1,0,1,0,2,0,12.0,1,1
0,4.0,57,0,1,1,4,5,0,1,0,0,2,0,1,350,12,0,5.0,1,1
0,4.0,136,0,2,0,4,5,1,1,0,0,1,0,5,0,2,0,4.0,1,1
1,2.0,100,0,1,0,1,3,0,0,1,1,1,0,1,0,12,0,5.0,1,1
1,2.0,100,0,0,0,6,0,1,0,1,0,1,0,1,0,12,0,3.0,1,1
1,6.0,91,0,1,0,1,0,1,0,1,0,0,0,1,0,12,0,2.0,1,1
1,3.0,129,0,2,1,5,5,0,1,1,1,1,0,2,0,12,0,2.0,1,1
1,3.0,100,0,0,0,6,0,1,1,0,0,2,0,1,0,3,0,3.0,1,1
0,12.0,136,107,2,0,1,0,2,0,1,1,1,0,4,0,2,0,3.0,0,1
0,1.0,136,0,0,0,0,0,1,0,1,1,1,0,1,0,7,0,2.0,0,1
1,2.0,100,0,1,0,3,0,1,0,1,1,1,0,1,0,12,0,2.0,1,1
0,12.0,55,107,0,0,1,5,1,1,0,0,0,0,1,0,2,0,5.0,1,1
1,9.0,100,0,0,1,0,0,0,0,0,0,0,0,2,50,12,0,1.0,1,1
0,3.0,136,0,0,1,4,0,0,0,1,1,1,0,1,0,2,0,5.0,0,1
0,3.0,136,123,1,0,2,0,1,0,0,0,0,0,1,0,2,0,10.0,1,1
1,3.0,99,97,2,0,1,5,0,1,1,1,2,0,2,150,4,0,1.0,1,1
1,1.0,100,0,2,0,1,5,1,0,1,1,1,0,4,0,12,0,13.0,1,1
1,9.0,122,78,0,4,0,0,1,0,0,0,0,0,2,0,2,0,4.0,1,1
0,12.0,136,0,0,3,0,0,1,0,2,2,2,0,1,0,12,0,1.0,1,1
1,2.0,100,0,1,0,3,5,1,0,1,0,1,0,6,0,2,0,1.0,1,1
1,2.0,100,78,2,0,1,1,1,0,1,1,1,0,3,0,2,0,1.0,1,1
0,5.0,136,0,1,0,6,0,1,2,0,0,1,0,2,1,2,0,2.0,1,1
0,2.0,136,0,0,0,1,0,1,0,0,0,1,0,1,0,2,0,2.0,1,1
0,3.0,136,0,2,3,0,0,1,1,0,0,0,0,2,0,4,0,2.0,1,1
1,5.0,99,0,1,1,6,0,0,1,0,0,0,0,1,50,2,0,1.0,1,1
0,1.0,136,0,0,0,6,0,1,1,1,1,1,0,1,0,3,0,3.0,1,1
0,2.0,136,6,1,1,0,0,1,1,0,0,1,0,2,0,3,0,0.0,1,1
1,19.0,117,0,0,0,6,0,1,2,0,0,0,0,1,0,2,0,0.0,1,1
1,2.0,99,78,0,0,1,5,1,1,0,0,1,0,2,100,2,0,7.0,1,1
0,2.0,136,0,0,0,0,0,1,1,0,0,1,0,1,0,2,0,5.0,1,1
1,5.0,100,0,1,0,6,0,1,0,0,0,1,0,1,0,12,0,2.0,1,1
0,3.0,136,0,0,0,1,0,1,1,0,0,2,0,1,0,3,0,1.0,1,1
0,36.0,21,0,1,3,0,0,1,0,1,0,0,0,1,0,4,0,1.0,1,1
1,2.0,100,0,1,0,4,5,0,0,1,1,1,0,1,50,2,0,3.0,1,1
0,1.0,136,107,0,0,1,5,1,1,1,0,1,0,1,0,2,0,3.0,1,1
0,1.0,136,0,0,0,6,0,1,1,1,1,1,0,3,0,2,0,4.0,1,1
1,1.0,100,106,2,0,6,0,1,0,1,0,1,0,2,0,12,0,4.0,1,1
0,12.0,136,0,2,0,1,5,1,0,1,2,1,0,3,0,2,0,3.0,1,1
1,2.0,100,0,2,0,6,0,1,1,1,1,1,0,4,0,2,0,1.0,1,1
1,1.0,100,0,1,5,6,0,1,0,2,2,2,0,1,0,2,0,3.0,1,1
0,6.0,136,0,1,0,0,0,1,0,0,0,1,0,1,0,12,0,2.0,1,1
0,2.0,139,107,1,0,6,0,1,2,0,0,0,0,1,0,4,0,1.0,1,1
0,5.0,136,0,2,0,1,5,0,0,1,1,1,0,4,1,1,0,5.0,1,1
0,8.0,136,0,1,1,0,0,1,0,0,0,0,0,1,0,2,0,4.0,1,1
1,6.0,100,78,2,4,5,0,1,0,0,0,0,0,2,0,2,0,8.0,1,1
0,1.0,136,107,0,1,5,5,0,1,1,1,2,0,1,0,2,0,3.0,1,1
0,6.0,136,0,1,0,2,5,1,1,0,0,0,0,1,0,2,0,4.0,0,1
1,2.0,99,0,2,0,1,4,1,1,1,1,1,0,4,0,2,0,3.0,0,1
0,2.0,136,107,2,1,3,3,2,1,1,1,1,0,4,0,2,0,1.0,1,1
1,3.0,109,104,1,0,1,2,1,2,1,1,1,0,1,0,2,0,1.0,1,1
0,6.0,136,0,1,0,0,0,1,1,1,0,1,0,1,0,2,1,4.0,1,1
1,9.0,117,76,1,1,3,5,0,2,0,0,1,1,1,0,2,2,5.0,1,1
0,3.0,136,107,1,1,6,0,1,0,2,0,2,0,1,200,12,0,2.0,1,1
0,1.0,136,0,2,0,1,5,1,0,1,1,1,0,4,0,12,0,7.0,1,1
1,3.0,100,0,1,5,6,0,1,0,1,0,1,0,1,50,2,0,7.0,1,1
0,1.0,136,0,0,0,6,0,0,0,1,1,1,0,1,0,2,0,1.0,0,1
0,8.0,8,14,0,4,0,0,1,1,0,0,1,0,1,200,2,0,0.0,1,1
0,3.0,136,0,0,1,0,0,1,0,1,1,1,0,1,0,2,0,1.0,1,1
0,12.0,136,107,0,1,6,0,1,1,2,2,2,0,1,0,12,0,3.0,0,1
0,5.0,136,0,1,0,1,0,1,0,0,0,1,0,1,0,12,0,0.0,1,1
1,7.0,115,97,0,4,6,0,1,0,2,0,0,0,1,10,2,0,5.0,1,1
0,3.0,136,0,0,1,0,0,1,1,2,2,2,0,1,0,4,0,4.0,0,1
0,2.0,136,0,2,0,6,0,1,0,0,0,1,0,2,0,2,0,2.0,1,1
0,6.0,136,0,1,0,0,0,1,0,2,2,2,1,1,0,12,0,5.0,1,1
0,48.0,21,0,1,4,0,0,2,1,0,0,0,0,1,250,2,0,3.0,1,1
1,2.0,99,0,1,0,6,0,0,1,1,0,1,0,1,0,12,0,1.0,1,1
1,12.0,115,0,1,0,6,0,2,0,1,1,1,0,1,0,2,0,2.0,1,1
0,5.0,155,107,1,0,1,5,0,1,0,0,1,0,1,0,2,0,2.0,1,1
1,72.0,100,0,1,0,1,5,2,0,0,0,0,0,1,0,2,0,1.0,1,1
1,13.0,99,77,1,6,0,0,1,1,0,0,1,0,2,0,2,0,3.0,1,1
0,11.0,21,0,0,4,0,0,2,1,0,0,1,0,1,0,12,0,4.0,1,1
1,36.0,100,0,0,1,6,0,2,0,0,0,0,0,1,0,2,0,5.0,1,1
1,4.0,100,0,0,1,5,0,1,1,0,0,1,0,1,0,7,0,12.0,1,1
0,8.0,136,0,0,1,0,0,2,0,0,0,1,0,1,0,2,0,5.0,1,1
1,8.0,100,0,1,0,1,5,1,0,2,2,2,0,1,0,12,0,5.0,1,1
1,1.0,100,0,2,0,3,5,0,0,1,1,1,0,3,0,12,0,3.0,1,1
0,5.0,136,0,0,1,0,0,0,0,0,0,1,0,1,0,2,0,5.0,1,1
1,1.0,100,0,0,0,6,0,0,0,1,1,1,0,1,0,2,0,1.0,1,1
0,2.0,136,0,0,0,0,0,1,1,1,1,1,0,1,0,2,0,5.0,1,1
1,7.0,100,100,1,3,0,0,1,0,0,0,0,0,1,0,12,0,9.0,1,1
0,3.0,158,107,2,0,1,0,2,0,0,0,1,0,3,0,2,0,4.0,1,1
0,1.0,136,56,0,0,1,5,1,1,1,0,1,0,1,80,2,2,10.0,1,1
0,3.0,136,0,0,1,6,0,1,1,0,0,1,0,1,200,2,0,2.0,1,1
1,3.0,99,0,1,1,3,0,0,1,1,1,1,0,1,0,2,0,1.0,1,1
0,10.0,136,0,1,1,2,3,1,0,0,0,0,0,1,80,2,0,6.0,1,1
1,1.0,99,77,2,5,6,0,0,1,1,1,1,0,4,0,2,0,7.0,1,1
0,29.0,48,28,1,0,5,5,0,1,0,0,0,0,1,300,2,0,5.0,1,1
0,2.0,136,0,1,1,0,0,1,0,1,1,1,0,2,0,12,0,4.0,1,1
1,12.0,99,77,0,3,6,0,1,1,0,1,1,0,1,0,2,0,5.0,1,1
0,2.0,136,0,1,0,1,5,0,0,1,1,1,0,5,0,2,0,16.0,0,1
0,1.0,136,0,0,0,3,0,1,0,2,2,1,0,1,0,2,0,1.0,1,1
1,12.0,100,77,1,0,1,3,1,1,1,1,0,0,2,0,12,0,1.0,1,1
1,4.0,100,0,0,1,3,5,1,0,1,1,1,0,2,0,12,0,5.0,1,1
0,6.0,17,0,1,1,6,0,0,0,0,0,1,0,1,350,12,0,3.0,1,1
1,6.0,80,0,0,1,6,0,0,1,1,1,0,0,1,0,2,0,4.0,1,1
1,1.0,100,77,0,2,6,0,1,0,1,1,1,0,1,50,2,0,8.0,1,1
0,48.0,8,0,0,2,0,0,2,1,0,0,1,0,1,250,2,0,1.0,1,1
1,1.0,129,78,2,3,4,5,1,0,1,1,1,0,2,0,12,0,2.0,1,1
1,3.0,100,0,0,0,6,0,1,0,0,0,2,0,1,0,2,0,6.0,1,1
0,8.0,136,0,1,6,0,0,1,1,0,0,0,0,1,0,12,0,3.0,1,1
1,3.0,100,77,0,2,3,3,1,0,1,1,1,0,1,0,2,0,5.0,1,1
0,6.0,43,0,1,2,0,0,1,0,0,0,0,0,1,0,12,0,6.0,1,1
1,8.0,115,0,0,2,6,0,1,0,0,0,1,0,1,50,2,0,5.0,1,1
0,8.0,57,0,0,1,4,0,0,1,0,0,1,0,1,0,2,0,4.0,1,1
1,2.0,100,0,0,0,6,0,1,0,1,0,1,0,1,0,2,0,5.0,1,1
1,3.0,99,0,0,0,6,0,0,1,1,1,1,0,1,80,8,0,3.0,1,1
1,6.0,100,0,1,0,0,0,0,0,1,1,1,0,1,0,2,0,1.0,0,1
0,1.0,136,0,0,0,0,0,1,0,0,0,1,0,1,0,2,0,7.0,1,1
1,2.0,99,0,0,1,0,0,2,1,1,0,2,0,1,0,2,0,2.0,1,1
0,1.0,136,0,1,1,2,3,1,0,1,1,1,0,2,0,2,1,2.0,0,1
1,2.0,122,97,2,0,1,5,1,1,1,1,1,0,4,0,2,0,1.0,1,1
0,3.0,136,0,1,1,5,5,1,2,2,0,2,0,2,0,2,0,4.0,1,1
1,5.0,100,0,0,0,6,0,0,1,0,0,1,1,1,50,2,0,5.0,1,1
0,1.0,136,0,0,0,0,0,1,0,1,0,1,0,4,0,2,0,7.0,1,1
0,1.0,136,0,2,0,1,3,1,1,1,0,1,0,3,0,2,0,5.0,1,1
1,7.0,129,101,2,0,3,5,1,1,0,0,0,0,2,0,2,0,2.0,1,1
1,9.0,88,69,0,6,0,0,2,1,1,0,1,0,1,250,2,0,1.0,1,1
1,4.0,100,0,0,3,6,0,0,0,1,0,1,0,1,0,2,0,2.0,1,1
0,4.0,136,0,1,4,0,0,1,0,0,0,1,0,1,0,2,0,1.0,1,1
1,2.0,100,76,1,6,0,0,0,0,1,1,1,0,1,0,12,0,4.0,1,1
0,72.0,37,0,0,1,2,5,0,2,0,0,1,0,1,300,12,0,5.0,1,1
1,4.0,100,0,0,2,0,0,1,1,1,1,1,0,1,0,2,0,5.0,1,1
0,2.0,136,107,1,1,6,0,1,1,0,0,1,0,1,0,2,0,5.0,1,1
1,7.0,100,0,1,4,6,0,0,0,0,0,0,0,1,30,2,0,4.0,1,1
0,36.0,136,0,1,1,0,0,1,0,0,0,0,0,1,0,12,0,12.0,1,1
1,12.0,80,78,0,0,1,4,1,0,0,0,0,0,1,300,12,0,3.0,1,1
0,2.0,75,107,1,1,0,0,1,0,2,2,1,0,1,0,2,0,5.0,1,1
1,5.0,122,0,0,1,0,0,1,1,1,1,1,1,1,0,2,0,3.0,1,1
0,3.0,21,123,0,0,4,5,1,0,2,2,2,0,1,0,3,0,2.0,1,1
1,1.0,100,0,1,3,6,0,1,0,1,0,1,0,1,0,12,0,3.0,1,1
1,24.0,100,0,0,0,6,0,1,0,0,0,0,0,1,0,2,0,2.0,1,1
0,1.0,136,0,2,0,1,0,1,0,1,0,1,0,4,0,2,0,5.0,1,1
1,1.0,114,0,1,0,1,4,1,1,1,1,1,0,1,0,2,0,3.0,1,1
1,2.0,99,77,2,0,1,5,1,1,1,1,1,0,2,0,12,0,4.0,0,1
1,4.0,83,68,1,1,5,5,0,0,1,1,1,0,3,0,2,0,2.0,1,1
0,1.0,136,0,0,0,1,0,1,2,1,1,1,0,1,0,3,0,3.0,1,1
1,2.0,100,0,0,0,5,5,0,0,2,2,2,0,1,0,12,0,2.0,0,1
1,2.0,98,0,1,0,5,5,2,2,0,0,0,0,1,80,12,0,3.0,1,1
1,12.0,100,0,1,5,0,0,0,0,2,0,1,0,1,0,12,0,5.0,1,1
1,6.0,100,0,1,0,2,5,0,1,2,2,2,0,1,0,12,0,1.0,1,1
0,2.0,136,0,0,1,0,0,1,1,2,2,2,0,1,1,5,0,4.0,1,1
0,0.0,144,107,1,1,0,0,1,0,1,1,1,0,1,0,12,0,2.0,1,1
0,2.0,136,0,0,0,1,5,1,0,1,1,1,0,1,0,2,0,4.0,1,1
0,4.0,16,51,1,1,6,0,0,0,2,2,2,0,1,0,3,0,4.0,1,1
0,48.0,57,37,1,4,6,0,0,1,0,0,0,0,2,330,2,0,4.0,1,1
0,2.0,136,107,1,0,1,0,1,1,1,0,1,0,1,0,2,0,4.0,1,1
0,15.0,136,0,0,0,0,0,2,1,0,0,0,0,1,0,12,0,1.0,1,1
1,1.0,100,0,2,0,6,0,1,0,1,1,1,0,4,0,2,0,3.0,0,1
1,12.0,100,0,2,0,1,1,1,0,1,1,1,0,5,0,12,0,5.0,1,1
1,2.0,99,77,0,0,1,2,1,1,1,1,1,0,2,0,2,0,5.0,0,1
0,5.0,136,0,1,0,0,0,1,0,2,0,2,0,1,0,2,0,2.0,1,1
1,11.0,100,0,1,1,5,5,1,0,0,0,0,0,1,0,2,0,3.0,1,1
0,2.0,136,33,1,1,6,0,1,0,1,1,1,0,1,0,12,0,3.0,0,1
1,2.0,98,0,1,0,2,5,1,2,1,1,1,0,4,0,5,0,5.0,0,1
1,3.0,100,0,1,1,4,5,1,0,1,1,1,0,5,0,2,0,8.0,1,1
0,2.0,136,107,2,0,1,5,1,0,1,1,2,0,3,0,2,0,8.0,1,1
1,108.0,80,0,0,2,0,0,1,1,0,2,0,0,1,0,2,0,4.0,1,1
0,29.0,38,0,0,1,4,0,0,0,0,0,0,0,1,150,3,0,1.0,1,1
1,8.0,99,0,2,1,4,4,2,1,0,0,1,0,2,100,3,0,3.0,1,1
0,24.0,136,0,0,1,0,0,1,1,0,0,0,0,1,0,4,0,5.0,1,1
1,2.0,99,0,1,1,4,5,1,1,1,0,1,0,1,0,12,2,4.0,1,1
0,2.0,136,0,0,0,6,0,1,1,1,1,1,0,3,50,2,0,1.0,1,1
0,3.0,136,0,0,1,2,0,1,1,1,0,1,0,1,0,2,1,1.0,0,1
1,4.0,100,0,1,5,0,0,1,0,1,1,1,0,1,0,2,0,4.0,0,1
0,15.0,136,0,0,1,0,0,2,0,1,1,1,0,1,0,2,0,2.0,1,1
0,3.0,136,0,1,0,6,0,1,1,0,0,1,0,1,0,2,1,8.0,1,1
0,2.0,136,0,0,0,6,0,1,1,1,0,1,0,1,0,3,0,1.0,1,1
0,4.0,136,0,0,0,6,0,1,0,0,0,0,0,1,0,2,0,4.0,1,1
0,1.0,136,0,0,1,6,0,1,1,1,1,1,0,1,0,3,0,1.0,1,1
1,4.0,99,0,2,0,1,5,1,1,1,1,1,0,2,100,12,0,8.0,1,1
1,2.0,134,78,0,6,0,0,0,0,1,1,1,0,1,50,2,0,2.0,1,1
0,17.0,136,0,1,6,0,0,1,1,1,0,1,0,1,0,2,0,0.0,1,1
0,36.0,156,107,1,1,0,0,0,1,2,2,2,0,1,0,3,0,1.0,1,1
0,1.0,26,107,1,4,0,0,1,0,1,1,1,0,1,0,6,0,3.0,1,1
0,36.0,136,107,0,5,0,0,0,1,2,2,0,0,2,0,2,0,6.0,1,1
0,36.0,136,14,1,4,0,0,1,0,1,0,0,0,1,0,2,0,5.0,1,1
0,12.0,136,0,1,6,0,0,1,0,2,2,2,0,1,0,2,0,3.0,1,1
1,5.0,129,0,0,0,1,1,1,0,0,0,1,0,1,50,2,0,1.0,0,1
1,12.0,84,0,0,1,0,0,1,1,0,0,1,0,1,350,2,0,4.0,0,1
0,36.0,136,0,0,0,1,0,1,0,0,0,2,0,1,0,12,0,8.0,1,1
0,2.0,62,107,1,4,0,0,0,1,1,0,1,0,1,0,2,0,2.0,1,1
1,2.0,99,0,1,0,4,5,1,1,1,1,1,0,1,0,2,0,2.0,1,1
0,1.0,136,107,2,0,0,0,0,0,1,1,1,0,2,0,2,0,3.0,1,1
0,25.0,51,0,0,0,1,5,1,0,0,0,0,0,1,0,12,0,1.0,1,1
0,2.0,136,0,0,1,6,0,1,0,1,1,1,0,1,0,2,0,1.0,1,1
0,1.0,136,0,1,0,6,0,1,0,2,2,1,0,1,0,2,0,1.0,1,1
0,2.0,136,0,1,0,1,0,0,0,1,1,1,0,1,0,2,0,5.0,0,1
0,36.0,136,50,0,6,0,0,1,0,2,0,0,0,1,0,2,0,9.0,1,1
0,2.0,35,107,2,0,0,0,1,0,1,0,1,0,3,200,12,0,3.0,0,1
1,2.0,100,0,2,6,0,0,1,0,1,0,1,0,3,0,7,0,4.0,1,1
1,12.0,100,0,0,1,6,0,1,0,1,1,1,0,2,0,7,0,4.0,0,1
1,9.0,100,0,0,0,3,5,1,1,1,1,1,1,1,0,12,0,1.0,1,1
1,3.0,99,0,1,0,6,0,0,1,1,1,1,0,4,0,2,0,1.0,0,1
0,2.0,136,0,0,0,1,0,1,0,2,2,1,0,1,0,2,0,1.0,1,1
0,2.0,21,107,2,0,0,0,1,1,2,2,2,0,3,0,3,0,3.0,1,1
0,1.0,136,0,1,6,0,0,1,0,0,0,1,0,1,0,2,0,2.0,1,1
0,84.0,21,0,0,4,0,0,2,1,2,2,2,0,1,0,12,0,2.0,1,1
0,2.0,136,0,0,1,0,0,1,0,2,2,1,0,1,0,2,0,3.0,1,1
1,25.0,100,0,2,0,3,5,2,0,1,0,1,0,4,0,2,0,4.0,1,1
0,5.0,21,107,1,2,0,0,1,0,0,0,1,0,1,0,2,0,1.0,1,1
0,48.0,28,107,1,0,1,0,0,0,0,0,2,0,1,0,2,0,5.0,1,1
1,11.0,99,0,1,0,5,0,1,1,0,0,0,0,1,0,2,0,1.0,1,1
0,2.0,136,0,0,1,0,0,0,0,1,1,1,0,1,0,12,0,2.0,1,1
1,3.0,100,0,1,5,0,0,0,0,1,0,1,0,2,0,0,0,12.0,1,1
0,2.0,21,10,0,0,1,5,0,0,0,2,1,0,1,0,12,0,5.0,1,1
1,3.0,100,0,2,3,6,0,0,0,0,0,1,0,2,100,2,0,4.0,1,1
0,24.0,51,107,0,1,6,0,1,0,2,2,1,0,1,0,2,0,4.0,1,1
1,4.0,100,0,2,0,1,2,1,0,1,1,1,0,4,0,2,3,6.0,1,1
1,1.0,117,97,0,6,0,0,0,1,1,1,1,0,1,108,7,0,2.0,1,1
0,1.0,136,0,1,0,1,0,1,0,0,0,1,0,1,0,2,0,5.0,1,1
0,1.0,136,0,1,0,1,0,1,0,2,2,1,0,1,0,2,0,2.0,1,1
1,2.0,100,0,1,0,5,5,0,0,0,0,1,0,2,0,2,0,0.0,1,1
1,8.0,100,63,1,1,0,0,1,0,0,0,1,0,5,100,2,0,1.0,1,1
1,1.0,100,0,2,1,3,5,1,1,0,0,1,0,20,0,12,0,5.0,1,1
1,1.0,91,78,1,0,2,5,1,0,1,0,1,0,1,0,2,0,6.0,1,1
1,2.0,122,77,2,1,4,5,0,1,1,1,1,0,4,0,12,0,27.0,1,1
1,36.0,135,0,1,0,6,0,0,0,1,0,0,0,1,0,2,0,9.0,1,1
1,3.0,100,0,1,0,1,3,1,0,0,0,1,0,1,0,12,0,2.0,1,1
1,4.0,100,0,0,5,0,0,1,0,1,1,1,0,2,0,2,0,0.0,1,1
0,3.0,136,0,1,0,1,3,1,0,1,1,1,1,1,0,2,0,1.0,1,1
1,2.0,99,97,2,0,1,5,1,1,1,0,1,0,5,0,12,0,6.0,1,1
1,1.0,100,0,1,1,5,5,1,0,1,1,1,0,1,80,12,0,3.0,1,1
1,4.0,100,0,0,3,6,0,0,0,1,1,1,0,1,50,2,0,6.0,1,1
0,5.0,8,14,2,4,0,0,1,0,0,0,1,0,2,0,13,0,2.0,1,1
0,1.0,136,0,0,2,0,0,1,0,1,1,1,0,1,0,2,0,1.0,1,1
1,2.0,100,0,0,5,6,0,1,0,1,0,1,0,1,0,2,0,1.0,1,1
0,2.0,136,0,1,1,6,0,1,0,0,0,1,0,1,0,2,0,1.0,1,1
1,3.0,100,0,1,0,5,5,0,0,2,2,2,0,2,0,5,0,2.0,1,1
0,3.0,136,0,1,0,1,0,1,0,1,1,1,0,1,0,2,0,3.0,1,1
0,3.0,136,0,0,0,6,0,1,0,1,1,1,0,1,0,12,0,1.0,1,1
1,1.0,100,0,2,0,4,0,0,0,1,1,1,0,2,50,2,0,1.0,1,1
1,1.0,100,0,0,3,6,0,1,1,1,1,1,0,2,0,2,0,4.0,1,1
1,3.0,100,0,1,0,1,1,1,0,1,0,1,0,1,0,12,0,4.0,1,1
0,36.0,70,107,1,6,0,0,0,2,2,2,0,0,1,200,7,0,3.0,1,1
0,2.0,136,107,1,0,0,0,1,1,1,1,1,0,1,0,2,0,6.0,1,1
0,4.0,136,0,0,0,1,1,2,1,0,0,0,0,3,0,12,2,16.0,1,1
0,24.0,136,0,0,1,0,0,1,1,0,0,2,0,1,0,12,0,2.0,1,1
1,14.0,100,0,1,0,1,0,1,0,1,1,0,0,1,0,12,0,3.0,1,1
0,1.0,136,107,0,0,6,0,1,1,1,0,1,0,1,0,2,0,4.0,1,1
1,1.0,98,0,2,0,1,2,0,0,1,1,1,0,3,0,2,0,3.0,0,1
0,12.0,136,0,1,3,0,0,1,0,0,0,0,0,1,0,2,0,11.0,1,1
1,3.0,115,90,2,0,6,0,0,1,1,0,1,0,2,0,12,0,4.0,1,1
0,48.0,136,0,1,1,0,0,0,1,0,0,2,0,1,0,12,0,2.0,1,1
1,12.0,122,78,1,1,4,0,1,1,0,0,0,0,2,0,12,0,4.0,1,1
0,7.0,136,0,1,1,4,0,1,0,0,0,2,0,1,0,2,0,2.0,1,1
0,15.0,57,23,1,6,0,0,1,2,0,0,1,0,1,0,2,0,5.0,1,1
0,6.0,136,0,0,6,0,0,1,0,0,0,0,0,1,0,2,0,2.0,1,1
1,1.0,99,58,1,2,4,5,1,1,1,0,1,0,1,40,2,0,7.0,1,1
0,3.0,136,0,0,4,0,0,1,0,2,0,1,0,1,0,12,0,9.0,1,1
0,12.0,156,107,1,1,6,0,1,0,2,2,0,0,1,0,2,0,3.0,1,1
1,3.0,99,0,1,1,6,0,0,1,1,1,1,0,1,0,12,0,3.0,1,1
0,5.0,136,0,1,0,1,0,1,1,0,0,0,0,1,0,12,0,3.0,1,1
1,2.0,100,77,0,0,5,0,1,0,0,1,1,0,1,100,12,0,4.0,1,1
0,2.0,67,107,1,1,0,0,1,0,0,0,1,0,1,0,2,0,4.0,1,1
0,2.0,136,0,0,1,0,0,1,0,1,0,1,0,1,0,2,0,3.0,1,1
0,3.0,136,0,1,0,1,5,1,1,1,0,1,0,1,0,12,0,1.0,1,1
1,12.0,100,0,0,0,1,0,2,0,0,0,1,0,1,0,12,0,3.0,1,1
1,2.0,99,0,0,0,5,5,2,1,1,0,2,0,1,0,2,0,5.0,1,1
1,3.0,100,78,1,5,0,0,1,0,0,0,1,0,1,50,2,0,3.0,1,1
0,1.0,136,0,1,1,6,0,1,0,1,1,1,0,3,0,2,0,1.0,0,1
0,12.0,57,0,1,0,6,0,0,2,0,0,1,0,1,350,2,0,2.0,1,1
1,12.0,122,101,1,1,5,0,1,0,0,0,0,0,1,0,2,0,7.0,1,1
1,2.0,100,0,0,5,0,0,1,0,0,0,1,0,1,0,12,0,12.0,1,1
1,36.0,135,0,2,0,2,4,1,1,0,0,0,0,5,0,2,0,0.0,0,1
0,0.0,136,107,2,0,1,0,1,0,1,1,0,0,6,0,3,0,4.0,1,1
1,7.0,100,0,1,5,6,0,1,0,1,1,2,0,2,0,2,0,3.0,1,1
1,2.0,99,0,1,1,3,0,0,1,1,1,1,0,2,0,12,0,4.0,1,1
0,2.0,136,0,0,1,0,0,1,0,1,0,1,0,1,0,3,0,2.0,1,1
1,132.0,100,0,1,0,1,0,1,0,0,0,0,0,1,0,2,0,1.0,1,1
0,1.0,136,0,0,0,0,0,1,0,1,1,1,0,1,0,2,0,1.0,1,1
1,2.0,135,78,1,0,6,0,1,0,1,0,1,0,2,0,2,0,9.0,1,1
1,1.0,100,0,2,0,3,5,1,0,1,1,1,0,7,0,5,0,3.0,1,1
1,3.0,100,0,0,0,6,0,1,0,2,0,2,0,1,0,12,0,6.0,1,1
0,1.0,136,0,0,0,1,5,1,1,2,2,1,0,1,0,2,0,1.0,1,1
1,4.0,100,101,2,0,6,0,1,0,0,0,2,0,2,0,7,0,2.0,1,1
0,2.0,136,0,0,0,6,0,1,0,1,1,1,0,1,0,12,0,3.0,1,1
0,2.0,136,0,1,1,2,0,1,1,2,2,2,0,1,0,2,0,2.0,1,1
1,1.0,100,0,1,1,0,0,0,0,1,0,1,0,6,0,2,0,1.0,1,1
0,24.0,151,0,1,2,4,0,1,1,2,2,2,0,1,100,2,0,1.0,1,1
0,5.0,136,0,2,0,1,5,1,1,0,0,0,0,3,0,2,0,5.0,1,1
1,3.0,99,0,1,2,6,0,1,1,1,1,1,0,1,0,12,0,3.0,1,1
1,1.0,100,0,1,3,0,0,1,0,1,1,1,0,1,0,2,0,5.0,1,1
0,5.0,136,0,1,1,0,0,1,0,0,0,0,0,1,0,2,0,2.0,1,1
1,2.0,100,77,2,0,1,2,1,0,1,0,0,0,4,0,2,0,4.0,1,1
1,4.0,100,0,1,0,1,5,0,1,1,0,1,0,1,0,12,0,2.0,1,1
1,5.0,100,78,1,0,5,0,1,0,1,0,1,0,1,0,12,0,1.0,1,1
0,12.0,136,0,2,0,1,0,0,0,2,2,2,0,3,0,2,0,3.0,1,1
1,2.0,89,97,1,5,6,0,1,1,1,1,1,0,1,0,2,0,4.0,1,1
1,1.0,129,0,0,5,0,0,0,0,1,1,1,0,1,0,2,0,6.0,1,1
0,2.0,136,50,1,0,1,3,1,0,1,1,1,0,1,0,2,0,1.0,1,1
0,2.0,136,0,0,2,0,0,1,0,0,0,1,0,1,0,2,0,1.0,1,1
0,1.0,136,0,2,0,1,3,1,1,0,0,1,0,5,0,2,0,6.0,1,1
0,60.0,136,0,0,0,1,1,0,1,2,2,2,0,1,0,2,0,2.0,1,1
0,117.0,57,0,1,0,1,5,1,1,0,0,0,0,1,0,3,0,3.0,1,1
0,2.0,136,0,0,1,0,0,1,0,1,1,1,0,1,20,3,0,1.0,1,1
0,12.0,136,0,2,0,1,0,1,1,0,0,2,0,3,0,7,0,0.0,1,1
1,36.0,100,0,0,0,1,5,1,0,0,0,1,0,1,0,12,0,4.0,1,1
1,6.0,122,78,0,2,0,0,1,1,1,1,1,0,1,0,2,0,2.0,1,1
0,36.0,136,0,0,0,1,0,1,0,0,0,1,0,1,0,2,0,3.0,1,1
0,1.0,136,0,2,0,1,0,1,0,1,1,1,0,2,0,12,0,2.0,1,1
1,2.0,100,78,0,0,6,0,0,0,1,1,2,0,2,0,12,0,5.0,1,1
1,36.0,117,0,0,0,0,0,1,1,0,0,1,0,1,0,12,0,2.0,1,1
1,2.0,100,0,1,0,6,0,1,0,1,0,1,0,1,0,12,0,2.0,1,1
0,4.0,136,107,0,0,1,3,0,0,0,0,1,0,3,0,12,2,7.0,0,1
1,1.0,100,0,1,0,6,0,1,0,1,1,1,0,1,0,2,0,1.0,1,1
1,12.0,99,0,1,1,6,0,1,1,0,0,1,0,1,0,2,0,5.0,1,1
1,3.0,132,78,1,0,2,3,1,1,0,0,1,0,1,0,2,0,5.0,1,1
0,12.0,62,0,1,6,0,0,0,2,2,2,2,0,1,0,7,0,4.0,1,1
0,1.0,158,107,1,0,1,0,1,1,2,2,1,0,1,0,2,0,3.0,1,1
1,18.0,100,0,1,5,0,0,0,0,0,2,0,0,1,30,0,0,2.0,1,1
1,16.0,99,78,2,2,3,3,1,1,0,0,1,0,3,0,2,0,4.0,1,1
0,12.0,136,0,0,4,0,0,2,0,0,0,0,0,1,0,2,0,2.0,1,1
1,4.0,100,0,0,3,6,0,0,0,1,0,1,0,1,0,4,0,4.0,1,1
1,4.0,100,0,2,0,1,4,1,0,0,1,0,0,2,0,2,1,7.0,1,1
0,24.0,65,107,0,0,0,0,1,1,2,2,0,0,1,0,7,0,5.0,1,1
1,2.0,129,0,2,1,0,0,1,1,1,1,1,0,2,0,12,0,3.0,0,1
1,2.0,100,0,1,0,3,5,0,0,1,1,1,0,1,0,2,0,11.0,1,1
1,3.0,100,0,0,0,6,0,1,1,0,0,0,0,1,0,12,0,3.0,1,1
0,36.0,136,0,0,1,0,0,1,0,0,0,0,0,1,0,2,0,3.0,1,1
0,3.0,21,107,0,0,6,0,1,1,0,0,1,0,1,0,2,0,3.0,1,1
1,2.0,99,77,0,6,0,0,1,1,0,0,1,1,1,0,12,0,9.0,1,1
1,3.0,99,0,1,5,6,0,1,1,1,1,1,0,1,0,2,0,6.0,1,1
0,24.0,136,107,1,0,1,0,1,1,0,0,0,0,1,0,2,0,1.0,1,1
1,4.0,99,0,0,3,0,0,1,1,1,0,1,0,1,100,7,0,8.0,1,1
1,28.0,100,0,0,2,0,0,1,0,1,1,1,0,1,0,12,0,5.0,1,1
1,2.0,99,0,1,0,5,5,1,1,1,1,1,0,1,0,3,0,2.0,1,1
0,1.0,136,55,2,4,0,0,1,0,2,2,2,0,2,0,2,0,4.0,0,1
0,3.0,136,0,1,0,0,0,1,0,0,0,1,0,1,0,2,0,12.0,1,1
0,54.0,8,0,0,2,0,0,2,1,0,0,1,0,1,350,12,0,20.0,1,1
1,4.0,100,0,0,5,6,0,0,0,1,1,1,0,1,0,12,0,5.0,1,1
1,2.0,100,0,2,1,3,5,0,0,1,1,1,0,3,0,2,0,4.0,1,1
0,9.0,21,0,0,0,0,0,2,0,2,2,2,0,1,0,2,0,1.0,1,1
0,1.0,16,107,0,1,6,0,1,1,1,1,1,0,1,0,12,0,1.0,0,1
1,2.0,100,76,1,6,0,0,0,0,1,1,1,0,1,0,12,0,4.0,1,1
1,17.0,99,0,0,0,1,0,2,1,0,0,0,0,1,200,5,0,3.0,1,1
1,3.0,99,0,0,0,6,0,1,1,2,2,1,0,1,0,2,0,1.0,0,1
0,12.0,40,107,1,4,0,0,0,0,0,0,0,0,1,0,2,0,3.0,1,1
1,30.0,80,0,1,5,6,0,1,1,1,1,1,0,1,0,12,0,1.0,1,1
0,18.0,136,107,2,1,0,0,1,1,0,0,0,0,2,0,12,0,5.0,1,1
0,45.0,48,44,1,4,6,0,1,1,1,1,1,0,1,0,12,0,2.0,1,1
0,1.0,136,107,1,0,1,0,1,1,1,1,1,0,1,0,2,0,1.0,1,1
1,3.0,100,0,0,0,6,0,1,0,0,0,1,0,1,0,2,0,2.0,1,1
1,4.0,100,0,0,0,6,0,1,0,1,1,1,0,1,0,12,0,15.0,1,1
0,1.0,136,0,1,1,0,0,2,0,1,1,1,0,2,0,2,0,3.0,0,1
0,36.0,38,0,0,1,0,0,1,2,0,0,1,0,1,150,12,0,3.0,1,1
1,4.0,100,0,0,1,4,4,0,0,0,0,1,0,1,0,2,0,5.0,1,1
0,1.0,136,0,0,0,1,0,2,0,1,1,1,0,1,0,2,0,1.0,1,1
0,2.0,136,0,0,1,6,0,1,1,0,0,1,0,1,0,2,0,3.0,1,1
0,120.0,5,0,0,0,1,0,3,1,2,2,1,0,1,0,2,0,3.0,1,1
1,12.0,98,0,1,5,0,0,1,2,1,1,1,0,1,0,2,0,5.0,1,1
0,2.0,136,0,1,1,0,0,1,0,0,0,1,0,1,0,2,0,1.0,1,1
1,14.0,99,90,0,0,1,5,2,1,0,0,0,0,1,10,2,0,1.0,1,1
1,6.0,100,0,1,1,6,0,0,0,0,0,0,0,1,30,12,0,1.0,1,1
1,3.0,105,97,1,4,0,0,0,0,1,0,1,0,1,0,12,0,5.0,1,1
1,48.0,100,97,1,1,5,5,0,0,0,0,0,0,2,30,2,0,6.0,1,1
1,3.0,129,0,0,1,0,0,0,0,0,0,1,0,1,0,12,0,1.0,0,1
0,2.0,136,0,2,0,6,0,1,0,1,1,1,0,4,0,12,0,1.0,1,1
0,2.0,21,107,0,2,6,0,1,0,1,0,1,0,1,0,2,0,0.0,1,1
0,1.0,136,0,2,1,4,5,1,0,2,2,2,0,3,100,3,0,3.0,1,1
0,36.0,51,0,0,0,3,5,1,0,0,0,0,0,1,0,12,0,2.0,1,1
1,2.0,100,0,1,6,0,0,1,0,0,0,1,0,1,100,12,0,5.0,1,1
0,1.0,136,0,1,4,0,0,0,0,1,1,1,0,1,0,2,0,4.0,1,1
1,1.0,100,0,2,3,6,0,0,0,1,1,1,0,2,0,7,0,5.0,0,1
0,60.0,51,14,0,0,1,5,2,0,2,2,0,0,1,0,2,0,5.0,1,1
1,1.0,100,0,2,2,3,0,1,0,1,1,1,0,4,0,2,0,3.0,1,1
1,2.0,100,0,0,0,6,0,1,0,1,1,1,0,1,0,2,0,9.0,1,1
1,6.0,100,78,0,0,6,0,1,0,1,1,1,0,2,0,2,0,5.0,1,1
0,1.0,136,0,0,0,0,0,1,0,1,0,1,0,1,0,12,0,4.0,1,1
1,12.0,100,0,1,1,4,0,0,0,1,0,0,0,1,0,12,0,2.0,1,1
0,18.0,136,0,0,1,0,0,1,1,2,0,2,0,1,0,12,0,5.0,1,1
0,24.0,136,8,1,2,4,0,1,0,0,0,0,0,1,0,2,0,4.0,1,1
1,1.0,122,99,0,0,6,0,0,0,1,1,2,0,1,0,2,0,2.0,1,1
0,4.0,136,107,1,0,1,5,1,1,0,0,1,0,2,0,4,0,2.0,1,1
0,12.0,136,0,0,0,1,0,1,0,0,0,0,0,1,0,12,0,1.0,1,1
1,5.0,98,0,0,0,6,0,1,1,1,0,1,1,5,10,3,0,4.0,1,1
0,120.0,57,0,0,5,6,0,0,1,2,2,2,0,1,0,2,0,2.0,1,1
0,3.0,136,0,1,0,1,5,1,0,0,0,1,0,1,0,4,0,4.0,1,1
1,6.0,99,0,0,4,0,0,1,1,2,2,1,0,1,0,2,0,3.0,1,1
1,12.0,99,101,0,1,3,5,2,0,1,0,1,0,1,0,2,1,5.0,1,1
0,3.0,54,107,1,4,5,5,1,0,1,0,1,0,1,0,2,0,4.0,1,1
0,1.0,136,0,1,0,6,0,1,1,1,1,1,0,1,20,3,0,1.0,1,1
1,1.0,99,0,2,0,4,4,0,1,1,1,1,0,6,0,12,0,4.0,1,1
0,1.0,5,18,1,0,1,0,1,1,1,0,1,0,1,0,12,0,4.0,1,1
1,2.0,99,0,1,1,0,0,2,1,1,0,2,0,1,0,2,0,2.0,1,1
0,1.0,136,107,2,0,6,0,1,1,1,1,1,0,5,0,12,0,11.0,1,1
0,1.0,136,0,1,0,1,5,0,1,1,1,1,0,1,0,2,0,15.0,1,1
0,4.0,136,0,1,1,6,0,1,0,0,0,0,0,1,0,2,0,2.0,1,1
0,3.0,65,0,1,1,6,0,1,0,1,0,1,0,1,0,2,0,2.0,1,1
0,1.0,136,107,1,0,1,0,1,1,1,0,1,0,1,0,2,0,1.0,1,1
1,5.0,100,0,0,4,6,0,1,1,1,0,1,0,1,0,3,0,3.0,1,1
0,2.0,136,0,1,1,0,0,1,0,0,0,1,0,1,0,12,0,7.0,1,1
1,4.0,98,0,0,4,0,0,2,1,0,0,1,0,1,0,4,0,4.0,1,1
0,24.0,62,44,0,1,6,0,1,2,2,2,2,0,1,0,2,0,6.0,1,1
0,6.0,136,0,0,1,6,0,1,0,0,0,1,0,1,0,2,1,8.0,1,1
0,36.0,45,0,0,0,1,5,1,0,0,0,1,0,1,0,12,0,3.0,0,1
0,60.0,38,0,1,6,0,0,0,1,0,0,2,0,1,1,7,0,1.0,1,1
1,55.0,100,0,0,3,6,0,2,0,0,0,0,0,3,0,2,0,6.0,1,1
0,2.0,136,107,1,4,0,0,1,1,1,1,1,0,1,0,3,0,12.0,1,1
1,2.0,100,0,2,3,6,0,1,0,1,1,1,0,5,0,2,0,1.0,1,1
1,3.0,100,0,2,0,1,4,0,0,1,0,1,0,4,0,12,0,5.0,0,1
0,4.0,136,0,1,0,6,0,2,1,1,1,1,0,1,0,12,0,1.0,0,1
1,4.0,79,60,0,4,6,0,1,0,1,0,1,0,1,0,4,0,1.0,1,1
0,9.0,136,0,1,0,0,0,2,1,2,2,2,0,1,0,2,0,1.0,1,1
1,3.0,100,78,1,5,6,0,1,0,1,0,1,0,1,0,12,0,6.0,1,1
0,36.0,136,0,0,1,4,0,1,0,0,0,0,0,1,0,2,0,1.0,1,1
0,3.0,136,0,0,1,6,0,1,0,0,0,1,0,2,0,2,0,2.0,1,1
0,84.0,28,0,0,1,4,0,0,0,0,0,1,0,1,0,2,0,1.0,1,1
0,2.0,136,0,1,1,2,3,1,1,1,1,1,0,3,0,2,0,2.0,1,1
1,7.0,122,78,1,1,6,0,1,0,1,0,1,0,1,0,2,0,6.0,1,1
0,13.0,21,0,1,2,0,0,2,0,0,0,0,0,1,0,2,0,3.0,1,1
1,3.0,115,0,1,0,1,4,1,1,1,0,2,0,1,50,12,0,3.0,1,1
1,2.0,99,0,2,0,1,5,0,1,1,1,1,0,5,0,2,0,1.0,1,1
0,5.0,65,107,1,6,0,0,1,1,1,1,1,0,1,50,2,0,4.0,1,1
1,5.0,100,0,0,1,2,2,2,1,1,1,1,0,1,0,2,0,5.0,1,1
1,2.0,129,0,2,0,2,5,1,0,1,1,1,0,5,0,8,0,3.0,1,1
0,24.0,156,53,0,0,1,3,1,1,0,0,0,0,1,200,2,0,2.0,1,1
0,12.0,57,0,0,0,6,0,0,1,2,2,0,0,1,0,2,0,0.0,1,1
1,12.0,85,0,1,0,1,4,1,0,1,0,1,0,1,0,2,0,3.0,1,1
0,2.0,136,0,0,1,2,0,1,1,1,0,1,0,1,50,2,0,3.0,1,1
0,12.0,136,0,1,1,0,0,1,0,0,0,0,0,1,0,3,0,4.0,1,1
0,15.0,136,0,0,1,0,0,1,0,0,0,0,0,1,0,2,0,1.0,1,1
1,12.0,135,0,1,0,6,0,1,0,0,0,0,0,1,0,12,0,2.0,1,1
1,5.0,100,0,1,2,0,0,1,0,0,0,1,0,1,0,2,0,2.0,1,1
0,12.0,136,0,1,1,4,5,0,0,2,2,2,1,1,0,5,0,2.0,0,1
0,60.0,28,0,0,1,0,0,0,0,2,0,1,0,1,0,12,0,1.0,1,1
0,1.0,136,107,1,0,1,3,1,0,1,1,1,0,4,0,2,0,4.0,0,1
0,12.0,65,107,0,1,6,0,1,0,1,1,1,0,1,0,2,0,1.0,1,1
0,2.0,136,0,1,0,0,0,1,0,1,0,1,0,1,5,3,0,1.0,1,1
1,24.0,99,0,1,6,0,0,1,1,2,2,2,0,1,150,12,0,2.0,1,1
1,3.0,100,92,1,0,6,0,2,0,0,0,1,0,1,0,12,0,2.0,1,1
1,3.0,100,76,0,2,0,0,1,1,1,1,1,0,1,0,2,0,3.0,1,1
1,12.0,80,105,2,0,2,5,1,1,1,1,1,0,4,25,2,0,1.0,0,1
1,4.0,80,0,0,0,6,0,1,1,1,0,1,0,1,0,12,0,3.0,1,1
1,1.0,100,0,1,0,1,3,1,0,1,1,1,0,1,0,2,0,0.0,1,1
1,18.0,100,0,0,6,0,0,1,0,1,0,0,0,1,0,12,0,1.0,1,1
0,18.0,136,0,1,0,1,0,1,0,0,0,0,0,1,0,2,0,3.0,1,1
1,6.0,99,77,0,3,0,0,1,1,1,1,1,0,1,0,12,0,1.0,1,1
1,2.0,88,78,1,1,3,5,1,0,1,0,1,0,1,0,2,0,3.0,1,1
1,2.0,99,78,1,0,1,5,0,1,1,0,1,0,2,0,2,0,4.0,1,1
0,3.0,136,0,1,0,1,0,1,1,0,0,1,0,1,0,2,0,3.0,1,1
1,2.0,100,0,0,3,6,0,1,0,1,0,1,0,1,0,12,0,2.0,1,1
1,2.0,100,0,2,0,1,4,0,1,1,1,1,0,3,30,2,0,4.0,1,1
1,2.0,99,76,0,0,1,5,1,1,2,0,1,0,2,0,3,0,1.0,1,1
0,1.0,16,0,1,1,0,0,1,0,1,1,1,0,1,0,2,0,5.0,0,1
0,6.0,4,107,1,0,0,0,1,0,2,2,1,0,1,0,12,0,3.0,1,1
1,6.0,98,85,0,1,3,3,1,2,2,2,1,0,1,150,2,0,1.0,1,1
1,6.0,100,0,1,0,3,5,0,0,1,0,0,0,1,0,2,0,1.0,1,1
0,2.0,136,0,0,6,0,0,1,0,1,1,1,0,1,20,3,0,1.0,1,1
0,3.0,136,0,1,1,0,0,1,1,0,0,1,0,1,0,2,0,1.0,1,1
0,72.0,21,0,1,0,0,0,2,1,2,2,0,0,1,0,2,0,2.0,1,1
0,3.0,65,107,0,1,6,0,1,0,1,0,1,0,1,0,2,0,5.0,1,1
1,2.0,100,78,2,3,5,0,1,0,1,1,1,0,2,0,12,0,4.0,0,1
0,36.0,136,0,0,1,0,0,1,0,1,1,0,1,1,0,2,0,4.0,1,1
0,6.0,136,0,0,0,0,0,1,1,0,0,1,0,1,0,12,0,10.0,1,1
0,13.0,136,0,1,1,0,0,1,0,0,0,0,0,1,0,12,0,6.0,1,1
1,17.0,99,0,1,6,0,0,2,1,2,2,1,0,1,25,7,0,2.0,1,1
0,17.0,136,0,1,3,0,0,2,0,0,0,2,0,1,100,3,0,1.0,1,1
0,13.0,158,0,0,0,1,0,3,0,0,0,1,0,1,100,2,0,1.0,1,1
0,3.0,136,4,0,0,0,0,1,1,0,0,1,0,1,0,2,0,5.0,1,1
0,2.0,136,8,1,2,4,0,1,0,0,0,1,0,1,0,2,0,6.0,1,1
0,2.0,136,0,1,1,0,0,1,1,0,0,1,0,1,0,2,0,1.0,1,1
1,1.0,100,0,2,0,4,5,1,0,1,1,1,0,5,0,12,0,3.0,1,1
0,0.0,136,0,1,0,1,0,1,0,1,1,1,0,2,0,2,0,3.0,0,1
1,5.0,100,0,0,3,6,0,0,0,1,1,1,0,1,0,2,0,4.0,1,1
0,2.0,136,0,0,0,6,0,1,0,1,1,1,0,1,0,2,0,3.0,0,1
0,48.0,151,0,1,1,2,0,0,2,0,2,2,1,1,0,12,0,3.0,1,1
0,9.0,136,0,0,1,0,0,1,1,0,0,0,0,1,0,1,0,5.0,1,1
1,60.0,99,69,1,1,2,5,1,1,0,0,0,0,1,0,12,0,2.0,1,1
0,1.0,136,0,1,4,6,0,1,1,1,1,1,0,1,0,2,0,10.0,1,1
0,12.0,136,0,1,0,1,5,0,1,0,0,1,0,1,20,3,0,3.0,1,1
0,2.0,136,0,1,0,1,0,0,0,1,0,2,0,1,0,2,0,2.0,1,1
1,2.0,100,0,0,0,6,0,1,0,1,0,1,0,1,0,12,0,3.0,1,1
0,64.0,136,28,1,0,1,5,1,1,1,0,1,0,1,0,12,0,3.0,1,1
0,1.0,153,107,0,0,6,0,1,0,1,1,1,0,1,0,2,0,5.0,1,1
1,4.0,100,0,1,2,6,0,1,1,2,0,1,0,1,0,2,0,1.0,1,1
0,72.0,136,0,1,0,1,0,1,0,0,0,1,0,2,0,7,0,5.0,1,1
0,72.0,21,107,1,2,3,0,1,0,0,0,0,0,1,0,2,0,6.0,1,1
0,1.0,136,0,0,0,1,0,1,0,0,0,1,0,1,0,2,0,5.0,0,1
0,1.0,136,0,0,0,1,0,1,0,1,1,1,0,1,0,12,0,3.0,1,1
0,1.0,136,107,2,0,1,0,1,0,1,1,1,0,2,0,12,0,1.0,1,1
0,6.0,136,0,0,2,0,0,0,0,0,0,0,0,1,0,2,0,4.0,1,1
0,2.0,136,0,0,1,0,0,1,0,1,1,1,0,1,0,2,0,3.0,1,1
0,30.0,159,0,0,4,6,0,1,0,0,0,1,0,1,0,12,0,5.0,1,1
1,2.0,100,0,2,0,1,0,1,0,1,0,1,0,2,0,2,0,3.0,1,1
0,2.0,136,107,0,1,6,0,1,1,0,0,1,0,1,0,2,0,4.0,1,1
0,4.0,136,0,1,4,0,0,1,1,1,1,1,0,1,0,2,0,2.0,1,1
1,2.0,100,78,1,0,6,0,0,0,0,0,1,0,1,0,2,1,4.0,1,1
0,2.0,65,107,1,1,4,5,2,1,0,0,1,0,1,0,2,0,6.0,1,1
1,3.0,120,78,1,5,0,0,1,1,1,1,1,0,1,0,2,0,4.0,1,1
1,7.0,129,0,1,0,3,4,1,1,1,1,1,0,1,0,2,0,1.0,1,1
1,5.0,100,0,1,0,3,5,1,0,1,0,1,0,1,0,12,0,1.0,1,1
0,1.0,136,0,1,0,1,0,1,0,2,2,1,0,1,0,2,0,1.0,1,1
0,4.0,136,0,2,0,3,4,0,1,1,1,1,0,7,30,2,0,5.0,1,1
1,4.0,100,0,0,2,3,5,0,0,1,0,1,0,1,0,12,0,7.0,1,1
0,2.0,44,107,0,0,4,0,2,1,1,1,1,0,2,100,12,0,3.0,1,1
1,2.0,100,0,1,0,0,0,0,0,1,0,1,0,1,0,2,0,2.0,1,1
1,3.0,99,101,0,3,4,5,0,1,1,1,0,0,1,0,12,0,5.0,1,1
1,48.0,100,0,1,3,0,0,1,0,0,0,0,0,1,0,12,0,9.0,1,1
0,12.0,136,50,1,1,6,0,1,1,1,1,0,0,1,0,2,0,7.0,1,1
1,12.0,100,0,1,1,4,5,1,0,0,0,1,0,1,0,6,0,3.0,1,1
0,36.0,48,0,0,3,4,4,1,1,0,0,2,1,1,200,2,0,1.0,1,1
1,12.0,100,0,0,6,0,0,1,0,0,0,0,0,1,0,12,0,1.0,1,1
1,4.0,100,0,1,1,4,0,1,0,1,1,1,0,1,0,2,0,2.0,1,1
1,2.0,100,0,1,1,4,4,0,0,1,1,1,0,3,0,12,0,4.0,0,1
0,2.0,136,0,1,0,1,0,1,0,1,1,1,0,1,0,12,0,7.0,1,1
1,3.0,98,0,1,0,5,5,1,2,1,1,1,0,1,100,2,0,2.0,1,1
0,48.0,38,0,0,6,0,0,1,1,0,2,1,0,1,0,2,0,1.0,1,1
0,2.0,136,107,1,1,3,0,1,1,0,0,1,0,1,200,2,0,3.0,1,1
1,2.0,99,0,1,4,6,0,1,1,0,0,1,0,1,0,2,0,7.0,1,1
0,10.0,57,0,1,4,6,0,0,1,0,0,1,0,1,0,12,1,5.0,1,1
0,1.0,136,107,0,6,0,0,1,1,0,0,1,0,1,0,2,0,2.0,1,1
0,10.0,136,0,1,0,1,0,0,0,0,0,0,0,1,0,2,0,2.0,1,1
1,5.0,100,0,1,1,5,0,1,0,1,0,1,0,1,0,2,0,5.0,1,1
0,2.0,24,107,2,1,4,0,0,1,2,2,2,0,2,100,3,0,2.0,1,1
1,0.0,100,0,0,3,4,0,1,0,1,1,1,0,2,0,2,0,10.0,1,1
1,8.0,135,106,1,0,6,0,1,1,1,0,1,0,1,0,12,0,7.0,1,1
1,2.0,100,0,1,0,1,4,0,1,0,0,2,1,1,0,2,0,3.0,1,1
1,14.0,98,76,1,0,6,0,2,2,0,0,0,0,1,100,2,0,5.0,1,1
0,3.0,136,0,1,1,0,0,2,0,1,0,1,0,1,0,1,0,6.0,1,1
1,1.0,100,0,0,3,0,0,0,0,1,1,1,0,3,9,12,0,3.0,1,1
1,3.0,97,0,0,0,6,0,1,0,0,0,1,0,2,0,2,0,4.0,1,1
1,5.0,100,76,1,0,6,0,1,1,1,1,1,0,1,150,2,0,4.0,1,1
0,5.0,136,0,1,0,1,0,1,0,0,0,1,0,1,0,2,0,5.0,1,1
0,3.0,136,0,1,0,1,0,1,1,0,0,1,0,1,0,2,0,2.0,1,1
1,2.0,100,78,2,5,0,0,1,1,1,1,1,0,2,0,2,0,4.0,1,1
1,2.0,100,0,0,0,5,5,0,0,1,1,1,0,1,0,2,0,2.0,1,1
1,2.0,122,78,2,6,0,0,0,0,1,1,1,0,2,0,5,0,1.0,1,1
0,4.0,21,107,1,4,0,0,2,1,2,2,1,0,1,0,2,0,5.0,1,1
1,11.0,100,0,1,5,6,0,1,0,0,0,0,0,1,0,12,0,5.0,1,1
1,3.0,100,76,1,0,1,3,0,1,1,1,1,0,2,100,2,0,3.0,1,1
0,1.0,139,0,1,0,4,5,1,1,1,1,1,0,1,200,6,0,5.0,1,1
0,4.0,136,107,1,1,0,0,2,0,0,0,1,0,1,0,2,0,1.0,1,1
1,3.0,100,0,0,1,6,0,1,0,1,0,1,0,1,0,2,0,1.0,1,1
1,2.0,100,0,2,4,5,0,1,1,1,1,1,0,4,0,2,1,4.0,1,1
0,2.0,136,107,1,0,1,1,1,1,1,1,1,0,1,0,12,0,5.0,1,1
1,6.0,100,0,1,0,1,5,1,0,1,0,0,0,1,0,12,0,7.0,1,1
1,8.0,129,0,0,0,5,5,0,0,0,0,0,0,1,0,2,0,4.0,1,1
0,84.0,8,0,0,2,0,0,2,1,2,0,1,0,1,200,12,0,1.0,1,1
0,2.0,136,0,0,0,1,5,1,0,1,1,1,0,4,0,3,0,4.0,0,1
1,36.0,98,0,1,0,1,0,1,2,1,1,0,0,1,0,12,0,3.0,1,1
0,12.0,38,0,0,5,0,0,1,0,0,0,0,0,1,0,2,0,7.0,1,1
1,36.0,91,0,1,0,3,5,0,0,0,0,0,0,1,0,12,0,7.0,1,1
0,12.0,13,4,0,0,1,0,2,1,2,2,2,0,1,0,2,0,1.0,1,1
1,3.0,129,0,1,0,1,0,0,0,1,0,1,0,1,0,12,0,5.0,1,1
0,5.0,136,0,1,1,0,0,1,1,2,0,1,0,1,0,12,0,3.0,1,1
1,2.0,100,78,2,0,5,5,1,0,1,0,1,0,4,0,12,0,8.0,1,1
1,3.0,100,0,1,0,2,5,1,0,0,0,0,0,1,0,2,0,10.0,1,1
1,1.0,100,0,2,0,3,5,0,0,1,1,1,0,3,0,2,0,1.0,0,1
1,3.0,129,0,1,0,1,0,0,1,1,0,1,0,2,50,12,0,3.0,1,1
0,1.0,44,107,2,0,1,0,1,0,0,0,1,0,8,150,2,0,6.0,0,1
1,7.0,117,0,0,2,6,0,2,2,0,1,1,0,1,350,12,0,4.0,1,1
0,24.0,136,0,0,0,0,0,2,1,0,0,0,0,1,30,5,0,4.0,1,1
0,1.0,136,0,0,1,6,0,1,1,2,2,1,0,1,0,2,0,4.0,1,1
1,3.0,100,0,0,6,0,0,0,0,1,0,1,0,1,0,12,0,3.0,1,1
1,6.0,91,0,2,0,1,4,0,1,1,1,1,0,5,0,4,0,1.0,1,1
0,24.0,62,107,1,0,1,5,1,1,1,1,0,0,1,0,2,0,3.0,1,1
1,2.0,100,78,1,0,0,0,1,0,1,1,1,0,3,0,3,0,4.0,1,1
1,24.0,99,0,1,6,0,0,1,1,1,2,2,0,1,0,0,0,1.0,1,1
1,4.0,84,78,0,0,0,0,1,0,0,0,1,0,1,0,2,0,2.0,1,1
1,2.0,100,0,1,0,4,5,1,0,1,1,1,0,2,0,12,0,9.0,1,1
1,2.0,100,63,0,5,6,0,0,0,1,1,1,0,1,0,7,0,2.0,1,1
1,2.0,115,0,2,0,6,0,0,0,2,2,2,0,5,0,12,0,4.0,0,1
1,2.0,100,63,0,1,5,0,0,0,1,1,1,0,1,0,7,0,2.0,1,1
1,3.0,100,0,1,0,0,0,1,0,1,0,1,0,1,0,2,0,5.0,1,1
0,4.0,136,123,1,1,0,0,1,0,0,0,0,0,1,0,7,0,2.0,0,1
0,1.0,136,0,1,1,0,0,1,0,1,1,1,0,1,0,2,0,1.0,1,1
1,1.0,100,0,0,2,6,0,0,0,1,0,1,0,1,0,12,0,5.0,1,1
1,16.0,100,0,0,4,6,0,1,0,0,0,0,0,1,100,2,0,3.0,1,1
1,1.0,100,0,1,3,6,0,0,0,1,0,1,1,1,0,12,0,3.0,1,1
1,2.0,129,0,1,0,6,0,1,0,1,0,1,0,1,0,2,0,1.0,1,1
1,1.0,100,77,0,5,6,0,1,1,1,1,1,0,1,50,2,0,5.0,1,1
1,3.0,99,0,1,2,6,0,0,1,1,1,1,0,1,0,2,0,5.0,1,1
1,2.0,100,0,0,3,0,0,0,0,0,0,1,0,2,0,2,0,5.0,0,1
0,2.0,136,72,1,0,1,0,2,0,1,0,1,0,1,0,2,0,4.0,1,1
1,4.0,100,0,0,3,4,0,0,0,1,0,1,0,2,0,2,0,5.0,1,1
0,2.0,136,0,1,0,1,0,1,1,0,0,1,0,1,0,2,0,4.0,1,1
0,24.0,13,0,1,6,0,0,1,1,2,2,1,0,1,0,7,0,1.0,1,1
0,8.0,65,0,1,1,6,0,1,0,0,0,0,0,1,0,2,0,1.0,1,1
1,1.0,100,0,1,0,6,0,1,0,0,0,1,0,1,0,12,0,3.0,0,1
0,9.0,136,0,1,0,6,0,1,0,0,0,0,0,1,0,2,0,1.0,1,1
0,36.0,62,109,1,0,1,5,2,1,0,0,0,0,1,0,2,0,14.0,1,1
0,2.0,136,107,1,0,6,0,1,0,2,0,2,0,1,0,2,0,1.0,1,1
1,1.0,98,0,0,2,0,0,0,2,1,1,1,0,1,0,2,0,3.0,1,1
0,1.0,136,0,1,0,0,0,1,0,1,0,1,0,1,50,2,0,2.0,1,1
0,12.0,136,107,0,1,0,0,1,1,0,0,0,0,1,0,2,0,1.0,1,1
1,1.0,117,69,1,0,2,5,1,2,0,0,1,0,1,150,12,2,5.0,1,1
0,4.0,57,0,1,0,1,5,0,2,0,0,1,0,1,350,2,0,3.0,1,1
0,3.0,136,0,0,0,1,5,1,0,1,1,1,0,2,0,12,0,5.0,1,1
1,48.0,88,0,1,3,4,4,1,1,2,0,0,0,6,0,2,0,4.0,1,1
1,1.0,99,0,0,6,0,0,0,1,1,1,1,1,1,0,2,0,2.0,0,1
1,36.0,117,0,0,2,3,4,1,1,2,2,2,0,1,0,12,0,4.0,0,1
0,1.0,136,0,2,0,4,5,1,0,2,2,2,0,2,0,3,0,1.0,1,1
0,3.0,136,0,1,1,6,0,1,0,1,0,1,0,1,0,2,0,2.0,1,1
1,24.0,100,78,1,0,6,0,1,0,0,0,0,0,1,0,12,0,2.0,1,1
0,1.0,136,0,2,0,6,0,2,1,1,1,1,0,3,0,2,0,8.0,1,1
0,1.0,136,0,0,0,1,0,1,0,1,1,1,0,1,0,12,0,5.0,1,1
1,69.0,117,85,0,0,1,5,2,2,0,0,0,0,1,200,12,0,3.0,1,1
0,24.0,136,0,0,4,6,0,1,0,0,0,1,0,1,0,12,0,2.0,1,1
1,21.0,91,0,1,0,3,5,1,0,0,0,0,0,1,0,2,2,2.0,1,1
1,2.0,100,0,0,0,6,0,1,1,0,0,1,0,1,0,2,0,11.0,1,1
1,3.0,129,0,1,1,4,5,1,0,1,0,1,0,2,0,2,0,6.0,1,1
1,12.0,99,0,0,0,0,0,0,1,2,2,2,0,1,0,2,0,1.0,1,1
0,8.0,136,0,1,0,6,0,1,1,0,0,0,0,1,0,12,0,3.0,1,1
1,3.0,100,0,2,1,3,5,0,0,2,2,1,0,5,0,2,0,5.0,1,1
0,1.0,136,107,1,0,3,0,1,0,1,1,1,0,2,0,3,0,3.0,1,1
0,3.0,157,107,1,0,3,0,1,0,1,0,1,0,1,0,2,0,3.0,1,1
0,1.0,136,0,1,0,0,0,1,0,1,1,1,0,1,0,5,0,1.0,1,1
0,9.0,136,3,1,0,0,0,0,0,0,0,0,0,1,0,2,0,5.0,1,1
0,1.0,136,0,0,1,6,0,1,1,0,0,1,0,1,0,2,0,7.0,1,1
0,24.0,136,107,2,0,1,0,1,0,1,1,0,0,2,0,2,0,2.0,0,1
0,60.0,57,0,0,4,0,0,0,2,2,2,1,0,1,0,12,0,2.0,0,1
0,15.0,158,107,0,0,1,0,1,0,0,0,0,0,1,0,12,0,1.0,1,1
0,96.0,28,0,0,1,0,0,0,0,0,2,1,0,1,100,2,0,2.0,1,1
0,36.0,58,0,2,1,5,5,2,1,0,1,0,0,4,320,2,0,4.0,1,1
1,6.0,117,0,1,0,6,0,1,2,2,2,2,0,1,0,12,0,7.0,1,1
1,4.0,100,0,1,0,3,5,0,0,0,0,1,0,1,0,3,0,5.0,1,1
0,4.0,38,0,1,1,0,0,1,0,0,0,1,0,1,350,12,0,6.0,1,1
0,1.0,48,0,0,6,0,0,0,0,1,0,1,0,1,0,2,0,1.0,1,1
1,1.0,100,0,2,3,5,5,0,0,1,1,1,0,5,0,7,0,5.0,0,1
0,1.0,136,0,2,0,1,5,1,1,1,0,2,0,2,0,2,0,1.0,1,1
1,5.0,100,0,1,4,6,0,1,0,1,0,1,0,1,0,12,0,4.0,1,1
1,6.0,117,77,0,5,6,0,1,1,0,0,1,0,1,200,2,0,5.0,1,1
0,2.0,136,0,1,0,1,0,1,0,0,0,0,0,1,0,2,0,8.0,1,1
1,6.0,100,0,1,5,6,0,1,0,1,1,1,0,1,0,2,0,5.0,1,1
1,12.0,99,77,1,0,0,0,1,1,1,0,1,0,1,0,12,0,2.0,1,1
1,7.0,98,92,1,5,0,0,1,2,0,0,1,0,1,100,2,0,4.0,1,1
0,1.0,136,0,1,2,4,0,1,1,2,2,2,0,1,0,0,0,1.0,1,1
0,74.0,57,0,0,1,6,0,1,1,2,0,2,0,1,0,2,0,2.0,1,1
0,1.0,21,10,2,0,1,0,1,0,1,1,1,0,6,0,12,0,5.0,0,1
0,1.0,136,0,0,1,6,0,1,1,1,1,1,0,1,0,2,0,4.0,1,1
0,12.0,136,0,1,0,0,0,1,1,0,0,0,0,1,0,5,0,3.0,1,1
0,1.0,136,0,1,0,6,0,0,0,1,1,1,0,1,0,12,0,1.0,0,1
0,2.0,136,0,1,1,3,5,1,0,2,2,2,1,1,0,2,0,3.0,0,1
0,5.0,136,0,1,1,0,0,1,1,0,0,0,0,1,0,4,0,1.0,1,1
1,12.0,100,0,1,6,0,0,1,0,0,0,1,0,7,0,2,0,2.0,1,1
1,4.0,100,0,1,0,6,0,1,0,1,1,1,0,1,0,2,1,8.0,1,1
1,8.0,100,0,1,0,0,0,1,0,0,0,0,0,1,10,3,0,2.0,1,1
0,3.0,136,0,1,1,0,0,1,1,2,2,2,0,1,0,12,0,2.0,1,1
0,8.0,136,0,2,0,1,3,1,0,0,0,1,0,2,0,2,0,8.0,1,1
0,100.0,57,0,0,4,5,5,0,0,0,2,1,1,1,0,2,0,5.0,1,1
1,5.0,100,78,0,0,5,5,1,1,0,0,1,0,2,0,2,0,8.0,1,1
0,3.0,136,0,1,1,0,0,1,0,1,0,1,0,1,0,4,0,1.0,1,1
0,12.0,136,0,1,1,6,0,1,0,2,2,0,0,1,0,12,0,3.0,1,1
0,2.0,136,0,1,2,0,0,1,0,2,0,1,0,1,0,12,0,2.0,1,1
0,2.0,21,107,0,1,0,0,1,1,1,1,1,0,1,0,3,0,5.0,1,1
0,4.0,136,0,0,0,6,0,1,0,0,0,0,0,1,0,2,0,2.0,1,1
0,2.0,136,107,1,0,1,0,1,0,1,1,1,0,1,0,0,1,4.0,1,1
1,3.0,99,78,1,4,5,5,1,0,1,1,1,0,1,0,2,0,1.0,1,1
1,1.0,100,0,2,0,6,0,1,0,0,0,1,0,4,0,2,0,4.0,1,1
1,12.0,99,0,1,2,0,0,1,1,1,1,1,0,1,0,7,0,3.0,1,1
0,18.0,38,0,0,1,0,0,1,1,0,0,2,0,1,0,2,0,4.0,1,1
1,4.0,100,0,0,0,5,5,1,0,1,1,1,0,1,0,2,0,5.0,1,1
0,12.0,136,51,0,4,0,0,1,0,0,0,0,0,1,0,2,0,14.0,1,1
1,1.0,99,0,1,1,5,0,1,1,1,1,1,0,1,0,12,0,5.0,0,1
0,2.0,136,0,0,0,1,0,1,0,1,0,1,0,1,50,3,0,3.0,1,1
0,1.0,136,0,1,0,1,0,1,0,0,0,1,0,1,0,2,0,1.0,1,1
0,60.0,57,0,1,1,4,5,1,1,0,0,1,0,1,300,12,0,2.0,1,1
0,3.0,136,0,1,4,6,0,1,0,0,0,0,0,1,300,2,0,3.0,1,1
0,2.0,136,0,1,0,0,0,1,0,0,0,1,0,1,0,12,0,10.0,1,1
0,48.0,69,0,1,1,0,0,0,2,0,0,0,1,1,250,12,0,2.0,1,1
1,3.0,100,0,0,0,6,0,1,0,1,2,1,0,2,0,12,0,9.0,1,1
0,11.0,136,0,1,2,0,0,1,1,0,0,0,0,1,0,2,0,2.0,1,1
1,2.0,100,0,2,0,3,5,1,0,1,1,1,0,4,0,2,0,4.0,1,1
0,3.0,136,0,1,1,0,0,1,1,1,1,1,0,1,0,2,0,3.0,1,1
1,2.0,100,0,0,3,6,0,0,0,1,0,1,0,1,0,12,0,5.0,1,1
1,12.0,99,76,1,5,0,0,1,1,2,2,1,0,2,0,12,0,1.0,0,1
0,24.0,136,0,1,0,0,0,1,0,0,0,0,0,1,0,2,0,1.0,1,1
0,5.0,136,50,1,0,1,0,1,2,0,0,0,0,1,0,2,0,5.0,1,1
0,1.0,136,0,0,6,0,0,0,0,1,1,1,0,4,0,2,0,4.0,0,1
0,3.0,136,107,1,0,1,0,0,0,1,0,1,0,2,0,6,0,4.0,1,1
1,12.0,99,0,1,0,5,5,1,1,1,0,0,0,1,0,2,0,2.0,1,1
0,2.0,62,40,2,1,4,5,1,1,1,1,1,0,6,0,2,0,5.0,1,1
1,24.0,122,0,1,1,6,0,0,0,2,2,0,0,1,50,6,0,3.0,1,1
0,30.0,136,0,0,0,0,0,1,0,0,0,1,0,1,0,9,0,4.0,1,1
0,24.0,68,0,1,1,3,0,1,0,0,0,0,0,1,0,9,0,1.0,1,1
1,3.0,117,63,1,0,3,5,1,0,1,1,1,0,1,0,12,0,1.0,1,1
1,24.0,100,101,1,0,3,0,1,0,1,0,0,0,1,0,2,0,5.0,1,1
0,4.0,136,0,0,0,5,5,1,0,0,0,0,0,1,200,12,0,1.0,1,1
0,36.0,40,25,0,1,6,0,2,0,0,0,0,1,1,0,12,0,1.0,1,1
0,3.0,136,0,0,0,6,0,2,1,0,0,1,0,1,150,2,0,3.0,1,1
1,2.0,100,0,2,0,3,0,0,0,1,1,1,0,3,0,12,0,5.0,1,1
1,3.0,99,0,1,0,3,5,1,1,1,0,2,0,1,0,2,0,1.0,1,1
0,8.0,136,0,0,0,1,5,1,1,0,0,0,0,2,1,2,0,2.0,1,1
0,3.0,136,50,1,0,2,0,1,1,0,0,1,0,1,0,2,0,7.0,1,1
1,4.0,100,77,1,0,3,5,0,0,2,2,2,0,2,0,2,0,5.0,1,1
1,3.0,122,63,1,3,4,5,0,0,1,1,1,0,1,50,2,0,1.0,0,1
1,3.0,100,101,1,1,5,0,1,0,1,1,1,0,1,0,2,0,9.0,1,1
1,7.0,122,92,1,0,2,4,1,1,1,1,1,0,1,0,2,0,3.0,1,1
0,24.0,139,0,0,0,6,0,1,2,2,2,0,0,1,0,12,0,3.0,1,1
1,1.0,100,0,0,3,6,0,1,0,1,0,1,0,1,0,12,0,2.0,1,1
1,2.0,99,77,2,0,5,5,0,1,1,1,1,0,3,0,12,0,6.0,1,1
0,36.0,8,0,1,1,2,2,2,1,0,0,1,0,1,0,2,0,4.0,1,1
0,2.0,136,0,1,0,1,0,1,0,1,1,1,0,1,20,3,0,1.0,1,1
1,3.0,99,0,1,1,4,4,0,1,1,1,1,0,3,0,2,0,9.0,1,1
0,3.0,21,107,1,1,6,0,1,0,0,0,1,0,1,0,2,1,2.0,1,1
1,5.0,100,0,0,0,6,0,1,0,2,2,1,0,1,0,2,0,9.0,1,1
0,36.0,38,0,1,0,6,0,0,1,2,2,2,0,1,0,2,0,1.0,1,1
0,9.0,136,109,1,1,6,0,2,1,0,0,0,0,1,200,2,0,5.0,1,1
1,6.0,100,0,1,4,6,0,1,1,1,1,1,1,1,0,2,0,1.0,1,1
0,3.0,136,14,0,0,1,1,2,0,1,0,1,0,1,0,2,0,18.0,1,1
0,3.0,136,0,1,0,1,5,0,1,0,0,1,0,1,200,2,0,2.0,1,1
0,36.0,136,0,1,0,1,3,1,0,1,0,0,0,1,0,2,0,3.0,1,1
0,2.0,136,0,0,1,6,0,1,0,1,0,1,0,1,0,7,0,3.0,1,1
0,10.0,136,6,0,2,0,0,1,1,1,1,1,0,1,0,2,1,5.0,1,1
0,12.0,136,0,0,4,0,0,1,0,1,0,1,0,1,0,2,0,3.0,1,1
0,2.0,136,0,1,0,6,0,1,0,1,1,1,0,1,0,2,0,2.0,1,1
0,9.0,136,0,0,0,1,0,1,0,1,1,0,0,1,0,2,0,3.0,1,1
0,3.0,136,0,1,1,4,0,1,1,1,1,1,0,5,0,3,0,1.0,1,1
0,84.0,42,31,0,0,0,0,2,2,0,0,1,0,1,0,12,0,4.0,1,1
1,2.0,100,0,1,6,0,0,0,1,1,1,1,0,1,0,2,0,1.0,1,1
1,2.0,100,0,0,0,1,5,1,0,1,1,1,0,4,0,7,0,8.0,1,1
1,4.0,100,0,1,5,0,0,0,0,1,0,0,0,1,0,12,0,5.0,1,1
1,2.0,100,69,0,5,6,0,0,0,1,1,1,0,1,0,2,0,4.0,0,1
1,2.0,99,0,1,0,1,0,1,1,1,1,1,0,1,50,2,0,5.0,1,1
0,5.0,65,107,1,0,6,0,0,0,0,0,1,0,1,0,2,0,4.0,1,1
0,3.0,136,0,1,0,6,0,1,1,0,0,1,0,2,0,2,0,10.0,1,1
0,1.0,136,0,1,1,0,0,1,1,1,1,1,0,1,20,3,0,1.0,1,1
1,2.0,129,0,0,5,0,0,0,0,1,1,1,0,1,0,2,0,6.0,1,1
0,2.0,136,0,0,1,6,0,1,0,0,0,1,0,1,0,3,0,7.0,1,1
1,2.0,100,0,0,0,6,0,0,0,1,1,2,0,1,0,12,0,2.0,1,1
0,24.0,136,0,0,1,6,0,1,0,1,0,0,0,1,0,2,0,3.0,1,1
0,5.0,136,0,1,4,0,0,1,1,0,0,0,1,2,0,4,0,3.0,0,1
0,84.0,24,51,0,6,0,0,0,1,0,0,1,0,1,0,7,0,3.0,1,1
1,10.0,100,101,1,0,5,5,1,0,1,0,1,0,1,0,2,0,1.0,1,1
0,1.0,136,0,1,1,6,0,1,0,0,0,1,0,1,0,2,0,1.0,0,1
0,4.0,136,0,1,0,1,0,1,0,0,0,1,0,1,0,2,0,2.0,1,1
0,2.0,136,0,1,6,0,0,1,1,0,0,0,0,1,0,12,0,3.0,1,1
0,2.0,48,28,0,0,1,0,0,1,1,0,1,0,1,350,2,0,3.0,1,1
1,2.0,100,0,0,4,6,0,1,0,1,0,1,0,1,0,5,2,4.0,1,1
1,4.0,100,0,2,3,6,0,1,0,1,0,1,0,2,0,2,0,3.0,1,1
0,2.0,136,14,1,1,4,0,1,0,0,0,0,0,1,0,4,0,1.0,1,1
1,8.0,100,0,2,0,5,0,0,0,0,0,2,0,4,0,12,0,5.0,0,1
1,3.0,99,101,1,0,1,5,0,1,0,0,1,0,1,0,12,0,10.0,1,1
0,2.0,136,0,1,0,6,0,1,0,0,0,1,0,1,0,12,0,4.0,1,1
1,5.0,100,0,1,1,3,0,1,1,0,0,0,0,2,50,12,0,2.0,1,1
1,1.0,99,0,2,0,5,5,1,1,1,1,1,0,3,0,5,1,4.0,1,1
1,1.0,100,78,0,0,6,0,1,0,1,1,1,0,1,50,5,0,1.0,1,1
1,48.0,79,78,0,0,6,0,2,0,0,0,0,0,1,20,2,0,4.0,1,1
1,18.0,117,89,1,4,6,0,1,2,0,0,1,0,1,350,0,0,4.0,1,1
0,3.0,158,107,1,0,1,0,1,1,0,0,1,0,1,0,2,0,6.0,1,1
0,24.0,37,0,0,6,0,0,0,2,0,0,1,0,1,300,12,0,2.0,1,1
1,12.0,100,0,0,3,0,0,1,0,0,0,0,0,2,0,2,0,5.0,1,1
1,3.0,99,77,2,0,4,0,1,1,1,1,1,0,3,0,2,0,0.0,0,1
1,2.0,99,0,2,4,6,0,1,1,1,1,1,0,2,0,2,1,4.0,1,1
1,2.0,100,0,0,0,0,0,1,1,0,0,1,0,1,0,12,0,3.0,1,1
1,3.0,100,0,0,0,5,5,1,0,1,1,1,0,1,0,12,0,3.0,1,1
0,4.0,136,0,0,4,0,0,2,1,1,1,1,0,1,0,2,0,3.0,1,1
0,2.0,136,0,1,0,1,5,1,1,1,1,1,0,1,0,3,0,2.0,1,1
0,2.0,136,0,2,0,0,0,1,0,0,0,1,0,2,0,2,0,8.0,1,1
0,4.0,136,0,1,1,2,0,1,0,0,0,1,0,1,0,2,0,2.0,1,1
0,7.0,136,0,1,1,0,0,0,0,0,0,0,0,1,110,2,0,4.0,1,1
0,3.0,136,14,1,4,0,0,1,0,0,0,0,0,1,0,2,0,3.0,1,1
0,6.0,136,0,1,1,0,0,0,0,0,0,1,0,1,0,2,0,2.0,1,1
0,5.0,8,107,1,4,0,0,1,1,2,2,2,0,1,0,12,0,6.0,1,1
0,2.0,136,107,0,0,1,5,1,1,1,0,1,0,1,0,2,0,4.0,1,1
0,42.0,27,17,2,1,0,0,1,0,0,0,1,0,2,0,2,0,0.0,0,1
0,2.0,136,0,0,0,1,5,1,0,1,1,1,0,2,0,12,0,2.0,1,1
1,2.0,129,0,1,5,0,0,1,1,1,1,1,0,1,0,2,0,5.0,0,1
0,2.0,136,0,0,1,0,0,1,0,2,0,1,0,1,0,12,0,3.0,1,1
0,55.0,51,0,0,0,3,5,1,0,0,0,0,0,1,0,2,0,5.0,1,1
1,3.0,99,0,2,0,1,5,1,1,1,1,1,0,4,0,12,0,5.0,0,1
0,82.0,44,0,0,0,0,0,2,0,0,0,0,0,1,300,2,0,3.0,1,1
0,2.0,136,107,0,0,1,0,1,0,1,1,1,0,1,0,2,0,2.0,1,1
1,3.0,99,0,0,3,4,5,1,1,1,1,1,0,1,0,12,0,2.0,1,1
0,2.0,21,107,0,5,6,0,1,1,1,1,1,0,1,0,12,0,1.0,0,1
1,12.0,100,0,1,0,6,0,1,0,0,0,1,0,1,0,7,0,1.0,1,1
1,6.0,100,0,1,3,6,0,0,0,0,0,0,0,1,150,2,0,2.0,1,1
0,3.0,136,0,1,1,0,0,1,1,0,0,2,0,1,0,0,0,2.0,1,1
1,5.0,98,0,0,2,6,0,1,2,1,0,1,0,1,40,2,0,6.0,1,1
1,2.0,100,0,2,0,1,5,1,1,1,1,1,0,3,0,2,2,17.0,1,1
0,3.0,136,0,0,1,4,5,1,0,0,0,1,0,1,0,2,0,3.0,0,1
1,4.0,99,0,1,0,1,0,1,1,1,0,1,0,1,0,12,0,2.0,1,1
0,2.0,136,107,1,1,0,0,0,0,2,2,2,0,1,0,2,0,2.0,1,1
1,31.0,91,77,1,0,2,5,1,1,0,0,1,0,2,0,2,0,23.0,1,1
0,29.0,136,0,1,1,4,5,1,0,0,0,2,0,1,0,2,0,1.0,1,1
1,6.0,100,0,1,1,0,0,0,0,0,0,0,0,1,0,2,0,1.0,1,1
1,10.0,117,0,0,1,4,0,2,2,0,0,1,0,1,100,0,0,2.0,1,1
0,3.0,136,0,1,4,0,0,1,1,0,2,1,0,1,0,2,1,3.0,1,1
1,3.0,100,0,0,0,6,0,1,0,1,0,1,0,1,30,2,0,6.0,1,1
0,7.0,136,0,1,1,0,0,1,0,0,0,0,0,1,0,2,2,6.0,1,1
1,3.0,117,97,0,1,6,0,0,1,1,1,1,0,1,200,12,0,1.0,0,1
1,2.0,100,0,2,1,5,5,1,0,1,1,1,0,2,0,5,0,3.0,1,1
1,4.0,117,78,0,5,0,0,2,1,1,1,1,0,1,120,2,0,5.0,1,1
0,5.0,65,0,1,1,6,0,1,2,0,0,1,0,2,0,2,0,3.0,1,1
0,3.0,136,0,1,0,0,0,1,1,0,0,1,1,1,0,2,0,1.0,1,1
0,3.0,136,0,1,1,0,0,2,1,0,0,1,0,1,0,2,0,5.0,1,1
1,3.0,100,0,1,0,5,5,1,0,1,1,1,0,1,0,2,0,3.0,1,1
0,24.0,38,107,1,4,0,0,0,1,2,0,0,0,1,300,2,0,2.0,1,1
0,4.0,136,107,1,6,0,0,2,0,0,0,0,0,1,50,5,0,2.0,1,1
0,3.0,136,0,0,0,6,0,1,0,0,0,1,0,1,0,2,0,1.0,1,1
0,24.0,136,107,2,1,0,0,1,0,0,0,0,0,2,0,2,0,1.0,0,1
1,60.0,100,0,1,6,0,0,2,0,0,0,0,1,1,0,2,0,5.0,1,1
0,1.0,136,0,2,0,4,5,1,0,1,0,1,0,4,0,2,0,4.0,1,1
1,8.0,100,0,0,1,6,0,1,0,0,0,0,0,1,0,2,0,5.0,1,1
1,7.0,129,0,0,0,5,5,0,0,0,0,0,0,1,100,2,0,5.0,1,1
0,12.0,136,0,1,0,1,0,1,1,1,0,1,0,1,0,3,0,2.0,0,1
0,2.0,136,0,1,1,2,0,0,0,1,0,2,0,1,0,7,0,3.0,1,1
0,2.0,136,0,1,0,1,3,1,0,0,0,1,0,1,0,2,0,2.0,1,1
1,8.0,109,92,1,2,6,0,1,1,1,1,1,0,1,80,12,0,7.0,0,1
0,2.0,136,51,1,0,1,5,1,1,0,0,1,0,2,0,2,0,22.0,1,1
1,1.0,122,101,0,1,4,5,0,0,0,0,1,0,1,0,2,0,4.0,1,1
0,2.0,136,107,0,1,6,0,1,1,1,1,1,0,2,0,2,0,4.0,1,1
0,2.0,136,31,0,4,6,0,2,0,0,0,1,0,2,0,2,3,11.0,1,1
1,4.0,100,0,0,2,0,0,1,1,0,0,1,0,1,0,2,0,2.0,1,1
0,2.0,136,0,1,5,0,0,1,0,2,2,2,2,1,0,2,0,0.0,1,1
0,24.0,136,0,0,1,0,0,0,1,0,0,1,0,1,0,2,0,5.0,1,1
1,72.0,117,0,1,1,0,0,1,2,0,0,0,0,1,0,2,0,4.0,1,1
0,6.0,136,107,0,0,1,0,2,0,0,0,1,0,1,50,5,0,3.0,1,1
0,3.0,136,0,1,1,0,0,0,0,2,2,2,0,3,0,5,0,1.0,1,1
0,4.0,136,0,1,1,0,0,1,0,0,0,1,0,1,0,2,0,2.0,1,1
0,2.0,136,0,1,0,1,5,1,0,1,1,1,0,1,20,3,0,1.0,1,1
0,36.0,57,0,0,1,4,5,0,1,2,2,2,1,1,0,2,0,4.0,0,1
1,4.0,99,0,1,0,4,4,1,1,1,0,0,0,1,0,2,0,3.0,1,1
1,22.0,99,0,1,0,0,0,1,1,0,0,0,0,1,0,3,0,7.0,1,1
0,2.0,136,0,0,0,1,3,1,0,1,1,1,0,1,0,2,0,1.0,1,1
0,3.0,136,0,0,0,1,0,1,0,0,0,1,0,1,0,2,0,2.0,1,1
1,1.0,99,77,1,1,5,0,0,1,1,0,0,0,1,200,12,0,3.0,1,1
0,10.0,136,107,0,3,6,0,2,0,0,0,0,0,1,0,2,0,2.0,1,1
1,4.0,100,0,2,3,5,5,1,0,1,0,1,0,3,0,2,0,3.0,1,1
1,0.0,99,0,0,0,6,0,1,1,1,1,1,1,1,0,12,0,4.0,1,1
0,2.0,136,0,2,0,1,5,1,0,1,1,1,0,8,100,2,0,11.0,1,1
0,4.0,136,0,0,6,0,0,1,1,0,0,1,0,1,0,2,0,3.0,1,1
0,9.0,136,107,0,0,0,0,1,1,0,0,1,0,1,5,12,0,5.0,1,1
1,3.0,98,92,0,3,0,0,1,2,1,0,1,0,1,350,2,0,2.0,1,1
0,1.0,136,0,1,0,1,5,1,0,2,2,1,0,1,0,2,0,3.0,1,1
0,16.0,136,0,0,1,6,0,1,0,0,1,1,0,1,0,3,0,3.0,1,1
1,5.0,100,0,1,4,0,0,2,0,0,0,1,0,1,0,2,0,5.0,1,1
1,12.0,100,0,0,0,1,3,1,0,0,0,0,0,1,0,2,0,3.0,1,1
1,3.0,100,0,0,1,3,0,1,1,1,1,1,0,1,0,2,0,1.0,0,1
1,2.0,129,0,0,1,2,3,1,0,1,0,1,0,1,0,2,0,5.0,1,1
1,1.0,99,77,2,0,3,5,1,1,2,2,2,0,4,0,2,0,8.0,1,1
0,2.0,136,107,0,0,0,0,1,0,0,0,1,0,1,50,2,1,5.0,1,1
1,2.0,99,0,1,0,1,0,1,1,1,0,1,0,1,50,2,0,5.0,1,1
0,24.0,38,28,0,6,0,0,1,1,0,0,0,0,1,0,5,0,0.0,1,1
0,12.0,155,0,0,1,0,0,1,1,0,0,0,0,1,0,2,0,2.0,1,1
0,3.0,94,107,0,0,1,0,1,0,0,0,1,0,1,0,2,0,3.0,1,1
0,60.0,62,0,1,1,2,0,1,2,0,0,1,0,1,0,2,0,3.0,1,1
0,2.0,136,0,1,0,6,0,1,0,0,0,1,0,4,0,2,0,12.0,1,1
1,5.0,100,0,0,0,6,0,0,0,1,1,1,0,2,0,12,0,0.0,1,1
0,10.0,136,0,0,0,0,0,1,0,0,0,2,0,1,50,2,0,1.0,1,1
0,2.0,136,0,1,0,1,5,1,0,1,0,1,0,1,0,2,0,1.0,0,1
0,1.0,136,0,1,0,1,0,1,1,1,1,1,0,1,0,4,0,3.0,1,1
0,2.0,136,107,2,0,1,0,1,0,1,1,1,0,5,0,2,0,4.0,1,1
1,2.0,100,0,2,4,5,5,1,0,1,1,1,0,3,0,2,0,4.0,0,1
0,60.0,57,51,0,0,6,0,0,1,0,0,1,0,1,0,2,0,4.0,1,1
0,84.0,8,0,1,3,0,0,2,2,2,2,1,0,1,0,2,0,4.0,1,1
1,72.0,98,77,1,0,1,4,1,1,2,2,2,0,1,0,2,0,5.0,1,1
0,2.0,136,0,0,0,1,0,1,1,0,0,1,0,1,50,2,0,1.0,1,1
0,12.0,136,0,1,1,6,0,1,1,2,2,2,0,1,0,12,0,3.0,1,1
0,9.0,136,0,0,0,6,0,1,0,0,0,0,0,1,0,12,0,14.0,1,1
1,6.0,100,97,0,0,5,0,0,0,0,0,2,0,1,0,2,0,1.0,1,0
1,3.0,100,0,0,2,4,0,1,0,1,0,1,0,1,0,2,0,5.0,1,1
1,4.0,129,0,1,3,6,0,1,0,0,0,2,0,1,0,2,0,2.0,1,1
0,12.0,38,0,0,4,0,0,0,1,1,1,1,0,1,0,2,0,3.0,1,1
0,4.0,136,18,0,0,0,0,1,0,0,0,1,0,1,0,2,0,7.0,1,1
1,3.0,100,0,0,3,0,0,1,0,0,0,1,0,1,0,2,0,18.0,1,1
0,3.0,136,107,2,1,0,0,1,0,0,1,1,0,5,0,2,0,2.0,1,1
0,2.0,136,0,1,0,6,0,1,1,1,0,1,0,1,0,12,0,6.0,1,1
1,12.0,100,0,0,0,0,0,1,1,2,2,1,1,1,0,12,0,3.0,1,1
1,2.0,129,0,1,0,2,5,1,0,0,0,1,1,2,0,7,0,4.0,1,1
1,12.0,129,0,2,1,6,0,0,0,1,1,1,0,5,0,2,0,6.0,1,1
0,2.0,136,0,1,0,6,0,1,1,0,0,2,0,1,0,2,0,1.0,1,1
0,60.0,136,0,0,0,0,0,1,1,1,1,2,0,2,1,12,0,1.0,1,1
1,8.0,100,101,1,0,5,5,1,1,1,1,0,0,1,0,2,0,1.0,1,1
1,2.0,100,0,2,0,1,1,1,0,0,0,2,0,3,0,3,0,4.0,1,1
1,4.0,83,76,1,5,0,0,1,2,1,0,1,0,1,0,12,0,3.0,1,1
0,1.0,136,107,1,1,0,0,1,1,1,0,1,0,1,0,2,0,1.0,1,1
0,1.0,136,0,1,0,6,0,1,0,1,1,1,0,1,20,3,0,1.0,1,1
0,2.0,136,107,0,1,6,0,1,1,1,0,1,0,1,0,2,0,2.0,1,1
0,8.0,136,107,0,0,0,0,1,0,0,0,1,0,2,100,2,0,2.0,1,1
0,48.0,38,0,1,6,0,0,1,1,2,0,2,0,1,0,2,0,3.0,1,1
1,2.0,100,0,0,1,5,0,0,0,0,0,1,0,1,50,2,0,1.0,1,1
0,60.0,51,0,0,1,6,0,1,0,2,2,0,0,1,300,12,0,4.0,1,1
0,1.0,136,0,2,0,1,5,1,0,1,0,1,0,9,0,2,0,8.0,1,1
1,5.0,122,0,0,1,4,0,1,0,0,0,1,0,1,0,5,0,6.0,1,1
0,48.0,136,107,1,0,1,5,1,1,2,2,2,0,9,200,12,0,3.0,1,1
0,9.0,51,107,1,0,1,0,1,0,0,0,0,0,1,0,12,0,5.0,1,1
1,1.0,115,0,1,0,0,0,0,1,1,0,1,1,1,0,2,0,1.0,1,1
1,2.0,84,59,1,0,1,4,1,1,2,2,2,0,1,20,2,0,3.0,1,1
0,1.0,136,0,1,0,6,0,0,0,1,0,1,0,1,0,2,0,1.0,0,1
0,12.0,136,0,1,2,3,0,1,0,2,2,2,0,1,0,2,0,3.0,1,1
0,3.0,157,107,0,0,6,0,1,0,0,0,2,0,1,0,2,0,3.0,1,1
1,6.0,100,0,1,0,5,5,0,0,2,2,2,0,1,0,2,0,4.0,1,1
1,24.0,100,0,0,5,6,0,1,0,0,0,0,0,1,0,2,0,5.0,1,1
1,2.0,100,0,0,0,1,5,0,0,2,0,2,0,7,0,2,2,14.0,0,1
0,12.0,136,0,1,0,0,0,1,1,0,0,0,0,1,0,12,0,1.0,1,1
1,6.0,100,0,0,6,0,0,1,0,2,2,2,0,1,0,2,0,1.0,1,1
1,2.0,122,0,1,0,6,0,1,0,1,0,1,0,1,0,12,0,2.0,1,1
0,41.0,136,0,1,1,2,5,1,0,0,0,0,0,1,80,2,0,4.0,1,1
0,14.0,6,4,1,0,2,5,0,1,0,0,1,0,1,150,2,0,3.0,1,1
1,2.0,99,0,2,0,1,5,1,1,1,1,1,0,3,10,12,1,6.0,1,1
1,10.0,129,0,1,2,3,5,2,0,2,2,0,0,1,0,12,0,5.0,0,1
0,24.0,136,45,1,0,1,5,1,1,2,2,2,0,1,0,12,0,5.0,1,1
0,60.0,136,0,0,1,0,0,1,1,2,2,2,0,1,0,12,0,4.0,1,1
1,4.0,100,0,1,6,0,0,0,0,1,1,0,0,1,0,12,0,3.0,1,1
1,1.0,117,77,2,0,5,5,1,0,1,1,1,0,5,0,12,0,6.0,1,1
1,8.0,80,0,0,2,6,0,1,1,1,1,0,0,1,100,12,0,2.0,0,1
0,7.0,136,107,1,1,6,0,1,0,0,0,1,0,1,0,3,0,2.0,1,1
1,2.0,100,0,1,2,6,0,0,0,1,1,1,0,1,80,2,0,3.0,1,1
0,12.0,150,0,0,1,0,0,1,2,2,0,1,0,1,0,12,0,5.0,1,1
0,0.0,136,0,2,0,1,5,1,0,1,1,1,0,5,0,3,0,8.0,0,1
0,2.0,136,0,0,1,0,0,1,1,2,2,1,0,1,0,2,0,5.0,1,1
0,0.0,136,0,1,1,0,0,1,1,1,1,1,0,1,0,2,0,5.0,1,1
1,6.0,100,0,0,0,1,5,1,0,0,0,0,0,1,0,2,0,6.0,1,1
0,2.0,136,107,2,4,6,0,1,0,1,1,1,0,6,0,2,0,5.0,1,1
0,7.0,136,0,1,0,0,0,1,1,0,0,0,0,1,0,2,0,2.0,1,1
0,2.0,21,39,1,1,0,0,0,0,0,0,1,0,1,0,2,0,0.0,1,1
0,12.0,136,0,0,0,1,0,0,0,2,0,2,0,1,0,3,0,3.0,1,1
1,4.0,100,0,0,2,6,0,1,0,1,1,1,0,1,0,2,0,5.0,1,1
0,3.0,136,107,0,0,1,0,1,1,0,0,1,0,1,0,2,0,2.0,1,1
0,3.0,136,0,1,6,0,0,1,1,1,0,1,0,1,0,7,0,3.0,1,1
1,7.0,100,78,1,6,0,0,1,0,0,0,0,0,1,0,12,0,3.0,1,1
1,19.0,99,0,1,0,1,5,1,1,0,0,0,0,1,0,0,0,3.0,1,1
1,12.0,100,83,1,3,5,5,0,0,0,0,0,0,1,0,3,0,1.0,1,1
0,3.0,136,0,0,0,6,0,1,0,0,0,1,0,1,0,0,0,5.0,1,1
1,24.0,100,0,1,4,0,0,1,1,0,0,0,0,1,160,2,0,1.0,1,1
1,6.0,100,0,0,0,6,0,0,1,2,2,1,0,1,1,2,0,3.0,1,1
0,3.0,136,0,1,1,6,0,1,0,0,0,1,0,1,50,2,0,2.0,1,1
0,16.0,57,0,0,0,1,5,0,0,0,0,1,0,1,300,2,0,4.0,1,1
1,2.0,100,0,0,2,6,0,1,0,0,0,1,0,1,0,2,0,1.0,1,1
1,4.0,100,0,0,2,3,0,0,0,2,2,2,0,1,0,12,0,5.0,1,1
0,2.0,136,0,0,0,1,5,1,0,1,1,1,0,1,0,2,0,7.0,1,1
1,9.0,134,105,0,3,6,0,2,1,0,0,2,0,1,100,7,0,5.0,1,1
1,2.0,100,0,1,0,6,0,0,0,0,0,1,0,1,0,3,0,25.0,1,1
1,18.0,100,0,1,0,1,4,0,0,0,0,0,0,1,0,2,0,5.0,1,1
0,1.0,136,0,2,0,1,5,0,0,0,2,2,0,6,0,7,0,2.0,0,1
1,2.0,100,0,0,5,6,0,0,0,1,1,1,0,1,0,2,0,1.0,1,1
1,12.0,100,0,1,0,3,5,1,0,1,1,1,0,1,0,2,0,2.0,1,1
0,6.0,136,107,0,0,1,0,1,0,0,0,1,0,1,0,3,0,1.0,1,1
0,10.0,136,0,0,0,1,0,1,1,1,1,0,0,1,0,2,0,1.0,1,1
1,5.0,100,0,0,1,4,0,0,0,0,0,1,0,1,0,12,0,1.0,1,1
0,1.0,136,107,1,1,0,0,1,1,0,0,1,0,1,0,2,0,1.0,1,1
0,2.0,136,0,1,0,0,0,1,0,1,0,1,0,1,0,12,0,8.0,1,1
1,3.0,100,0,0,0,5,5,1,0,1,1,1,0,1,0,2,0,5.0,1,1
0,8.0,57,51,1,0,6,0,0,2,1,1,0,0,1,0,2,0,11.0,1,1
1,10.0,122,92,0,4,6,0,2,1,1,1,2,0,1,0,2,0,3.0,1,1
1,2.0,98,77,0,0,1,4,1,1,1,0,1,0,1,50,2,0,8.0,1,1
1,2.0,100,0,1,3,6,0,1,0,1,1,1,0,1,0,12,0,7.0,1,1
1,4.0,100,0,2,1,2,5,0,0,1,0,1,0,5,0,2,0,9.0,1,1
1,9.0,100,0,0,2,6,0,1,0,0,0,0,0,1,0,2,0,3.0,1,1
1,1.0,100,0,0,0,5,5,0,0,1,0,1,0,1,0,12,0,3.0,1,1
0,1.0,65,107,1,0,1,0,1,1,0,2,1,0,1,0,2,0,3.0,1,1
0,6.0,136,107,0,1,0,0,1,0,1,1,1,0,2,0,2,0,3.0,1,1
0,2.0,136,0,1,6,0,0,1,1,1,1,1,0,1,0,2,1,1.0,1,1
1,1.0,100,0,0,0,0,0,1,0,1,0,1,0,1,0,12,0,9.0,1,1
0,36.0,57,0,0,0,1,5,1,1,0,0,0,0,1,0,2,0,1.0,1,1
1,3.0,100,0,1,0,1,5,0,0,1,1,1,0,1,0,2,0,6.0,1,1
0,84.0,136,0,0,3,0,0,1,0,1,1,0,0,1,0,2,0,3.0,1,1
0,48.0,151,118,1,2,4,0,0,1,0,0,0,0,1,200,2,0,8.0,1,1
0,2.0,136,0,1,1,0,0,0,0,1,1,1,0,1,0,2,0,2.0,1,1
1,4.0,100,0,1,0,1,5,1,1,1,1,1,0,2,0,2,0,3.0,1,1
1,17.0,100,0,2,1,5,0,1,1,1,1,1,0,4,0,12,0,4.0,1,1
1,2.0,100,0,0,6,0,0,1,0,1,1,1,0,1,10,7,0,3.0,1,1
0,12.0,136,0,0,1,6,0,1,1,0,0,0,0,2,0,12,0,1.0,1,1
1,1.0,129,78,0,2,0,0,0,0,1,1,1,0,1,0,2,0,3.0,1,1
1,5.0,80,78,1,2,0,0,1,0,0,0,2,0,1,0,3,0,5.0,1,1
0,14.0,136,0,1,4,6,0,1,0,0,0,1,0,1,0,2,0,0.0,1,1
0,2.0,136,0,2,0,1,5,1,0,1,1,1,0,4,0,2,0,8.0,1,1
1,3.0,99,77,2,0,1,0,1,1,1,1,1,0,2,0,2,0,5.0,1,1
1,2.0,99,78,1,5,0,0,0,1,1,1,0,0,1,0,2,0,1.0,1,1
1,4.0,99,0,0,0,1,4,1,1,1,1,1,0,1,0,12,0,4.0,1,1
0,2.0,54,107,0,0,1,0,1,1,0,0,0,0,1,0,4,0,1.0,1,1
0,3.0,136,0,1,1,0,0,1,0,1,1,1,0,1,0,0,0,5.0,0,1
0,12.0,136,0,0,0,1,0,1,0,0,0,0,0,1,0,2,0,3.0,1,1
0,1.0,136,107,2,1,6,0,2,1,1,1,1,0,2,0,2,0,4.0,1,1
1,2.0,99,0,0,1,0,0,2,1,1,0,2,0,1,0,2,0,2.0,1,1
0,2.0,136,107,2,1,6,0,0,0,1,1,1,0,2,0,12,0,3.0,1,1
1,17.0,100,0,1,0,1,1,1,0,0,0,1,0,1,0,2,0,5.0,1,1
0,8.0,156,107,1,0,0,0,1,0,2,2,0,0,1,0,2,0,1.0,1,1
0,6.0,136,107,1,1,0,0,1,0,0,0,0,0,1,100,2,0,6.0,1,1
0,2.0,136,0,1,0,6,0,1,1,1,1,1,1,1,150,2,0,2.0,1,1
0,2.0,136,0,1,0,0,0,1,0,1,1,1,0,1,0,2,0,1.0,1,1
0,1.0,136,0,1,0,6,0,1,1,0,0,2,0,1,0,7,0,2.0,0,1
0,4.0,136,0,1,2,3,0,1,0,0,0,1,0,1,0,12,0,1.0,1,1
1,5.0,100,0,2,0,5,5,0,0,1,1,1,0,4,0,2,0,6.0,0,1
1,2.0,99,0,1,5,0,0,1,1,1,1,1,0,1,0,2,0,6.0,0,1
1,12.0,100,0,1,0,1,5,1,0,0,0,1,0,1,100,2,0,3.0,1,1
0,4.0,136,107,0,2,0,0,1,0,0,0,1,0,1,0,2,0,5.0,1,1
1,24.0,122,78,1,6,0,0,0,0,0,0,0,0,1,120,7,1,8.0,1,1
1,2.0,99,0,1,0,3,3,1,1,1,0,1,0,1,0,2,0,3.0,1,1
0,11.0,57,44,1,0,4,5,0,0,2,2,2,0,1,0,12,0,2.0,1,1
0,12.0,136,107,1,1,0,0,1,1,1,0,1,0,1,0,3,0,1.0,1,1
0,2.0,136,0,1,0,6,0,1,0,1,1,1,0,1,0,12,0,3.0,1,1
0,2.0,136,0,1,1,0,0,1,0,1,1,1,0,1,20,3,0,1.0,1,1
1,2.0,100,0,1,2,0,0,0,0,1,0,1,0,1,0,2,0,1.0,1,1
0,3.0,136,0,1,1,0,0,1,1,0,0,1,0,1,0,2,0,2.0,1,1
1,8.0,99,0,1,0,0,0,0,1,1,1,0,0,1,80,12,0,6.0,1,1
0,12.0,136,107,0,0,4,0,1,0,0,0,0,0,1,0,2,0,3.0,1,1
0,2.0,136,0,1,4,0,0,1,0,2,2,1,0,1,0,2,0,2.0,1,1
1,2.0,91,0,1,0,1,1,0,0,1,1,1,0,1,0,12,0,5.0,0,1
1,3.0,100,0,1,5,6,0,0,0,1,0,1,0,1,0,12,0,10.0,1,1
1,10.0,120,0,1,0,5,5,0,0,2,0,1,0,3,50,12,0,3.0,1,1
1,2.0,117,0,0,5,0,0,2,2,1,1,1,0,1,350,3,0,2.0,1,1
1,12.0,100,0,1,6,0,0,1,0,0,0,0,0,1,0,12,0,2.0,1,1
0,36.0,136,0,1,1,0,0,0,2,0,2,1,0,1,0,12,0,1.0,1,1
0,24.0,136,107,1,1,6,0,1,0,1,1,1,0,2,0,5,0,3.0,1,1
1,1.0,99,0,1,5,6,0,0,2,2,2,2,0,3,0,2,0,3.0,1,1
1,7.0,99,0,1,1,6,0,1,1,1,0,1,0,1,0,2,0,3.0,1,1
1,6.0,99,0,1,0,1,0,1,1,1,0,1,0,1,70,7,0,6.0,1,1
1,2.0,99,0,1,0,3,5,2,1,1,0,2,0,1,40,2,0,4.0,1,1
1,12.0,100,0,0,5,0,0,1,0,1,1,1,0,1,0,2,0,1.0,1,1
0,4.0,77,0,0,0,1,1,0,2,0,0,1,0,1,0,2,0,1.0,1,1
1,2.0,100,0,0,0,5,5,1,0,1,1,1,0,1,0,2,0,2.0,1,1
0,5.0,136,0,2,0,1,5,1,0,1,1,1,0,4,0,2,0,4.0,1,1
1,17.0,100,0,1,0,5,5,0,0,0,2,2,1,1,0,2,0,4.0,1,1
0,2.0,136,0,2,0,1,5,1,0,1,1,1,0,7,0,2,3,5.0,1,1
1,2.0,99,78,1,5,6,0,0,1,0,0,1,0,1,0,12,0,1.0,0,1
0,60.0,8,0,0,4,0,0,1,1,0,0,1,0,1,0,2,0,2.0,1,1
0,2.0,94,107,0,1,0,0,1,0,2,2,1,0,1,0,2,0,3.0,1,1
0,2.0,136,0,0,0,1,0,1,0,1,1,1,0,1,1,7,0,3.0,1,1
1,5.0,135,0,0,0,6,0,0,1,1,1,1,0,2,0,2,1,4.0,1,1
0,48.0,38,0,1,4,0,0,0,1,0,0,0,0,1,250,2,0,4.0,1,1
1,1.0,99,0,1,0,4,5,0,1,1,1,1,0,1,0,2,0,5.0,1,1
0,3.0,136,0,1,0,1,0,1,0,0,0,1,0,1,200,12,0,2.0,0,1
0,2.0,136,0,1,1,0,0,1,0,0,2,1,0,1,0,2,0,4.0,1,1
1,2.0,129,0,0,0,5,0,0,1,1,1,1,0,1,0,12,0,2.0,1,1
1,1.0,78,105,1,0,6,0,0,0,0,0,1,0,1,0,2,0,2.0,1,1
0,10.0,38,28,0,2,4,0,1,2,2,2,2,0,1,300,2,0,5.0,1,1
0,2.0,136,0,1,0,1,5,1,0,1,0,1,0,1,0,4,0,1.0,1,1
0,2.0,136,107,0,0,1,0,1,1,0,0,1,0,1,0,12,0,2.0,1,1
0,36.0,24,0,1,6,0,0,0,0,2,2,2,0,1,50,2,0,2.0,1,1
1,2.0,100,0,0,2,0,0,0,0,1,0,1,0,1,0,1,0,4.0,1,1
1,4.0,129,0,0,0,1,0,1,1,1,1,1,0,1,0,2,0,5.0,1,1
1,1.0,100,77,1,0,3,5,1,1,1,1,1,0,2,0,2,0,8.0,1,1
0,5.0,136,0,0,0,1,0,1,0,2,2,2,0,1,0,2,0,0.0,1,1
0,0.0,136,107,2,0,6,0,1,0,1,1,1,0,5,0,2,0,1.0,1,1
0,1.0,136,107,2,1,2,4,1,1,1,1,1,0,9,0,4,0,11.0,1,1
0,2.0,136,0,1,0,1,1,1,1,0,0,1,0,1,0,2,0,4.0,1,1
0,3.0,136,107,1,0,1,0,1,1,0,0,1,0,1,0,2,0,2.0,1,1
1,2.0,135,97,2,0,6,0,0,1,1,1,1,0,2,0,2,0,5.0,1,1
0,4.0,136,0,0,0,0,0,1,0,0,0,1,0,1,0,7,0,2.0,1,1
1,4.0,100,0,1,1,3,5,1,0,2,2,2,0,1,0,12,0,4.0,0,1
0,2.0,136,107,1,6,0,0,1,1,0,0,1,0,1,0,2,0,1.0,1,1
0,36.0,136,0,0,6,0,0,1,0,0,0,1,0,1,80,2,0,2.0,1,1
0,1.0,21,107,2,4,0,0,1,0,1,1,1,0,4,0,2,0,2.0,1,1
0,12.0,65,107,0,1,4,0,1,0,0,0,0,0,1,0,2,0,4.0,1,1
1,36.0,88,76,0,0,1,5,2,1,0,0,0,0,4,0,12,0,4.0,1,1
1,2.0,99,77,1,0,2,5,1,1,1,1,1,0,1,0,2,0,3.0,1,1
0,48.0,151,0,0,4,0,0,1,1,0,0,0,0,1,0,2,0,5.0,1,1
1,5.0,108,0,0,5,6,0,1,1,1,0,1,0,1,0,2,0,5.0,1,1
1,11.0,100,0,0,0,0,0,1,0,1,1,1,0,1,0,12,0,1.0,1,1
0,1.0,136,107,1,4,0,0,0,1,1,1,1,0,3,0,4,0,4.0,1,1
1,1.0,99,0,1,0,6,0,0,0,1,1,1,0,1,0,2,0,3.0,1,1
1,1.0,99,77,2,5,0,0,1,1,1,1,1,0,2,0,12,0,5.0,0,1
0,4.0,136,0,0,0,0,0,2,1,0,0,0,0,1,0,2,0,2.0,1,1
0,13.0,136,0,0,0,0,0,0,2,0,1,1,0,1,220,12,0,6.0,1,1
0,96.0,57,0,1,4,6,0,0,1,0,0,2,0,1,0,2,0,2.0,1,1
1,36.0,100,78,1,1,4,4,1,0,0,0,0,0,1,0,2,0,5.0,1,1
0,2.0,136,0,1,0,1,5,1,0,0,0,1,0,1,0,2,0,7.0,1,1
0,12.0,44,107,0,0,1,0,2,0,2,2,0,0,1,0,2,0,5.0,1,1
0,2.0,136,0,1,1,4,0,1,0,1,1,1,0,1,0,2,0,2.0,1,1
0,72.0,65,51,0,4,6,0,0,1,2,2,2,0,1,0,2,0,2.0,1,1
1,6.0,100,0,1,5,0,0,1,0,1,0,1,0,1,0,2,1,11.0,1,1
1,2.0,100,0,1,0,1,5,0,0,1,0,1,0,1,0,2,1,7.0,1,1
1,5.0,100,0,1,0,2,3,1,0,0,2,1,0,3,0,2,0,2.0,1,1
1,10.0,129,0,0,0,6,0,2,2,2,1,1,0,1,0,2,0,2.0,1,1
1,24.0,91,101,2,0,1,1,1,0,1,0,1,0,2,0,12,0,7.0,1,1
0,1.0,136,72,1,0,1,0,2,1,0,0,1,0,1,0,2,0,3.0,1,1
1,12.0,99,0,1,0,6,0,1,1,0,0,0,0,1,150,2,0,1.0,1,1
0,2.0,136,0,2,0,1,5,1,0,2,2,2,0,8,0,12,0,5.0,1,1
1,2.0,100,0,0,0,5,0,0,0,1,1,1,0,1,0,12,0,3.0,1,1
0,1.0,136,107,0,0,1,4,1,1,0,0,1,0,1,0,2,0,1.0,1,1
0,2.0,136,0,0,0,1,0,1,1,1,1,1,0,1,0,2,0,3.0,1,1
0,96.0,59,0,0,1,0,0,0,1,2,2,1,0,1,0,2,0,1.0,1,1
1,2.0,100,0,0,1,5,0,1,0,1,0,1,0,1,0,2,1,2.0,0,1
1,2.0,129,0,1,5,0,0,0,0,1,1,1,0,1,0,2,0,7.0,1,1
0,24.0,136,0,0,3,6,0,1,0,2,2,2,0,1,0,12,0,1.0,1,1
0,6.0,136,0,2,1,2,0,1,0,0,0,0,0,2,0,2,0,8.0,1,1
0,36.0,65,0,0,6,0,0,1,2,2,0,1,0,1,0,2,0,5.0,1,1
0,8.0,136,107,0,1,0,0,1,1,0,0,0,0,1,0,2,0,2.0,1,1
1,1.0,129,78,2,0,6,0,1,0,1,1,1,0,4,0,2,0,19.0,1,1
1,3.0,100,78,0,3,6,0,1,0,1,0,1,0,1,0,2,0,11.0,1,1
0,4.0,136,6,0,2,0,0,1,1,0,1,0,0,1,0,2,0,2.0,1,1
0,2.0,136,51,0,1,6,0,1,1,0,0,1,0,1,0,2,0,3.0,1,1
1,10.0,122,76,2,1,2,3,1,2,1,1,1,0,3,0,12,0,4.0,0,1
1,1.0,99,0,0,4,6,0,2,1,1,0,1,0,1,80,2,0,5.0,1,1
1,3.0,99,0,1,3,6,0,0,0,1,1,1,0,1,50,2,0,2.0,1,1
0,4.0,136,0,0,6,0,0,1,0,0,0,1,0,1,0,2,0,1.0,1,1
0,2.0,158,0,1,0,0,0,2,0,0,0,1,0,1,350,2,0,3.0,1,1
1,2.0,100,78,2,0,3,0,1,0,1,1,1,0,4,50,12,0,2.0,1,1
1,2.0,129,0,2,0,5,5,1,0,1,0,1,0,2,0,12,0,7.0,1,1
0,4.0,158,107,1,0,1,0,1,0,0,0,1,0,1,0,2,0,6.0,1,1
0,1.0,136,107,1,0,1,5,1,0,1,1,1,0,1,0,2,0,8.0,1,1
1,6.0,100,0,1,3,6,0,1,0,1,1,1,0,1,20,10,0,1.0,1,1
0,12.0,136,0,1,1,0,0,1,1,0,0,0,0,1,0,2,0,3.0,1,1
1,15.0,115,0,1,3,6,0,1,1,1,0,0,0,1,0,12,0,3.0,1,1
1,4.0,122,78,0,1,4,0,0,1,1,1,1,0,1,0,2,1,4.0,1,1
1,2.0,98,85,2,1,5,5,0,1,0,0,1,0,3,0,12,0,4.0,1,1
0,1.0,136,107,0,0,1,0,1,0,1,1,1,0,1,20,2,0,5.0,1,1
1,6.0,107,0,0,0,6,0,1,1,1,1,1,0,1,0,2,0,3.0,1,1
0,12.0,136,0,2,0,6,0,2,0,1,0,1,0,2,0,2,0,5.0,1,1
0,2.0,136,107,1,0,1,0,1,1,1,1,1,0,1,0,7,0,1.0,1,1
1,2.0,100,101,1,5,6,0,0,0,1,0,1,0,1,0,2,0,13.0,1,1
0,2.0,136,0,1,1,0,0,1,1,1,0,1,1,1,0,2,0,1.0,1,1
1,4.0,129,0,1,0,1,5,0,1,1,1,1,0,1,0,2,0,4.0,1,1
1,22.0,100,0,0,0,1,5,1,0,0,0,0,0,1,0,2,0,4.0,1,1
1,3.0,98,78,2,3,4,5,1,1,1,1,1,0,4,0,12,0,5.0,1,1
0,24.0,136,50,1,0,1,0,1,1,0,0,2,0,1,0,12,0,3.0,1,1
0,2.0,136,0,0,0,1,0,1,1,0,0,1,0,1,0,2,0,1.0,1,1
1,1.0,99,0,0,0,6,0,0,1,1,1,1,0,1,0,2,1,1.0,1,1
0,2.0,136,107,1,1,0,0,1,0,1,0,1,0,1,0,12,0,9.0,1,1
1,3.0,99,0,0,2,0,0,1,1,1,1,1,0,4,0,7,0,1.0,1,1
1,2.0,100,0,0,2,6,0,1,0,1,1,1,0,1,0,2,0,5.0,1,1
1,1.0,100,0,2,0,3,5,1,0,1,1,1,0,4,0,2,0,7.0,1,1
1,24.0,100,0,1,0,1,3,1,0,1,1,1,0,1,0,12,0,1.0,1,1
0,96.0,57,0,1,1,6,0,0,2,0,0,0,0,1,0,3,0,5.0,1,1
0,2.0,5,107,0,1,0,0,1,0,0,0,0,0,1,0,7,0,0.0,0,1
0,3.0,136,0,2,0,1,0,2,0,1,1,1,0,3,50,2,0,22.0,1,1
0,2.0,38,37,0,1,0,0,0,1,1,0,1,0,1,350,2,0,3.0,1,1
1,2.0,100,0,1,0,1,4,0,0,1,1,1,0,1,0,2,0,2.0,0,1
1,0.0,99,79,2,0,5,5,1,1,1,1,1,0,4,100,2,0,2.0,1,1
0,9.0,136,109,0,0,6,0,1,0,0,0,0,1,1,0,2,0,1.0,1,1
1,7.0,109,97,0,0,6,0,2,1,1,0,1,0,1,70,2,0,5.0,1,1
0,1.0,136,0,2,0,1,5,1,1,1,1,1,0,6,0,2,0,1.0,0,1
1,6.0,100,0,1,3,0,0,1,0,0,0,0,0,1,100,12,0,4.0,1,1
1,2.0,100,0,0,3,6,0,1,0,0,0,1,0,1,0,7,0,2.0,1,1
0,2.0,136,0,1,4,0,0,1,0,1,0,1,1,1,0,12,0,1.0,1,1
1,1.0,100,0,0,0,6,0,0,0,1,1,1,0,1,0,2,0,7.0,0,1
0,12.0,136,0,0,0,0,0,0,0,2,2,1,0,1,0,2,0,2.0,1,1
1,4.0,100,0,1,6,0,0,1,0,0,0,1,0,1,0,2,0,3.0,1,1
0,1.0,136,0,0,1,0,0,0,0,2,2,2,0,4,0,2,0,1.0,0,1
1,16.0,100,0,1,3,5,5,2,1,1,1,1,0,1,0,2,0,2.0,1,1
0,0.0,145,120,0,0,1,5,0,1,1,1,1,0,1,250,2,0,10.0,1,1
0,11.0,51,107,1,0,1,5,1,0,1,1,1,0,1,0,2,0,2.0,1,1
0,2.0,136,107,1,1,6,0,1,1,0,0,1,0,1,0,2,0,1.0,1,1
1,5.0,100,0,2,0,3,5,1,0,0,0,0,0,2,0,2,0,3.0,1,1
0,2.0,94,107,1,0,1,3,1,1,0,0,1,0,1,150,12,0,6.0,1,1
0,3.0,136,0,1,1,6,0,1,1,0,0,1,0,1,0,2,0,2.0,1,1
1,2.0,100,0,1,3,6,0,2,0,1,0,2,0,1,0,2,0,4.0,1,1
0,4.0,5,33,0,0,1,0,1,0,2,2,1,0,1,0,2,0,3.0,1,1
0,2.0,136,0,0,1,0,0,0,0,0,0,0,1,1,0,0,0,5.0,1,1
1,3.0,99,78,2,0,4,0,2,1,0,0,1,0,2,0,2,1,7.0,1,1
1,10.0,109,0,1,0,1,0,2,2,0,0,1,0,1,350,2,0,9.0,1,1
1,6.0,100,0,2,3,5,5,1,1,2,2,0,0,3,0,7,0,3.0,1,1
0,10.0,136,107,1,6,0,0,1,1,1,2,2,0,1,0,2,0,1.0,1,1
0,60.0,38,0,1,6,0,0,1,0,2,2,2,0,1,0,2,0,1.0,1,1
1,16.0,120,0,0,5,0,0,1,0,1,0,1,0,1,200,12,0,2.0,1,1
0,24.0,136,107,1,6,0,0,2,1,0,0,1,0,1,0,2,0,5.0,1,1
1,12.0,78,0,2,0,1,5,1,0,2,2,2,0,6,0,4,0,3.0,0,1
1,9.0,100,0,0,0,0,0,1,1,0,0,1,0,1,0,12,0,5.0,1,1
1,1.0,129,0,1,2,3,5,1,1,1,1,1,0,5,0,12,0,5.0,1,1
1,24.0,100,97,2,0,4,5,1,0,0,0,0,0,5,0,2,0,8.0,1,1
1,3.0,100,0,0,0,5,0,0,0,0,0,2,0,1,0,12,0,8.0,1,1
1,2.0,100,0,1,0,6,0,1,0,0,0,1,0,1,0,12,0,12.0,1,1
0,18.0,136,0,0,1,6,0,1,0,0,0,0,0,1,0,12,0,6.0,1,1
0,2.0,136,0,1,0,1,0,1,1,0,0,1,0,1,0,2,0,1.0,1,1
0,2.0,136,0,0,0,1,0,0,0,1,1,1,0,1,0,12,0,1.0,1,1
0,18.0,30,19,0,4,6,0,2,1,1,0,1,0,1,0,12,0,3.0,1,1
0,4.0,136,0,1,1,6,0,2,0,1,1,1,0,2,0,2,0,2.0,1,1
1,1.0,100,0,0,5,6,0,1,0,0,0,1,0,1,0,7,0,2.0,1,1
0,2.0,136,0,0,0,1,5,0,0,0,0,1,0,1,0,2,0,2.0,1,1
1,3.0,122,78,2,0,6,0,1,0,1,1,1,0,5,0,2,0,5.0,1,1
1,2.0,100,0,2,0,3,5,0,0,0,0,1,0,3,0,2,0,4.0,1,1
1,1.0,100,78,1,1,4,5,0,0,1,1,1,0,2,0,12,0,2.0,1,1
1,4.0,98,0,1,0,0,0,2,2,1,0,1,0,1,100,12,0,4.0,1,1
1,1.0,100,0,1,0,5,5,1,0,1,0,1,0,1,0,2,1,16.0,1,1
0,48.0,136,0,2,1,0,0,1,0,0,0,1,0,2,0,12,0,1.0,1,1
1,3.0,99,0,1,5,6,0,1,1,0,0,1,0,1,0,2,0,4.0,1,1
0,24.0,28,107,1,0,0,0,1,0,0,0,0,0,1,0,2,0,4.0,1,1
0,2.0,136,0,1,1,0,0,1,1,2,2,2,0,1,0,2,0,4.0,1,1
0,2.0,136,0,0,1,0,0,1,0,1,1,1,0,1,0,2,0,2.0,1,1
1,1.0,100,0,2,2,4,0,0,0,1,1,1,0,2,0,12,0,6.0,1,1
1,3.0,100,0,0,3,4,0,1,0,1,1,1,0,1,0,2,0,3.0,1,1
1,3.0,98,0,1,0,0,0,0,2,1,1,0,0,1,50,12,0,1.0,1,1
0,1.0,136,0,1,0,1,0,1,0,1,1,1,0,1,0,2,0,4.0,0,1
1,48.0,99,78,1,0,1,1,1,1,0,0,0,0,2,0,2,0,3.0,1,1
1,2.0,117,76,1,4,0,0,1,2,1,0,1,0,1,100,2,0,5.0,1,1
1,1.0,100,0,0,4,6,0,0,0,1,1,1,0,1,50,7,0,3.0,1,1
1,4.0,100,0,0,0,6,0,0,0,1,1,1,0,1,0,2,0,3.0,1,1
0,5.0,136,107,0,0,0,0,1,1,0,0,1,0,1,0,2,0,3.0,1,1
0,1.0,136,0,1,1,6,0,1,0,2,2,2,0,1,0,2,0,3.0,1,1
1,10.0,100,0,0,0,6,0,1,0,0,0,0,0,1,0,7,0,7.0,1,1
1,2.0,100,0,2,0,5,5,1,0,1,0,1,0,2,0,12,0,15.0,1,1
0,3.0,136,0,1,0,1,0,1,0,0,0,1,0,1,0,2,0,4.0,1,1
0,2.0,136,4,1,0,1,0,1,0,2,2,2,0,1,10,2,0,2.0,1,1
1,2.0,99,0,2,4,5,0,1,1,1,1,1,0,3,0,4,0,4.0,1,1
1,4.0,100,0,0,2,6,0,0,0,1,0,1,0,1,0,12,0,4.0,1,1
0,5.0,136,107,2,0,1,5,1,0,1,1,2,0,2,0,2,0,2.0,0,1
1,2.0,100,0,0,5,6,0,1,0,1,0,1,0,1,50,2,1,6.0,1,1
0,60.0,57,0,0,1,6,0,1,1,2,2,2,0,1,0,12,0,2.0,0,1
0,36.0,136,107,1,0,1,3,1,1,0,0,0,0,1,0,2,0,1.0,1,1
1,1.0,99,0,0,0,1,5,0,1,1,1,1,0,1,0,2,0,1.0,1,1
1,2.0,129,97,2,0,6,0,0,0,1,1,1,0,2,0,4,0,1.0,0,1
0,1.0,136,0,1,1,0,0,1,0,1,1,1,0,2,0,2,0,3.0,1,1
0,2.0,136,0,1,0,1,1,1,0,1,0,1,0,5,0,2,0,1.0,1,1
1,3.0,100,0,0,1,2,3,1,0,1,1,1,0,1,0,2,0,1.0,1,1
0,3.0,21,50,0,1,0,0,1,0,2,2,2,0,1,0,3,0,2.0,1,1
1,2.0,100,104,0,0,2,0,0,0,1,0,1,0,1,0,4,0,1.0,1,1
1,18.0,100,0,1,0,3,5,0,0,2,0,2,0,1,0,12,0,2.0,1,1
1,2.0,100,0,0,2,3,5,0,0,1,1,1,0,1,0,2,0,3.0,1,1
0,1.0,136,107,0,4,0,0,1,0,0,0,0,0,1,200,12,0,7.0,1,1
0,1.0,136,0,0,0,0,0,1,0,2,2,1,0,1,0,2,0,1.0,1,1
0,3.0,136,0,0,1,0,0,1,1,1,0,1,0,1,0,2,0,6.0,1,1
0,3.0,136,107,0,4,0,0,1,0,0,0,1,0,1,0,4,0,3.0,1,1
1,1.0,100,0,2,0,6,0,0,0,1,1,1,0,3,0,2,0,5.0,1,1
0,1.0,136,0,0,0,6,0,1,1,2,2,1,0,1,0,2,0,1.0,1,1
0,1.0,136,0,1,6,0,0,1,0,1,0,1,0,1,0,12,0,5.0,1,1
1,3.0,136,0,2,1,3,0,1,1,1,1,1,0,3,0,2,0,2.0,1,1
1,2.0,99,101,2,2,4,0,1,1,1,1,1,0,3,0,2,0,15.0,1,1
0,1.0,53,51,2,5,0,0,1,1,1,2,1,0,7,250,12,0,1.0,1,1
0,1.0,136,107,0,0,1,3,1,1,0,0,1,0,1,0,2,0,2.0,1,1
0,21.0,44,107,1,1,4,5,1,0,1,1,1,0,1,0,2,0,1.0,1,1
0,108.0,67,0,1,0,0,0,1,0,0,0,1,0,1,0,2,0,5.0,1,1
1,2.0,100,0,1,0,1,2,0,0,1,1,1,0,3,0,0,0,1.0,0,1
0,2.0,136,0,0,0,1,0,1,0,1,1,1,0,1,0,2,0,1.0,1,1
1,1.0,100,0,0,0,4,4,0,0,1,1,1,0,1,0,12,0,5.0,1,1
0,3.0,13,107,1,5,0,0,0,1,1,1,1,0,1,0,4,0,2.0,1,1
0,1.0,136,0,0,0,1,0,1,0,1,0,1,0,1,0,12,1,6.0,1,1
0,1.0,136,0,1,0,1,0,1,0,1,1,1,0,1,0,2,0,3.0,1,1
1,4.0,99,0,0,6,0,0,1,1,0,0,0,0,1,0,2,0,5.0,1,1
1,30.0,129,77,0,4,0,0,3,1,0,0,0,0,1,0,2,0,5.0,1,1
0,72.0,57,0,0,0,6,0,0,0,2,2,2,2,1,0,2,0,3.0,1,1
1,3.0,100,0,0,2,6,0,0,0,0,0,1,0,1,0,2,0,3.0,1,1
0,36.0,136,0,1,1,0,0,1,0,0,0,0,0,1,0,2,0,1.0,1,1
0,4.0,136,33,0,0,1,0,1,0,1,1,1,0,1,0,12,0,2.0,1,1
0,3.0,136,0,1,1,0,0,1,0,1,0,1,0,1,0,2,0,4.0,1,1
1,96.0,112,0,0,6,0,0,2,2,0,2,2,0,1,0,2,0,2.0,1,1
0,3.0,136,0,1,0,0,0,1,0,1,1,1,0,1,0,2,0,5.0,1,1
0,24.0,65,115,0,0,1,5,1,2,0,0,0,0,2,200,12,0,1.0,1,1
0,2.0,136,0,1,1,0,0,1,1,1,1,1,0,1,0,12,0,1.0,0,1
0,3.0,136,0,1,0,1,5,1,1,1,0,1,0,1,0,2,0,1.0,1,1
1,2.0,99,0,0,0,0,0,1,1,1,0,1,0,1,0,2,0,2.0,1,1
1,10.0,100,0,1,1,2,5,0,0,0,0,1,0,1,0,12,0,4.0,1,1
0,42.0,136,0,0,1,0,0,2,0,1,1,1,1,1,0,3,0,3.0,1,1
0,2.0,136,107,1,1,0,0,0,0,2,2,2,0,1,0,2,0,2.0,1,1
1,20.0,109,63,0,0,5,0,2,1,1,1,0,0,1,10,2,0,2.0,1,1
1,5.0,100,0,0,5,6,0,1,0,1,0,1,0,1,0,12,1,11.0,1,1
0,2.0,136,0,1,1,0,0,1,1,0,0,1,0,1,0,2,0,7.0,1,1
0,7.0,136,0,1,6,0,0,1,0,1,1,0,0,1,0,2,0,5.0,1,1
0,3.0,136,0,0,1,6,0,1,0,1,0,1,0,1,0,4,0,4.0,1,1
1,1.0,100,101,0,2,3,5,1,0,1,0,1,0,1,0,2,0,3.0,1,1
1,3.0,100,101,0,0,5,5,1,0,0,0,1,0,1,0,2,0,8.0,1,1
0,2.0,136,0,0,3,0,0,1,0,1,1,1,0,1,20,3,0,1.0,1,1
0,6.0,147,0,0,6,0,0,0,2,0,0,0,0,1,0,12,0,1.0,1,1
0,8.0,136,0,1,1,0,0,1,0,0,0,0,0,1,0,12,0,1.0,1,1
1,19.0,99,77,1,0,3,5,2,1,0,2,0,0,1,0,2,0,0.0,1,1
0,24.0,136,0,1,1,0,0,1,1,2,2,2,0,1,0,12,0,3.0,1,1
0,3.0,136,0,0,0,6,0,1,1,0,0,1,0,1,50,2,0,3.0,1,1
0,2.0,136,0,1,0,0,0,1,0,1,1,1,0,1,0,2,0,11.0,1,1
0,5.0,136,0,0,0,1,0,2,0,0,0,1,0,1,0,7,0,8.0,1,1
0,9.0,136,0,0,2,4,0,1,1,1,1,1,0,1,0,12,1,1.0,1,1
1,2.0,100,0,1,0,6,0,1,0,1,1,1,0,1,0,12,0,5.0,1,1
1,2.0,100,78,0,3,6,0,1,0,1,1,1,0,1,0,2,0,9.0,0,1
0,6.0,136,0,1,1,0,0,1,0,1,1,0,0,1,0,12,0,4.0,1,1
0,3.0,136,0,0,0,1,5,1,1,0,0,1,0,1,200,2,0,2.0,1,1
1,5.0,100,0,2,3,4,5,0,0,1,1,1,0,4,0,12,0,1.0,1,1
0,1.0,136,0,0,0,0,0,1,1,1,1,1,0,1,0,2,0,2.0,1,1
0,2.0,21,107,0,2,6,0,1,0,1,0,1,0,1,0,2,0,2.0,1,1
1,9.0,87,0,1,0,0,0,0,0,1,0,0,0,1,0,2,0,1.0,1,1
1,11.0,100,78,1,0,5,5,0,0,0,0,0,0,1,0,12,0,1.0,1,1
0,3.0,65,107,0,1,6,0,1,0,1,1,1,0,1,0,2,0,2.0,1,1
1,2.0,99,0,0,0,6,0,0,1,0,0,1,0,1,0,3,0,1.0,1,1
1,1.0,100,0,0,0,1,0,0,0,2,2,2,1,1,0,12,0,4.0,0,1
1,2.0,100,0,0,5,0,0,1,0,1,1,1,0,3,0,2,0,3.0,1,1
1,4.0,100,0,2,0,5,5,0,0,1,1,1,0,3,0,12,0,1.0,1,1
1,12.0,100,0,1,1,6,0,1,1,1,1,2,0,1,0,2,0,5.0,1,1
0,1.0,136,107,2,0,1,5,0,0,1,2,2,0,4,50,7,0,3.0,1,1
0,2.0,136,0,0,4,0,0,1,1,0,0,1,0,1,0,2,0,9.0,1,1
0,3.0,136,107,1,1,0,0,3,0,0,0,1,0,6,0,2,0,11.0,1,1
0,2.0,136,0,2,0,1,0,1,0,1,1,1,0,4,0,2,0,9.0,1,1
0,2.0,136,0,2,0,1,5,1,0,1,1,1,0,4,0,2,0,5.0,0,1
0,2.0,136,107,0,1,0,0,1,1,0,0,1,0,1,0,12,0,1.0,1,1
1,2.0,129,0,2,0,5,5,1,1,1,1,1,0,3,0,2,0,3.0,1,1
0,24.0,136,0,0,1,6,0,1,0,1,1,1,0,1,0,7,0,3.0,1,1
0,12.0,136,0,1,0,1,5,1,1,0,0,0,0,1,0,2,0,5.0,1,1
1,1.0,117,92,2,0,5,0,1,2,1,1,1,0,2,0,2,0,3.0,1,1
0,12.0,136,0,0,4,0,0,1,0,2,2,2,0,1,0,2,0,5.0,0,1
0,2.0,136,0,1,1,2,5,1,1,1,1,1,0,1,0,2,0,2.0,1,1
1,2.0,100,0,2,0,3,5,1,0,1,1,1,0,3,0,7,0,1.0,1,1
0,24.0,57,107,0,0,6,0,0,1,2,2,2,0,1,0,12,0,3.0,1,1
0,4.0,136,0,0,0,0,0,1,0,0,0,1,0,1,50,2,0,5.0,1,1
1,5.0,100,0,0,0,0,0,1,0,0,0,1,0,1,50,2,0,2.0,1,1
1,2.0,99,0,0,6,0,0,1,1,1,1,1,0,1,0,12,0,3.0,1,1
0,1.0,136,107,0,0,6,0,1,1,1,0,1,0,1,0,2,0,4.0,1,1
1,4.0,100,0,0,6,0,0,0,0,1,1,1,0,1,0,2,0,4.0,1,1
1,24.0,99,0,1,3,6,0,1,1,1,0,1,0,1,0,2,0,2.0,1,1
1,12.0,100,101,1,5,6,0,0,0,0,0,0,0,1,0,2,0,2.0,1,1
1,1.0,100,77,2,0,1,5,0,0,1,1,1,0,2,0,12,0,11.0,1,1
1,6.0,100,0,1,0,6,0,0,0,2,2,2,0,1,0,2,0,3.0,1,1
0,4.0,136,0,1,0,1,5,1,1,1,1,1,0,1,0,12,0,1.0,1,1
0,24.0,136,107,1,6,0,0,2,1,0,0,1,0,1,0,2,0,5.0,1,1
0,36.0,8,6,1,1,4,0,2,2,2,0,2,0,1,0,2,0,5.0,0,1
1,2.0,129,0,0,3,5,0,1,1,1,0,1,0,2,100,12,0,3.0,1,1
1,7.0,100,0,0,0,6,0,1,0,1,1,1,0,1,0,2,0,3.0,1,1
1,2.0,100,0,2,0,1,4,0,0,1,1,1,0,3,0,2,0,2.0,1,1
0,4.0,136,0,1,0,1,0,0,0,1,0,1,0,1,0,2,1,2.0,1,1
0,1.0,136,0,2,0,1,0,0,1,1,1,0,0,2,0,5,0,3.0,1,1
1,3.0,100,0,0,2,3,0,0,0,2,2,2,0,1,0,12,0,4.0,1,1
1,1.0,99,0,0,0,5,0,0,1,1,1,1,0,1,0,12,0,2.0,1,1
0,12.0,136,0,0,0,1,0,1,1,0,0,1,0,1,0,2,0,3.0,1,1
0,3.0,136,0,1,1,0,0,1,0,0,0,0,0,1,0,2,0,20.0,1,1
1,12.0,100,0,1,1,6,0,1,0,0,0,0,0,1,0,2,0,4.0,1,1
0,2.0,136,0,0,1,4,5,1,0,1,1,1,0,1,150,2,0,6.0,1,1
0,2.0,136,0,1,0,6,0,0,1,1,0,1,0,1,0,2,0,1.0,1,1
1,2.0,100,0,1,6,0,0,0,0,1,0,1,0,1,0,3,0,5.0,1,1
1,3.0,100,0,2,0,0,0,1,0,1,1,1,0,5,0,12,0,5.0,0,1
1,3.0,100,97,0,1,4,0,0,0,1,1,1,0,1,0,2,1,8.0,1,1
1,36.0,100,0,0,0,6,0,1,0,1,1,0,0,1,0,2,0,1.0,1,1
0,60.0,38,0,0,4,0,0,0,1,2,2,2,0,1,0,2,0,5.0,1,1
0,1.0,136,107,0,6,0,0,1,0,1,0,2,0,1,0,2,0,5.0,0,1
0,1.0,136,0,1,0,5,0,1,0,1,1,1,0,1,0,12,0,1.0,1,1
0,1.0,136,0,1,0,6,0,1,0,1,1,1,0,1,0,2,0,2.0,1,1
1,3.0,129,77,1,0,1,3,1,1,1,0,1,0,1,0,2,0,0.0,1,1
0,1.0,136,0,1,1,0,0,1,0,1,1,1,0,1,20,3,0,1.0,1,1
0,2.0,136,123,2,0,1,5,1,0,0,0,1,0,2,200,2,0,2.0,0,1
0,1.0,136,0,1,0,1,0,1,0,1,1,1,0,1,0,2,0,2.0,1,1
0,60.0,48,0,1,5,0,0,1,1,0,0,0,0,1,0,2,0,1.0,1,1
1,2.0,84,77,0,2,4,5,0,1,1,0,1,0,1,0,2,0,4.0,1,1
0,4.0,136,107,1,0,1,0,1,1,1,1,1,0,1,0,4,0,7.0,1,1
1,3.0,100,0,0,5,0,0,1,0,1,0,1,0,1,0,12,0,3.0,1,1
0,4.0,136,0,1,1,0,0,1,0,1,1,1,0,2,0,2,0,2.0,1,1
0,3.0,136,3,1,0,1,0,1,0,2,2,2,0,1,0,2,0,6.0,1,1
0,3.0,136,0,1,0,1,2,0,0,0,0,1,0,1,0,2,0,2.0,1,1
0,9.0,136,0,0,1,2,0,1,1,0,2,1,0,1,0,2,0,3.0,1,1
1,7.0,100,0,2,5,6,0,1,0,1,0,1,0,2,0,12,0,3.0,1,1
1,12.0,122,78,1,1,6,0,1,0,0,0,0,0,1,0,2,0,1.0,1,1
0,3.0,136,0,1,0,0,0,0,1,1,1,1,0,1,0,2,0,2.0,1,1
1,3.0,100,0,0,0,5,5,1,0,0,0,1,0,1,0,2,0,5.0,1,1
1,2.0,100,0,0,0,5,0,0,0,1,1,1,0,1,0,2,0,2.0,1,1
1,8.0,84,0,0,2,0,0,1,1,2,2,2,0,1,0,2,0,1.0,1,1
0,24.0,136,107,1,1,0,0,1,1,2,2,2,0,1,0,12,0,4.0,0,1
1,18.0,100,0,1,0,2,5,1,0,2,2,1,0,1,0,2,0,1.0,1,1
1,1.0,100,101,2,0,1,4,1,0,1,0,1,0,3,0,12,0,26.0,1,1
1,3.0,100,0,1,0,0,0,0,0,1,1,1,1,1,0,12,0,1.0,1,1
0,12.0,136,0,0,0,0,0,1,1,1,1,1,0,1,0,7,0,2.0,1,1
1,5.0,91,77,1,2,5,5,1,1,1,1,1,0,1,0,12,0,1.0,1,1
0,2.0,136,0,1,0,1,0,1,0,2,2,1,0,1,0,2,0,2.0,1,1
0,6.0,136,0,0,0,4,5,0,0,0,0,1,0,1,0,2,0,2.0,1,1
1,12.0,80,97,0,5,6,0,1,0,1,0,1,1,1,0,12,0,2.0,1,1
1,12.0,100,0,0,4,5,0,1,0,1,0,1,0,1,0,2,0,1.0,1,1
1,3.0,99,0,2,1,3,5,1,0,1,1,1,0,4,0,6,0,4.0,1,1
1,8.0,98,0,1,4,6,0,2,2,1,1,2,0,1,100,2,0,5.0,1,1
1,48.0,99,0,1,5,6,0,1,1,0,0,0,0,1,0,2,0,4.0,1,1
1,24.0,100,77,2,2,4,4,1,0,2,2,2,0,6,0,2,0,1.0,1,1
1,1.0,100,0,0,0,1,5,0,0,1,1,1,0,1,0,2,0,4.0,1,1
0,5.0,51,0,1,0,1,5,1,0,2,2,2,0,1,300,2,0,1.0,1,1
0,0.0,136,0,1,0,1,0,1,1,2,2,2,0,5,0,12,0,9.0,0,1
1,3.0,85,0,0,0,0,0,1,1,0,0,1,0,1,0,2,0,3.0,1,1
0,2.0,136,0,0,1,0,0,1,1,0,0,1,0,1,0,2,0,3.0,1,1
0,48.0,21,107,2,4,0,0,1,1,2,2,0,0,2,0,3,0,3.0,1,1
1,36.0,100,0,1,1,5,5,1,1,1,0,0,0,1,0,2,0,10.0,1,1
1,5.0,99,0,1,5,0,0,0,1,0,0,0,0,1,0,12,0,5.0,1,1
0,1.0,136,0,2,0,1,1,1,1,1,1,1,0,3,0,2,0,11.0,1,1
1,7.0,119,101,1,1,6,0,0,1,2,2,1,0,1,0,2,0,4.0,1,1
1,4.0,100,0,1,3,6,0,1,0,1,1,1,0,1,15,12,0,3.0,1,1
1,1.0,99,0,1,0,2,5,1,1,1,1,1,0,1,0,12,0,5.0,0,1
0,1.0,136,0,1,0,1,0,1,0,1,1,1,0,1,20,3,0,1.0,1,1
0,4.0,12,107,1,1,4,0,1,0,1,1,1,0,1,0,12,0,5.0,1,1
0,9.0,136,0,1,0,1,0,1,1,0,0,1,0,2,0,4,0,2.0,1,1
0,1.0,136,107,0,0,1,5,1,0,1,1,2,0,2,0,7,0,3.0,0,1
0,1.0,136,0,2,0,1,5,2,2,1,1,1,0,8,0,7,0,3.0,1,1
0,1.0,136,0,1,0,0,0,1,1,1,1,2,0,1,0,2,0,3.0,1,1
0,24.0,61,0,1,3,0,0,0,1,0,0,0,0,1,300,12,0,5.0,1,1
0,3.0,136,0,0,0,1,0,1,0,1,1,1,0,1,0,2,0,5.0,1,1
0,12.0,136,111,0,0,1,0,1,0,2,2,1,0,1,0,2,0,3.0,1,1
1,2.0,100,0,0,4,6,0,0,0,2,0,1,0,1,0,12,0,2.0,1,1
1,1.0,100,0,1,0,5,5,0,0,1,0,1,0,1,0,3,0,2.0,1,1
0,4.0,136,0,1,1,0,0,1,0,0,0,1,0,1,0,12,0,4.0,1,1
1,29.0,117,76,1,0,1,5,1,2,2,2,2,0,1,0,2,0,2.0,1,1
0,2.0,136,0,0,0,1,0,1,0,1,1,1,0,1,0,2,0,1.0,1,1
1,2.0,98,0,0,3,6,0,1,0,1,0,1,0,1,100,2,0,4.0,1,1
1,2.0,100,0,1,0,5,5,0,0,1,1,1,0,1,0,12,0,3.0,1,1
1,3.0,100,77,0,0,6,0,0,0,0,0,1,0,1,30,2,0,4.0,1,1
1,11.0,100,0,0,3,0,0,1,0,0,0,0,0,1,50,12,0,2.0,1,1
0,1.0,136,72,1,0,1,0,2,1,0,0,1,0,1,0,2,0,3.0,1,1
1,60.0,99,77,1,0,3,0,1,1,0,0,0,0,2,0,2,0,2.0,0,1
0,24.0,136,0,2,0,1,5,1,1,0,0,0,0,5,0,2,0,7.0,1,1
0,1.0,136,0,1,4,6,0,1,0,0,0,1,0,1,50,2,0,3.0,0,1
0,2.0,136,107,2,0,1,3,1,0,1,1,1,0,5,150,2,0,24.0,1,1
1,1.0,100,0,2,0,3,5,0,0,1,0,1,0,5,0,5,0,7.0,1,1
1,1.0,100,0,1,0,6,0,1,0,1,0,1,0,1,0,12,0,2.0,1,1
1,2.0,98,0,1,5,6,0,1,2,0,0,1,0,2,0,12,0,5.0,1,1
1,1.0,100,0,2,5,6,0,0,0,1,1,1,0,2,0,7,0,3.0,0,1
0,2.0,136,0,0,1,0,0,1,0,1,1,1,0,1,0,7,0,2.0,1,1
0,1.0,136,0,2,2,4,0,1,0,1,0,1,0,2,0,12,0,1.0,1,1
1,18.0,99,0,1,6,0,0,2,1,2,2,1,1,1,0,7,0,1.0,1,1
1,1.0,117,0,1,6,0,0,1,2,1,1,1,0,1,350,2,0,3.0,0,1
1,2.0,100,0,1,0,0,0,1,0,1,1,1,0,1,0,2,0,4.0,0,1
0,53.0,40,0,1,0,4,0,1,0,0,0,0,1,1,0,2,0,1.0,1,1
1,3.0,93,100,0,1,2,0,0,0,2,2,2,0,1,0,12,0,1.0,0,1
1,6.0,80,78,0,0,1,5,0,1,2,0,1,0,1,0,2,0,1.0,1,1
0,5.0,136,0,0,0,0,0,1,1,0,0,1,0,1,0,12,0,1.0,1,1
1,14.0,129,0,2,0,1,0,1,0,1,1,1,0,5,0,12,0,3.0,0,1
0,2.0,136,51,1,1,0,0,1,1,0,0,1,0,1,0,2,0,4.0,1,1
0,4.0,136,4,1,0,1,1,2,1,0,0,0,0,1,0,2,0,7.0,1,1
1,4.0,112,99,1,4,5,5,1,2,2,2,1,0,1,0,12,0,1.0,1,1
1,12.0,122,78,0,1,4,5,2,0,1,1,1,0,1,0,12,0,5.0,1,1
1,2.0,99,0,2,0,2,5,1,1,1,1,1,0,3,1,12,0,2.0,1,1
1,2.0,100,0,2,0,1,5,1,0,1,1,1,0,2,0,12,0,4.0,1,1
0,1.0,136,0,1,0,1,0,1,0,2,2,1,0,1,0,2,0,5.0,1,1
1,12.0,122,79,1,5,0,0,2,0,2,2,1,0,5,50,2,0,11.0,1,1
0,2.0,136,0,1,1,0,0,1,0,1,1,1,0,1,0,2,0,1.0,1,1
0,24.0,51,0,0,0,1,5,1,0,0,0,1,0,1,300,2,0,1.0,1,1
0,120.0,28,0,1,0,0,0,0,0,0,0,1,1,1,0,2,0,3.0,1,1
0,36.0,57,37,0,0,1,4,0,1,0,0,1,0,1,0,7,0,0.0,1,1
0,2.0,136,107,1,1,3,0,1,1,1,1,1,0,1,0,2,0,1.0,1,1
1,5.0,99,77,1,0,5,5,1,1,1,1,1,0,3,20,2,0,4.0,0,1
0,12.0,136,0,0,1,4,5,1,0,0,0,2,0,1,0,4,0,2.0,1,1
1,1.0,100,0,1,0,5,0,0,0,1,0,1,0,1,0,2,0,2.0,1,1
0,3.0,136,0,1,1,6,0,1,0,0,0,1,0,1,0,2,0,3.0,1,1
0,12.0,136,0,1,0,1,0,1,0,0,0,0,0,1,0,2,0,3.0,1,1
0,78.0,65,44,0,0,6,0,1,1,2,2,2,0,1,0,2,0,2.0,1,1
0,2.0,136,0,0,4,0,0,1,1,2,2,2,0,1,0,0,0,1.0,0,1
1,12.0,129,0,1,5,6,0,2,0,2,0,0,0,6,0,2,0,2.0,1,1
1,3.0,99,78,0,0,5,5,0,1,1,0,1,0,2,0,3,0,2.0,1,1
0,2.0,136,107,1,0,0,0,1,1,1,0,1,0,1,0,2,0,5.0,1,1
0,2.0,136,0,1,4,0,0,1,1,0,0,1,0,1,0,2,0,5.0,1,1
1,3.0,100,77,1,0,3,5,1,0,1,0,1,0,4,0,2,0,5.0,1,1
1,3.0,100,0,1,4,0,0,1,0,0,0,1,0,2,0,2,0,3.0,1,1
0,12.0,136,0,0,1,0,0,1,0,2,2,2,0,1,0,2,0,2.0,0,1
1,2.0,99,0,1,1,6,0,1,1,1,1,1,0,1,0,2,0,5.0,1,1
1,1.0,100,0,1,1,4,5,0,0,1,0,2,0,1,100,2,0,3.0,1,1
1,1.0,100,0,2,0,6,0,1,0,1,1,1,0,4,0,2,0,0.0,1,1
1,2.0,100,0,0,2,0,0,1,1,1,1,1,0,1,0,12,0,4.0,1,1
0,4.0,136,14,1,1,2,5,2,0,1,1,1,0,2,0,2,0,4.0,1,1
1,18.0,100,0,2,3,0,0,2,0,1,1,1,0,5,0,9,0,1.0,1,1
0,2.0,136,0,0,1,2,0,1,1,1,0,1,0,1,50,2,0,5.0,1,1
1,4.0,100,0,1,2,6,0,0,0,0,0,1,0,1,0,2,0,1.0,1,1
0,2.0,136,0,1,0,0,0,1,0,0,0,1,0,1,0,2,0,5.0,1,1
0,135.0,48,0,0,5,6,0,0,0,2,0,2,1,1,0,2,0,0.0,1,1
1,5.0,100,0,0,0,1,5,1,1,1,0,1,0,1,0,2,0,1.0,1,1
0,0.0,136,0,2,0,1,0,1,0,1,1,1,0,8,0,12,0,2.0,0,1
0,5.0,48,46,1,5,6,0,0,0,1,0,1,0,1,0,12,0,3.0,1,1
1,1.0,100,0,2,0,1,4,1,0,1,1,2,0,5,0,12,0,5.0,0,1
1,2.0,99,0,0,0,5,0,1,1,1,1,1,0,4,0,2,0,1.0,1,1
0,2.0,136,107,1,1,0,0,0,0,2,2,2,0,1,0,2,0,2.0,1,1
1,12.0,100,0,2,0,1,4,1,1,1,1,1,0,3,0,12,0,1.0,1,1
1,3.0,100,78,0,1,2,2,1,0,1,0,1,0,1,0,12,0,0.0,0,1
0,10.0,158,107,0,0,1,0,2,1,0,0,0,0,1,0,2,0,6.0,1,1
1,0.0,100,0,2,0,2,2,1,0,1,1,1,0,4,0,2,0,6.0,1,1
1,1.0,122,0,0,4,0,0,1,0,1,1,1,0,2,0,3,0,3.0,1,1
0,108.0,38,0,1,6,0,0,0,2,0,0,0,0,1,200,2,0,3.0,1,1
0,12.0,136,0,1,1,6,0,0,0,0,0,0,0,1,0,12,0,5.0,1,1
1,10.0,119,85,1,4,5,5,2,2,0,0,0,0,1,0,2,0,6.0,1,1
1,12.0,99,0,2,0,0,0,1,1,0,0,1,0,3,0,12,0,6.0,1,1
1,1.0,100,0,1,1,4,0,1,0,1,0,1,0,1,0,2,2,3.0,1,1
1,3.0,100,0,0,3,6,0,0,0,0,0,0,0,1,0,12,0,7.0,1,1
0,1.0,136,0,1,0,6,0,1,0,1,0,1,0,1,0,2,0,3.0,1,1
0,72.0,57,0,0,1,5,5,0,2,0,0,0,0,1,150,12,0,11.0,1,1
0,18.0,136,0,0,1,4,5,1,1,2,2,2,0,1,0,2,0,3.0,1,1
1,36.0,117,0,1,0,1,2,1,2,1,1,0,0,1,200,2,0,2.0,0,1
1,2.0,129,101,2,0,1,3,1,0,1,1,1,0,4,0,2,0,4.0,0,1
1,6.0,129,0,0,5,0,0,1,0,1,0,1,0,1,0,12,0,4.0,1,1
1,6.0,100,0,1,3,0,0,0,0,0,0,0,0,1,200,7,0,6.0,1,1
0,36.0,136,0,2,1,6,0,0,1,0,0,0,0,2,250,12,0,4.0,1,1
1,2.0,99,0,2,3,4,5,1,1,1,0,1,0,6,0,12,0,5.0,0,1
0,2.0,136,0,0,0,6,0,1,0,1,1,1,0,1,0,7,0,1.0,1,1
0,4.0,136,0,1,1,0,0,1,0,0,0,0,0,1,0,4,0,11.0,1,1
1,4.0,100,0,1,1,2,2,0,0,1,0,1,0,1,0,2,0,1.0,1,1
0,1.0,136,0,1,6,0,0,1,1,1,1,1,0,1,0,2,0,1.0,1,1
1,3.0,98,78,2,1,3,5,1,1,1,0,1,0,2,0,12,0,8.0,1,1
0,18.0,136,0,1,0,1,0,2,1,2,2,2,1,1,0,2,0,4.0,1,1
0,2.0,136,0,1,0,0,0,2,0,1,0,1,1,1,0,12,0,2.0,1,1
1,15.0,100,0,0,5,6,0,2,0,0,0,0,0,2,0,2,0,3.0,1,1
1,2.0,99,0,1,5,0,0,0,1,1,1,1,0,1,0,7,0,2.0,1,1
1,1.0,129,0,2,0,5,5,0,0,2,2,2,0,3,0,2,0,3.0,1,1
1,1.0,100,0,1,0,0,0,1,0,2,2,2,0,1,0,12,0,3.0,1,1
0,18.0,57,0,1,5,6,0,0,2,2,2,2,0,1,300,2,0,4.0,1,1
1,2.0,129,0,1,0,1,1,1,0,1,0,1,0,2,0,12,1,5.0,1,1
0,20.0,136,107,1,0,1,0,1,1,0,0,0,0,1,0,2,1,2.0,1,1
0,3.0,136,0,1,1,0,0,1,0,1,1,1,0,1,0,2,0,4.0,1,1
1,48.0,100,0,0,5,6,0,1,0,0,0,0,0,1,0,2,0,1.0,1,1
1,2.0,115,0,1,1,2,4,1,0,1,1,1,0,1,0,12,0,4.0,1,1
1,4.0,99,0,1,0,5,5,1,1,1,1,1,0,1,0,12,0,1.0,1,1
1,2.0,100,0,0,0,6,0,1,1,1,0,1,0,1,0,12,1,5.0,1,1
0,7.0,136,0,1,1,0,0,1,0,0,0,0,0,1,0,2,0,6.0,1,1
1,12.0,134,0,0,0,0,0,1,1,1,1,1,0,1,0,2,0,2.0,1,1
1,3.0,100,0,1,0,3,5,1,0,1,1,1,0,3,0,2,0,6.0,1,1
1,27.0,129,0,0,2,3,5,1,2,0,0,0,0,1,0,12,0,2.0,1,1
0,2.0,136,0,1,1,0,0,1,1,0,0,1,0,1,0,2,0,1.0,1,1
1,3.0,100,0,0,0,2,5,1,0,0,0,1,0,2,200,2,0,5.0,1,1
1,2.0,122,77,0,2,3,0,0,1,1,1,1,0,1,0,2,0,1.0,1,1
1,2.0,129,78,0,2,0,0,2,1,1,0,1,0,1,0,2,0,7.0,1,1
0,2.0,136,107,2,4,6,0,1,0,1,0,0,0,5,0,2,0,5.0,1,1
1,12.0,99,0,1,0,3,5,1,1,0,0,0,0,1,0,2,0,2.0,1,1
0,3.0,136,107,1,0,0,0,1,0,0,0,2,0,2,0,12,0,5.0,1,1
0,2.0,136,0,1,1,0,0,1,2,1,1,1,0,1,0,7,0,1.0,0,1
1,4.0,100,0,0,0,2,5,0,0,1,0,1,0,2,0,0,0,1.0,1,1
0,2.0,136,0,1,0,0,0,1,0,0,0,1,1,1,0,12,0,4.0,1,1
0,2.0,136,107,1,1,0,0,1,0,1,1,1,0,1,0,2,0,3.0,1,1
0,3.0,136,0,2,0,6,0,0,0,2,2,2,0,5,0,2,0,5.0,0,1
0,17.0,40,0,0,6,0,0,1,0,0,0,1,0,1,0,3,0,1.0,1,1
0,6.0,136,119,1,2,0,0,2,2,0,0,0,0,1,350,7,0,8.0,1,1
1,5.0,100,0,0,2,0,0,1,0,1,1,1,0,1,0,2,0,4.0,1,1
1,23.0,98,0,0,5,6,0,2,2,0,0,1,0,1,0,2,0,4.0,1,1
0,3.0,136,0,1,1,4,0,2,1,1,1,1,0,1,0,2,0,1.0,1,1
0,2.0,136,107,1,0,1,5,1,0,2,2,1,0,5,0,2,0,0.0,1,1
0,8.0,136,8,1,0,1,0,1,1,0,0,0,0,1,0,2,0,5.0,1,1
1,3.0,100,101,0,0,5,5,0,0,0,0,1,0,1,0,3,1,4.0,1,1
1,12.0,99,0,0,0,0,0,1,1,1,1,1,0,1,0,2,0,1.0,1,1
1,1.0,99,0,0,1,2,3,1,1,2,2,2,0,1,0,2,0,7.0,1,1
1,5.0,100,0,0,0,6,0,0,0,0,1,2,0,1,0,12,0,4.0,1,1
1,6.0,78,0,0,0,6,0,1,1,1,1,1,0,1,0,2,0,1.0,1,1
0,10.0,136,107,0,0,1,0,2,0,0,0,0,0,1,0,2,0,4.0,1,1
0,1.0,136,107,2,0,1,0,1,0,0,0,1,0,3,0,2,0,5.0,1,1
1,2.0,100,0,0,1,6,0,0,0,1,0,1,0,1,0,7,0,5.0,1,1
0,2.0,136,0,1,1,6,0,1,0,1,0,1,0,1,0,2,0,1.0,1,1
0,2.0,136,0,0,0,1,5,1,0,1,0,1,1,1,0,7,0,2.0,1,1
0,48.0,136,0,1,1,6,0,1,0,0,0,0,0,1,0,2,0,10.0,1,1
0,96.0,57,0,1,1,3,3,0,2,0,0,0,0,1,150,12,0,4.0,1,1
0,24.0,136,0,1,0,0,0,1,1,0,0,1,0,1,0,12,0,2.0,1,1
0,2.0,136,0,0,0,1,0,1,0,1,1,1,0,1,20,3,0,1.0,1,1
0,24.0,136,51,0,1,0,0,1,1,2,0,1,0,1,0,1,0,2.0,1,1
0,4.0,136,0,1,0,0,0,1,0,0,0,1,0,1,0,3,0,7.0,1,1
1,3.0,84,60,0,2,4,5,1,0,1,1,1,0,1,0,2,0,3.0,1,1
0,2.0,136,0,1,1,0,0,1,1,1,1,1,0,1,0,2,0,2.0,1,1
0,2.0,136,0,1,4,6,0,1,1,0,0,1,0,1,80,3,0,1.0,1,1
1,2.0,100,97,1,4,6,0,1,0,1,0,1,0,1,100,2,0,5.0,1,1
1,2.0,100,0,1,2,5,5,0,0,2,2,2,0,1,0,12,0,5.0,0,1
0,12.0,136,0,0,0,1,5,1,1,2,2,2,0,1,0,2,0,6.0,1,1
1,24.0,122,97,1,1,6,0,1,0,1,1,1,0,1,0,3,0,13.0,1,1
1,1.0,99,78,0,1,2,0,1,1,1,1,1,0,1,0,11,0,2.0,1,1
1,4.0,100,0,0,1,0,0,1,0,1,0,0,0,1,0,2,0,2.0,1,1
0,1.0,136,107,2,0,1,2,0,0,1,1,1,0,8,0,12,0,1.0,1,1
0,1.0,136,0,0,6,0,0,1,0,2,2,1,0,1,0,2,0,2.0,1,1
0,4.0,136,14,0,0,1,0,1,0,1,1,1,0,1,0,1,0,2.0,1,1
1,5.0,99,0,0,0,0,0,1,1,2,2,2,0,1,0,2,0,1.0,1,1
0,4.0,136,107,1,0,1,5,1,0,1,1,1,0,1,0,12,0,1.0,1,1
0,1.0,136,0,1,0,1,0,1,1,1,0,1,0,1,0,2,1,13.0,1,1
0,3.0,136,0,1,6,0,0,1,1,1,1,1,0,1,0,2,0,5.0,1,1
1,12.0,100,78,2,1,6,0,1,0,0,0,0,0,7,0,12,0,5.0,1,1
1,1.0,99,99,1,5,0,0,1,1,1,1,2,0,1,0,2,0,1.0,1,1
1,1.0,115,0,1,1,2,5,1,0,0,0,1,0,1,0,2,0,8.0,1,1
1,12.0,79,68,2,0,0,0,1,2,0,0,1,0,2,0,12,0,3.0,1,1
0,12.0,94,72,0,1,0,0,2,1,0,0,0,0,1,0,2,0,1.0,1,1
0,2.0,136,0,2,0,1,0,1,1,1,1,1,0,4,0,2,0,1.0,0,1
0,36.0,136,0,1,0,1,0,1,0,0,0,0,0,5,0,2,0,1.0,1,1
0,4.0,136,0,0,0,1,0,1,1,0,0,0,0,1,0,2,0,4.0,1,1
1,3.0,100,0,0,5,6,0,0,0,1,0,1,0,1,0,12,0,1.0,1,1
1,84.0,88,0,1,5,0,0,1,0,0,0,0,0,1,0,2,2,5.0,1,1
0,2.0,136,0,0,0,0,0,1,1,0,0,1,0,1,0,2,0,2.0,1,1
0,6.0,136,0,1,0,1,1,1,0,0,0,1,0,2,0,12,0,1.0,1,1
0,6.0,136,0,1,1,0,0,1,0,2,0,2,0,1,0,2,0,5.0,1,1
1,1.0,100,0,1,0,6,0,0,0,1,1,1,0,1,0,2,0,4.0,1,1
0,12.0,8,107,2,0,1,0,1,1,2,2,1,0,3,0,2,0,9.0,1,1
1,3.0,129,0,2,1,2,3,1,0,1,1,1,0,3,0,2,0,5.0,1,1
0,2.0,8,56,2,0,6,0,1,2,1,1,1,0,3,0,2,0,5.0,1,1
0,4.0,136,0,0,3,4,0,1,0,1,1,1,1,1,30,2,4,6.0,1,1
1,4.0,100,0,1,1,2,5,1,0,1,1,1,0,1,0,12,0,3.0,1,1
0,3.0,136,0,1,1,6,0,1,1,1,1,1,0,1,0,2,0,2.0,0,1
1,6.0,100,0,0,1,6,0,1,0,0,0,1,0,1,0,5,0,1.0,1,1
0,2.0,136,8,0,0,1,5,1,0,0,0,1,0,1,0,2,0,7.0,1,1
1,2.0,100,0,1,1,4,5,1,0,1,0,1,0,1,20,2,0,3.0,1,1
1,12.0,100,77,2,5,6,0,1,1,0,0,0,0,3,0,12,0,10.0,1,1
1,1.0,100,0,2,0,2,0,0,0,1,0,1,0,5,0,2,0,1.0,1,1
0,1.0,21,107,2,0,1,3,1,0,1,0,1,0,5,0,2,0,5.0,1,1
0,12.0,136,0,0,0,0,0,1,2,0,0,0,0,1,0,2,0,4.0,1,1
1,1.0,129,0,2,0,1,4,0,0,1,1,1,0,2,0,2,0,8.0,1,1
0,2.0,136,0,0,0,1,0,1,0,2,2,1,0,1,0,2,0,1.0,1,1
1,24.0,122,0,1,1,4,0,1,1,1,1,1,0,1,100,2,0,5.0,1,1
1,24.0,100,0,1,5,0,0,1,1,0,0,0,0,1,0,7,0,5.0,1,1
1,8.0,98,0,0,6,0,0,2,2,1,1,2,0,1,100,2,0,3.0,1,1
0,1.0,136,107,0,0,1,0,1,1,1,1,1,0,1,0,2,0,1.0,1,1
1,8.0,100,78,2,0,5,0,0,0,0,0,0,0,4,0,2,4,4.0,1,1
1,3.0,100,63,1,5,6,0,0,0,1,1,1,0,1,0,7,0,2.0,1,1
0,2.0,28,107,1,4,0,0,1,0,1,0,1,0,1,0,2,0,8.0,1,1
1,4.0,99,78,1,0,3,5,1,1,0,0,0,0,1,30,2,0,5.0,1,1
0,2.0,136,107,1,0,1,5,1,0,1,1,1,0,2,0,3,0,4.0,1,1
1,2.0,100,63,1,0,5,5,0,0,1,1,1,0,1,0,7,0,2.0,1,1
0,2.0,136,0,1,0,0,0,0,0,0,0,1,0,1,0,12,0,2.0,1,1
1,5.0,100,0,1,0,1,4,0,0,1,1,1,0,1,0,2,0,4.0,1,1
0,1.0,136,0,2,1,6,0,0,0,1,1,1,0,5,0,2,0,2.0,0,1
1,36.0,100,0,1,0,1,5,0,0,0,0,1,0,2,0,2,0,2.0,1,1
0,2.0,136,0,1,1,6,0,0,0,0,0,1,0,1,0,12,0,2.0,1,1
0,24.0,38,0,0,1,0,0,0,2,0,0,1,0,1,150,2,0,0.0,1,1
0,36.0,65,107,1,0,5,5,0,2,0,0,0,0,1,0,2,0,2.0,1,1
0,9.0,136,0,1,4,0,0,1,0,1,1,0,0,1,0,7,0,9.0,1,1
1,7.0,102,78,0,6,0,0,1,0,0,0,1,0,2,0,2,1,5.0,1,1
0,1.0,136,0,1,0,1,0,1,1,0,0,1,0,1,0,2,0,9.0,1,1
0,7.0,136,0,1,3,6,0,1,0,0,0,0,0,1,100,12,0,10.0,1,1
1,1.0,100,0,0,0,1,0,0,0,1,1,1,0,1,0,2,0,5.0,1,1
0,3.0,136,0,0,1,0,0,1,0,0,0,1,0,1,0,2,0,5.0,1,1
1,2.0,100,0,0,2,0,0,1,1,1,1,1,0,1,0,2,0,1.0,1,1
0,1.0,136,0,1,0,6,0,1,1,1,1,1,0,1,0,2,0,5.0,1,1
1,2.0,129,78,0,0,6,0,1,0,0,0,1,0,1,50,2,0,4.0,1,1
1,2.0,100,0,2,2,5,5,1,0,1,0,1,0,3,0,12,0,2.0,0,1
0,5.0,136,107,0,1,0,0,1,0,1,1,2,0,4,0,2,0,5.0,1,1
1,12.0,100,0,1,1,4,5,1,0,1,1,1,0,1,0,2,0,1.0,1,1
1,1.0,115,0,1,3,6,0,0,0,1,1,1,0,1,0,12,0,3.0,1,1
1,2.0,100,0,2,2,5,0,0,0,1,0,1,0,2,0,12,1,5.0,0,1
0,0.0,65,51,0,4,0,0,1,2,2,2,2,0,1,0,2,0,4.0,1,1
1,2.0,129,0,0,0,6,0,1,0,1,0,1,0,1,0,2,0,2.0,1,0
0,3.0,21,107,1,1,0,0,1,0,2,2,1,0,1,0,2,0,2.0,1,1
0,7.0,136,0,0,0,6,0,0,0,1,1,1,0,1,50,2,1,1.0,1,1
0,2.0,136,0,1,0,1,0,1,1,0,0,1,0,1,50,2,0,2.0,1,1
0,2.0,136,0,1,1,0,0,1,1,0,0,1,0,1,80,3,0,1.0,1,1
0,73.0,44,0,0,0,1,0,2,1,0,0,1,0,1,0,2,0,1.0,1,1
1,1.0,129,0,0,0,6,0,0,1,1,1,1,0,1,0,2,0,5.0,0,1
1,1.0,100,0,1,0,1,1,1,1,1,1,1,0,1,0,2,0,4.0,1,1
0,55.0,51,0,0,0,1,5,1,0,0,0,2,0,1,80,12,0,1.0,1,1
0,3.0,136,0,2,0,1,5,0,0,1,1,1,0,3,0,12,0,5.0,1,1
0,36.0,147,0,1,0,2,5,0,1,0,0,0,0,1,350,3,0,9.0,1,1
1,6.0,100,0,1,0,5,5,1,1,1,1,1,0,1,0,2,0,2.0,1,1
1,5.0,120,104,1,2,5,5,1,0,0,0,1,0,1,0,2,1,6.0,1,1
0,60.0,136,0,1,1,4,0,1,1,2,2,2,0,1,0,0,0,1.0,0,1
0,1.0,136,0,1,1,4,5,1,0,1,0,1,0,1,0,2,0,11.0,1,1
0,30.0,142,107,0,6,0,0,1,0,0,0,0,0,1,200,2,0,2.0,1,1
0,46.0,21,14,1,3,0,0,1,0,0,0,1,0,2,0,2,0,5.0,1,1
0,27.0,136,0,1,1,6,0,1,1,0,0,0,0,1,0,2,0,1.0,1,1
1,18.0,116,97,1,2,5,5,1,0,1,0,0,0,1,0,6,0,3.0,1,1
0,24.0,13,107,1,0,5,5,1,1,2,2,0,0,1,0,2,0,2.0,1,1
0,48.0,136,0,1,1,0,0,1,1,0,0,0,0,1,0,0,0,2.0,1,1
0,2.0,136,0,0,0,1,0,1,0,1,1,1,0,1,0,12,0,4.0,0,1
0,1.0,136,0,1,0,1,5,1,0,1,1,1,0,1,0,12,0,1.0,1,1
0,1.0,136,0,1,6,0,0,0,0,1,0,1,0,2,0,2,0,2.0,0,1
0,15.0,8,0,1,4,0,0,1,1,0,0,1,1,1,300,12,0,1.0,1,1
0,3.0,136,0,2,1,4,0,1,1,1,1,1,0,2,0,2,0,1.0,1,1
0,3.0,136,0,0,6,0,0,1,1,1,0,1,0,1,0,1,0,2.0,1,1
1,3.0,122,0,0,1,0,0,1,0,0,0,1,0,1,0,2,0,5.0,1,1
0,24.0,136,0,0,1,0,0,1,0,2,2,2,0,1,0,12,0,1.0,1,1
0,12.0,136,0,0,0,6,0,1,1,0,0,0,1,1,0,3,0,5.0,1,1
0,3.0,136,0,0,0,0,0,1,0,0,0,1,0,1,0,12,0,6.0,1,1
0,3.0,136,0,1,0,0,0,1,0,1,0,1,0,1,0,2,0,2.0,1,1
0,18.0,136,0,1,1,6,0,0,0,0,0,1,0,1,0,2,0,5.0,1,1
1,3.0,117,92,1,0,5,5,1,2,1,1,1,0,1,0,8,0,3.0,1,1
1,2.0,120,78,1,5,6,0,1,0,1,0,1,0,1,50,2,0,8.0,1,1
0,2.0,136,107,1,1,0,0,1,0,0,0,1,0,1,200,2,0,4.0,1,1
1,2.0,99,77,1,5,0,0,1,1,1,0,1,0,1,0,12,0,3.0,1,1
0,2.0,136,0,0,0,1,5,0,0,0,0,1,0,1,0,2,0,3.0,1,1
0,24.0,136,0,1,2,0,0,1,0,0,0,0,0,1,0,12,0,3.0,1,1
0,2.0,136,0,1,0,1,5,1,1,1,1,1,0,1,0,2,0,2.0,1,1
1,2.0,100,0,1,1,6,0,1,0,1,1,1,0,1,0,2,0,3.0,0,1
0,2.0,136,0,1,1,0,0,1,0,1,0,1,0,1,0,2,0,1.0,1,1
0,2.0,65,0,1,4,0,0,1,1,1,1,1,0,1,0,2,0,3.0,1,1
1,3.0,100,0,2,0,1,5,0,0,1,1,0,0,5,0,12,0,5.0,1,1
0,2.0,136,14,1,0,6,0,1,1,1,1,1,0,1,0,12,0,4.0,0,1
0,1.0,136,0,2,0,1,0,1,0,1,0,1,0,2,0,2,0,4.0,1,1
0,1.0,136,0,1,1,0,0,1,0,1,0,1,0,1,0,2,0,1.0,1,1
0,3.0,136,0,1,0,1,3,1,0,1,1,1,0,4,0,3,0,2.0,1,1
1,1.0,99,0,1,3,0,0,0,1,1,1,1,0,1,0,2,0,1.0,1,1
1,1.0,115,0,0,0,5,0,1,0,1,1,1,0,1,0,12,0,4.0,1,1
0,3.0,136,0,2,0,1,3,1,0,2,2,2,0,2,0,12,0,2.0,0,1
1,12.0,99,101,0,0,0,0,1,1,0,0,0,0,1,0,4,0,5.0,1,1
1,2.0,100,0,1,0,2,0,0,0,0,0,1,0,1,0,12,0,1.0,1,1
0,20.0,136,0,0,1,0,0,1,0,0,0,0,0,1,0,3,0,2.0,1,1
1,5.0,100,0,0,0,6,0,1,1,1,1,1,0,1,0,12,0,5.0,1,1
1,2.0,91,77,1,1,3,5,1,1,0,0,1,0,1,50,2,0,2.0,1,1
0,2.0,65,107,0,4,0,0,1,0,1,0,1,0,1,0,2,0,12.0,1,1
0,1.0,136,0,0,1,0,0,1,0,1,1,1,0,1,20,3,0,1.0,1,1
0,1.0,65,0,1,0,1,3,1,0,1,1,1,0,2,0,2,0,1.0,1,1
1,1.0,99,0,1,1,4,5,1,1,1,1,1,0,1,0,2,0,4.0,1,1
1,4.0,129,0,2,0,2,4,1,1,0,0,0,0,3,0,7,0,3.0,0,1
0,2.0,136,107,1,1,0,0,1,1,0,0,1,0,3,0,2,0,5.0,1,1
1,1.0,99,0,0,0,6,0,2,1,1,1,1,0,1,0,2,0,4.0,1,1
1,4.0,99,0,0,4,0,0,1,0,1,1,2,0,3,0,2,0,2.0,1,1
0,1.0,136,0,1,0,1,5,1,1,1,1,1,0,1,0,3,0,2.0,1,1
1,2.0,100,0,1,6,0,0,1,0,1,1,1,0,1,0,12,0,2.0,1,1
0,24.0,136,107,1,6,0,0,1,0,0,0,0,0,1,0,4,0,5.0,1,1
0,2.0,136,107,0,4,0,0,1,1,0,0,1,0,1,0,2,0,1.0,1,1
0,3.0,136,0,1,4,6,0,1,0,1,1,1,0,1,0,2,1,5.0,1,1
1,5.0,100,0,1,1,2,0,0,0,1,1,1,0,1,0,2,0,3.0,1,1
0,7.0,40,0,1,1,4,0,1,0,0,0,0,0,1,1,12,0,2.0,1,1
1,3.0,100,0,2,0,6,0,1,0,0,0,1,0,3,0,4,0,9.0,1,1
0,1.0,136,0,1,1,6,0,1,1,1,1,1,0,1,0,2,0,3.0,1,1
0,4.0,136,0,1,1,0,0,1,0,0,0,1,0,1,0,2,0,8.0,1,1
0,60.0,136,0,0,0,6,0,2,1,2,2,2,0,2,0,2,0,2.0,1,1
0,1.0,21,107,0,1,0,0,1,0,2,2,1,0,1,0,2,0,1.0,1,1
0,2.0,136,107,2,0,1,4,1,0,1,0,1,0,2,80,7,0,4.0,1,1
0,1.0,136,0,2,0,0,0,1,0,1,0,1,0,6,0,2,0,3.0,1,1
0,2.0,38,37,0,0,1,0,0,1,1,1,1,0,1,350,2,0,2.0,1,1
0,14.0,136,0,1,1,0,0,1,0,1,1,0,0,1,0,2,0,4.0,1,1
0,1.0,136,0,1,0,1,0,1,0,1,0,1,0,1,0,2,1,5.0,1,1
1,3.0,98,97,2,0,3,5,0,2,1,1,1,0,3,200,2,0,1.0,1,1
1,5.0,100,0,2,0,6,0,0,0,0,0,0,0,6,0,2,0,5.0,1,1
1,28.0,109,0,2,3,5,5,3,2,0,0,1,0,2,350,8,0,11.0,1,1
0,12.0,136,107,1,0,4,5,2,0,0,0,0,0,1,0,2,0,1.0,1,1
0,2.0,136,0,1,1,0,0,2,0,1,0,1,0,1,0,3,0,1.0,0,1
1,2.0,100,0,1,0,1,4,1,0,1,0,1,0,1,50,2,1,7.0,1,1
1,12.0,100,0,0,1,5,5,1,0,0,0,0,0,1,0,12,0,3.0,1,1
1,3.0,98,77,1,0,1,1,0,1,1,0,1,0,1,0,2,0,2.0,1,1
0,1.0,136,0,2,0,1,3,2,1,1,1,1,0,6,30,12,0,4.0,1,1
1,24.0,98,77,0,0,1,1,2,2,2,0,1,0,1,50,2,0,4.0,1,1
1,4.0,100,0,1,0,6,0,0,0,1,0,1,0,1,0,3,0,3.0,1,1
0,36.0,5,107,1,0,1,0,2,1,2,2,2,0,1,0,2,1,6.0,1,1
1,36.0,98,0,0,0,5,0,2,2,1,1,0,0,1,0,2,0,8.0,1,1
0,9.0,136,0,1,4,0,0,1,0,0,0,0,0,1,0,4,0,4.0,1,1
1,24.0,100,0,1,0,6,0,1,0,0,0,0,0,1,0,2,0,1.0,1,1
0,2.0,136,0,1,0,6,0,1,0,1,0,1,0,1,100,2,0,2.0,1,1
1,3.0,100,0,1,0,2,5,0,0,1,1,2,1,1,0,2,0,0.0,1,1
0,2.0,136,107,2,1,6,0,1,0,1,1,1,0,9,0,3,0,3.0,1,1
0,1.0,136,0,0,3,4,0,1,1,1,0,1,1,1,0,5,2,7.0,1,1
0,22.0,8,0,1,1,6,0,1,0,0,0,1,0,1,0,2,0,2.0,1,1
1,3.0,100,0,1,0,6,0,0,0,0,0,1,0,1,0,6,0,6.0,1,1
1,12.0,79,59,0,0,5,5,1,1,2,2,2,0,1,0,12,0,1.0,0,1
0,24.0,38,0,0,1,0,0,0,1,2,2,1,0,1,0,12,0,1.0,1,1
1,17.0,99,0,1,0,3,5,1,1,0,0,1,0,1,70,2,0,1.0,1,1
0,12.0,136,0,1,0,1,5,1,0,2,2,0,0,1,0,2,0,2.0,1,1
0,1.0,21,107,0,0,6,0,1,0,1,1,1,0,1,0,1,0,2.0,1,1
1,2.0,80,0,2,1,5,0,1,1,1,1,1,0,2,40,12,0,3.0,1,1
1,24.0,100,0,0,3,0,0,1,0,1,1,1,1,1,0,12,0,2.0,1,1
1,11.0,100,78,0,0,0,0,2,0,0,0,0,0,1,0,12,0,3.0,1,1
0,10.0,44,0,1,0,0,0,2,0,0,0,1,0,1,0,12,0,2.0,1,1
0,36.0,136,0,1,0,6,0,2,0,0,0,0,0,1,0,2,0,2.0,1,1
0,2.0,136,0,1,1,4,5,1,0,1,1,1,0,1,0,2,0,3.0,1,1
1,24.0,100,78,1,5,0,0,1,0,0,0,0,0,1,0,2,0,3.0,1,1
0,3.0,52,0,0,4,6,0,2,0,1,0,0,0,1,200,12,0,10.0,1,1
1,10.0,99,0,0,2,0,0,1,1,0,0,1,0,2,0,12,0,6.0,1,1
1,1.0,129,101,1,0,1,5,1,0,1,1,1,0,1,0,2,0,3.0,0,1
1,5.0,117,76,2,0,1,4,1,2,1,1,1,0,2,100,12,0,3.0,1,1
0,9.0,136,107,0,1,4,0,1,0,1,0,1,0,1,0,2,0,2.0,1,1
0,12.0,136,0,0,4,6,0,1,1,0,0,2,0,1,0,2,0,2.0,1,1
1,2.0,100,0,2,0,6,0,0,0,1,1,1,0,3,0,7,0,0.0,1,1
1,48.0,115,0,1,0,1,5,1,1,0,0,0,0,1,0,12,0,0.0,0,1
0,8.0,151,0,1,2,0,0,1,1,0,0,1,0,1,0,2,0,3.0,1,1
0,4.0,136,0,0,1,6,0,1,0,1,0,2,0,1,0,12,0,1.0,0,1
0,1.0,136,0,2,0,4,5,1,0,1,1,1,0,4,10,2,0,4.0,0,1
0,2.0,136,0,0,0,1,0,1,1,1,0,1,0,1,5,2,0,2.0,1,1
0,78.0,51,0,0,1,4,5,1,1,1,0,1,0,1,0,12,0,0.0,1,1
0,2.0,136,0,0,0,6,0,1,1,0,0,1,0,1,0,2,0,2.0,1,1
0,4.0,136,0,0,4,6,0,1,0,1,1,1,0,2,0,2,1,5.0,1,1
1,2.0,100,78,1,0,5,5,1,0,1,0,1,0,1,0,12,0,7.0,1,1
0,12.0,5,107,0,1,0,0,1,1,2,2,1,0,1,0,2,0,1.0,1,1
0,2.0,136,0,0,1,4,0,1,1,0,0,1,0,1,0,2,0,4.0,1,1
1,12.0,100,0,1,0,1,0,0,0,2,2,2,0,1,0,3,0,1.0,1,1
1,24.0,121,0,1,4,5,0,0,0,0,0,0,0,2,300,12,0,1.0,0,1
0,3.0,136,0,2,0,1,0,0,0,1,1,1,0,14,0,12,0,0.0,1,1
0,3.0,21,107,1,1,0,0,1,0,0,0,1,0,1,0,2,0,2.0,1,1
1,8.0,119,77,1,2,6,0,1,1,1,0,1,0,1,250,12,0,2.0,1,1
1,2.0,99,0,0,6,0,0,0,1,2,2,1,0,1,0,2,0,4.0,1,1
1,3.0,99,0,2,0,5,0,1,1,1,1,1,0,3,0,2,0,1.0,1,1
0,2.0,136,0,1,1,0,0,0,0,1,1,1,0,1,0,12,0,1.0,1,1
0,1.0,136,0,1,1,6,0,1,0,0,0,1,0,1,0,2,0,8.0,1,1
1,2.0,100,0,2,3,4,5,0,0,0,0,1,0,4,0,12,0,1.0,1,1
1,12.0,122,0,1,0,1,1,0,1,1,0,0,0,1,150,12,0,19.0,1,1
0,1.0,136,0,0,0,0,0,0,0,1,0,1,0,1,0,12,0,3.0,1,1
0,2.0,136,51,0,0,1,0,1,1,1,1,1,0,1,0,2,0,3.0,1,1
1,4.0,100,0,1,0,3,4,1,0,0,0,1,0,1,0,2,2,9.0,1,1
0,2.0,136,107,1,2,0,0,1,0,0,0,1,0,2,150,12,0,5.0,1,1
0,1.0,136,107,0,0,1,5,0,0,1,1,1,0,3,0,2,0,5.0,0,1
1,10.0,100,78,1,6,0,0,1,1,0,0,0,0,2,0,2,0,1.0,1,1
1,4.0,100,0,1,5,0,0,1,1,0,0,1,0,1,0,12,0,4.0,1,1
1,12.0,98,76,0,0,0,0,1,2,1,1,2,0,1,300,2,0,3.0,1,1
1,1.0,91,69,2,0,1,5,0,1,1,1,1,0,5,0,12,0,20.0,1,1
0,12.0,136,0,0,0,1,0,1,0,2,2,2,0,1,0,4,0,5.0,1,1
1,2.0,100,78,2,0,5,5,1,0,1,1,1,0,4,0,2,0,8.0,0,1
0,3.0,136,0,1,0,1,0,1,0,1,1,1,0,1,0,12,0,3.0,0,1
0,2.0,136,51,0,1,0,0,1,1,0,0,1,0,1,0,2,0,5.0,1,1
0,2.0,136,0,0,0,0,0,1,0,2,2,2,0,1,0,12,0,3.0,0,1
1,12.0,100,0,1,0,0,0,1,0,0,0,0,0,3,50,8,0,3.0,1,1
1,3.0,99,76,2,0,1,5,2,1,0,0,1,0,6,0,3,0,2.0,1,1
1,1.0,100,0,2,3,4,5,0,0,1,1,2,0,3,0,2,0,22.0,1,1
1,0.0,99,0,2,0,4,4,0,1,2,2,2,0,5,0,2,0,3.0,0,1
1,8.0,100,0,0,2,3,0,1,0,0,0,0,0,1,0,12,0,3.0,1,1
1,3.0,100,0,1,0,0,0,0,0,1,1,1,0,1,0,2,0,2.0,1,1
1,2.0,100,0,1,0,5,0,0,0,0,0,1,0,1,0,12,0,5.0,1,1
1,3.0,99,0,0,5,0,0,0,1,1,1,1,0,1,0,12,0,1.0,1,1
0,6.0,136,0,1,0,1,3,1,0,1,1,1,0,1,0,2,0,1.0,0,1
0,2.0,136,0,1,0,1,5,1,0,1,0,1,0,1,0,2,3,5.0,1,1
0,4.0,136,0,1,1,0,0,1,1,0,0,1,0,1,50,2,0,2.0,1,1
1,3.0,98,67,0,4,5,0,1,1,0,0,1,0,1,200,2,0,0.0,1,1
1,8.0,122,62,0,1,6,0,2,0,1,1,1,0,1,0,12,0,4.0,1,1
0,2.0,136,0,1,0,1,5,1,0,1,1,1,0,4,0,2,0,4.0,0,1
1,2.0,98,0,2,0,2,5,0,2,1,1,1,0,5,0,2,0,8.0,1,1
0,24.0,136,0,1,0,1,1,1,1,0,0,0,0,1,0,2,0,2.0,1,1
0,7.0,136,13,0,0,4,0,1,1,0,0,0,0,1,0,4,0,6.0,1,1
1,3.0,100,0,0,6,0,0,0,0,1,1,1,0,1,0,12,0,2.0,0,1
1,12.0,85,0,1,0,2,5,0,0,2,2,1,0,2,0,12,0,3.0,1,1
0,12.0,136,0,1,6,0,0,1,0,0,1,0,0,4,0,2,0,14.0,1,1
0,1.0,136,0,0,4,0,0,1,1,2,2,1,0,1,0,2,0,3.0,1,1
1,3.0,117,78,1,0,2,5,1,1,1,1,1,0,1,50,2,0,5.0,1,1
1,24.0,100,78,1,5,6,0,2,0,0,0,0,0,1,0,2,0,9.0,1,1
0,12.0,136,0,1,4,0,0,1,0,0,0,0,0,1,0,12,0,5.0,1,1
1,3.0,100,0,0,0,4,4,0,0,1,1,1,0,1,0,2,0,5.0,1,1
1,15.0,100,0,1,0,1,0,1,0,1,1,1,0,1,0,7,0,2.0,1,1
0,4.0,136,0,1,1,0,0,1,0,1,0,1,0,1,0,2,0,5.0,1,1
1,0.0,100,78,0,2,0,0,1,0,1,1,1,0,1,0,2,0,2.0,0,1
1,9.0,100,67,0,5,0,0,1,0,1,1,1,0,1,20,12,0,2.0,1,1
0,1.0,136,40,2,0,1,5,2,1,1,1,1,0,3,0,2,0,3.0,1,1
0,6.0,136,0,1,0,1,1,0,1,2,2,2,0,1,0,12,1,5.0,1,1
1,2.0,100,0,2,0,6,0,0,0,2,2,2,0,2,0,2,0,5.0,1,1
0,1.0,136,0,0,0,3,0,1,0,1,0,1,0,1,0,2,0,4.0,1,1
0,2.0,136,107,1,1,0,0,0,0,0,0,1,0,1,0,12,0,1.0,1,1
1,1.0,129,0,1,0,1,1,1,0,1,0,1,0,1,0,2,0,7.0,1,1
1,1.0,100,0,0,1,5,5,1,0,1,1,1,0,2,0,5,1,4.0,1,1
1,4.0,100,0,1,5,0,0,1,0,1,1,1,0,1,50,2,0,6.0,1,1
0,1.0,136,0,1,0,1,0,1,1,1,1,1,0,1,0,3,0,1.0,1,1
1,3.0,99,0,0,2,0,0,1,1,1,1,1,0,1,0,12,0,3.0,1,1
0,3.0,136,0,1,1,6,0,1,0,1,1,1,0,1,0,2,0,13.0,1,1
0,3.0,94,107,0,0,1,0,1,0,2,2,1,0,1,0,2,0,3.0,1,1
1,3.0,100,0,1,0,6,0,0,0,1,1,1,0,1,0,12,0,15.0,1,1
0,11.0,136,0,0,1,6,0,1,0,0,2,1,0,1,0,2,0,2.0,1,1
1,1.0,98,0,2,0,4,5,0,2,1,1,1,0,5,0,2,0,5.0,1,1
0,4.0,136,107,1,1,0,0,1,0,0,0,0,0,1,0,2,0,3.0,1,1
0,25.0,136,107,1,0,1,0,1,0,1,1,1,0,1,0,12,0,1.0,1,1
1,12.0,100,0,1,1,5,5,0,0,1,1,1,0,3,0,2,0,5.0,1,1
0,36.0,136,0,1,1,4,0,2,0,1,1,0,0,1,0,2,0,2.0,1,1
1,3.0,100,106,0,0,6,0,1,0,0,0,1,0,2,0,2,0,2.0,1,1
1,1.0,100,0,1,2,0,0,1,0,1,0,1,0,2,0,2,0,2.0,0,1
0,12.0,160,0,1,1,2,0,0,1,0,0,0,0,1,0,12,0,4.0,1,1
1,3.0,100,0,0,1,0,0,0,0,1,0,1,0,1,0,3,0,2.0,1,1
1,2.0,100,0,0,0,0,0,0,0,1,0,1,0,1,0,12,0,2.0,1,1
0,2.0,136,107,0,1,6,0,1,1,1,0,1,0,1,0,2,0,3.0,1,1
0,2.0,136,107,2,0,1,3,1,0,0,0,2,0,4,0,3,0,1.0,1,1
1,24.0,114,90,2,0,4,5,1,1,1,1,2,0,20,100,2,0,1.0,1,1
1,2.0,129,0,2,0,5,0,1,0,0,0,1,0,2,0,2,0,4.0,1,1
0,1.0,136,107,0,1,0,0,1,1,0,0,1,0,1,0,2,0,2.0,1,1
1,2.0,100,0,1,0,6,0,1,0,0,0,1,0,1,0,12,0,7.0,1,1
1,4.0,100,0,1,2,3,5,1,0,1,1,1,0,1,0,12,0,3.0,1,1
0,3.0,35,121,1,6,0,0,1,0,1,1,1,0,1,0,12,1,4.0,1,1
1,30.0,99,0,0,6,0,0,2,1,0,0,0,0,1,0,2,0,12.0,1,1
0,2.0,136,0,2,1,0,0,0,0,0,0,1,0,2,0,4,0,10.0,1,1
0,122.0,57,0,0,1,6,0,0,0,0,0,1,0,1,0,2,0,2.0,1,1
1,10.0,99,76,1,0,1,2,2,1,1,1,1,0,1,0,12,0,1.0,1,1
0,2.0,136,0,1,1,2,2,1,0,1,1,1,0,1,0,2,0,6.0,1,1
0,48.0,24,0,1,4,6,0,0,2,0,0,2,0,1,299,2,0,2.0,1,1
1,1.0,100,0,1,0,6,0,0,0,1,1,1,0,1,0,12,0,2.0,1,1
1,2.0,100,0,0,2,4,0,1,0,0,0,1,0,1,50,2,0,5.0,1,1
1,2.0,100,0,1,5,0,0,0,0,1,1,1,0,1,0,2,0,3.0,1,1
0,2.0,136,0,2,0,1,5,1,0,1,0,1,0,5,0,2,0,5.0,1,1
1,36.0,117,0,1,1,0,0,1,2,1,1,1,0,1,100,2,0,1.0,1,1
0,1.0,136,0,1,0,1,0,1,1,0,0,1,0,1,0,2,0,3.0,1,1
1,6.0,100,0,0,0,0,0,1,0,2,2,2,0,1,0,12,0,4.0,1,1
1,10.0,98,0,1,1,6,0,0,2,0,0,0,0,1,0,2,0,3.0,1,1
1,2.0,100,0,0,0,0,0,0,0,2,2,2,0,1,0,2,0,2.0,1,1
0,9.0,21,0,1,0,0,0,1,1,2,2,2,0,1,0,2,0,3.0,1,1
1,4.0,102,0,2,3,6,0,0,0,1,1,1,0,4,0,3,0,4.0,1,1
1,2.0,100,0,0,0,0,0,0,0,1,0,1,1,1,0,7,0,2.0,1,1
1,12.0,99,0,1,6,0,0,1,1,1,2,2,0,1,0,0,0,1.0,1,1
1,2.0,100,92,0,2,3,5,0,1,1,1,1,0,1,0,2,0,3.0,1,1
0,2.0,8,107,1,0,1,3,1,1,0,0,1,0,4,0,12,0,15.0,1,1
0,1.0,136,0,1,4,0,0,1,1,1,0,1,0,1,0,2,0,4.0,1,1
0,2.0,136,0,1,0,1,5,1,0,1,1,2,0,4,30,5,0,5.0,1,1
0,4.0,136,0,1,1,0,0,1,1,1,0,1,0,1,0,7,0,3.0,1,1
0,1.0,136,0,1,0,6,0,1,0,1,1,1,0,1,0,2,0,2.0,1,1
0,36.0,65,0,1,0,4,0,1,0,0,0,1,0,1,0,2,0,1.0,1,1
0,1.0,136,107,1,0,1,5,1,1,0,0,1,0,1,0,4,0,5.0,1,1
0,4.0,44,107,1,0,4,0,1,0,1,1,1,0,3,0,2,0,2.0,1,1
1,3.0,99,80,2,0,1,3,0,1,1,1,1,0,2,0,2,0,5.0,1,1
1,3.0,99,0,1,0,1,5,0,1,1,0,1,0,1,50,2,0,5.0,1,1
1,3.0,99,0,0,6,0,0,0,1,1,0,1,0,1,0,2,6,28.0,1,1
0,3.0,136,0,0,1,0,0,1,0,1,1,1,0,1,0,12,0,2.0,1,1
1,2.0,100,0,1,1,2,2,1,0,1,1,1,0,1,0,2,0,5.0,1,1
1,1.0,129,78,1,1,2,3,1,0,1,0,1,0,1,50,2,0,7.0,1,1
1,2.0,129,0,0,0,1,0,0,1,1,1,1,0,1,0,2,0,4.0,1,1
0,2.0,136,0,1,4,0,0,1,0,0,0,1,0,1,0,2,0,2.0,1,1
1,2.0,100,0,0,5,0,0,1,0,1,0,1,0,2,0,12,0,2.0,1,1
0,2.0,136,0,1,0,1,0,1,0,2,2,1,0,1,0,2,0,1.0,1,1
1,24.0,116,97,2,0,5,5,0,1,1,0,1,0,4,0,2,0,3.0,1,1
1,2.0,122,0,2,1,4,0,0,1,1,1,1,0,4,0,7,0,4.0,1,1
1,11.0,100,0,1,2,5,5,1,0,0,0,0,0,1,0,2,0,1.0,1,1
0,5.0,136,0,1,0,1,0,1,0,2,2,2,0,1,0,2,0,1.0,1,1
0,48.0,51,0,0,0,1,5,1,1,0,0,0,0,1,350,12,0,0.0,1,1
0,80.0,51,0,0,0,1,5,1,0,0,0,0,0,1,200,2,0,3.0,1,1
0,14.0,62,41,0,0,2,5,1,1,0,0,0,0,1,0,2,0,4.0,1,1
1,18.0,99,97,0,6,0,0,1,1,0,0,0,0,1,0,2,1,10.0,1,1
0,2.0,136,0,2,0,2,3,1,1,0,1,2,0,8,10,2,0,7.0,0,1
1,3.0,122,85,1,0,1,0,0,2,1,1,1,0,1,0,7,0,4.0,1,1
1,2.0,129,78,2,2,4,0,1,0,1,1,1,0,2,0,2,0,7.0,1,1
0,1.0,136,0,2,0,1,3,1,1,1,1,1,0,5,0,2,0,11.0,1,1
0,4.0,136,0,1,1,6,0,1,0,0,0,1,0,1,0,2,0,5.0,1,1
1,48.0,80,0,0,1,4,0,0,0,0,0,0,0,1,0,2,0,2.0,1,1
0,36.0,51,0,0,0,1,5,1,1,2,2,1,0,1,0,2,0,1.0,1,1
1,2.0,100,0,1,5,6,0,0,0,2,2,2,0,1,0,2,0,5.0,1,1
0,6.0,136,0,1,1,0,0,1,0,1,1,1,0,1,0,12,0,0.0,1,1
1,1.0,100,0,0,1,6,0,0,1,1,1,1,0,1,0,12,0,2.0,1,1
0,0.0,136,0,0,0,0,0,1,0,0,0,0,0,1,0,4,0,6.0,1,1
0,3.0,136,0,0,1,0,0,1,1,2,0,2,0,1,0,12,0,7.0,1,1
0,2.0,136,0,1,0,0,0,1,0,1,1,1,0,1,0,2,0,2.0,1,1
0,1.0,136,0,0,1,0,0,0,1,1,1,0,0,1,0,12,0,2.0,1,1
0,0.0,136,0,1,1,0,0,1,0,1,1,0,0,1,0,2,0,5.0,1,1
0,7.0,70,107,1,1,6,0,1,1,2,2,2,0,1,0,2,0,1.0,1,1
1,12.0,98,76,1,5,6,0,1,2,1,1,0,0,1,100,2,0,2.0,1,1
0,7.0,58,0,1,5,6,0,2,1,0,0,1,0,1,350,6,0,5.0,1,1
0,120.0,136,0,0,0,1,5,2,2,2,2,2,1,1,0,2,0,4.0,1,1
1,3.0,98,0,1,1,5,5,1,2,1,0,1,0,1,0,2,0,5.0,1,1
0,2.0,136,0,1,1,6,0,1,1,0,0,2,0,1,0,0,0,1.0,1,1
0,2.0,66,107,1,0,1,0,1,0,1,1,1,0,1,0,12,0,4.0,1,1
0,2.0,136,0,0,0,1,3,1,0,0,0,1,0,1,0,2,1,14.0,1,1
0,5.0,136,0,1,4,0,0,0,0,1,1,2,0,3,0,12,0,3.0,0,1
0,18.0,136,0,1,0,6,0,1,0,0,0,0,0,1,0,12,0,8.0,1,1
1,2.0,100,0,0,2,6,0,1,0,1,0,1,1,2,0,12,0,6.0,1,1
0,1.0,136,107,1,0,0,0,1,0,1,1,1,0,5,0,2,0,1.0,1,1
0,4.0,136,0,0,3,0,0,1,1,2,0,1,0,1,0,2,0,8.0,1,1
1,2.0,100,0,1,0,6,0,0,0,1,0,1,0,1,0,3,0,3.0,1,1
0,1.0,5,18,0,5,0,0,1,1,1,0,1,0,1,0,12,0,6.0,1,1
1,3.0,129,0,2,1,2,5,1,1,1,0,1,0,2,60,2,0,4.0,1,1
0,36.0,48,0,1,5,0,0,0,2,2,0,2,0,1,0,2,0,0.0,1,1
1,30.0,109,77,1,2,6,0,1,1,0,0,0,0,1,0,2,0,4.0,1,1
1,24.0,100,0,1,0,6,0,1,0,1,0,1,0,4,0,1,0,4.0,1,1
1,8.0,100,93,1,4,6,0,0,1,1,1,1,0,2,0,12,0,2.0,1,1
1,7.0,100,0,1,0,5,5,1,0,0,0,0,0,1,0,2,0,6.0,1,1
0,1.0,136,0,1,1,6,0,1,0,1,2,1,0,1,0,12,0,10.0,1,1
1,2.0,100,0,1,0,1,5,0,0,0,0,1,0,1,0,2,0,4.0,1,1
0,36.0,136,0,1,1,3,0,0,1,2,2,2,0,1,10,5,0,5.0,1,1
0,3.0,136,0,1,0,4,5,1,0,0,0,2,0,1,100,3,0,1.0,1,1
0,2.0,136,107,1,0,1,0,1,0,1,0,1,0,4,0,3,0,3.0,1,1
1,4.0,125,0,1,0,3,3,1,0,1,1,1,1,1,0,2,0,3.0,1,1
0,11.0,136,0,0,0,6,0,1,0,0,0,0,0,1,0,12,0,15.0,1,1
1,1.0,100,0,1,0,1,5,0,0,1,1,1,0,1,10,2,0,4.0,1,1
0,2.0,136,0,0,1,6,0,1,0,1,1,1,0,1,0,12,0,2.0,1,1
0,1.0,136,107,1,0,1,1,0,0,1,1,1,0,1,0,2,0,3.0,1,1
0,3.0,136,72,1,0,1,0,1,0,0,0,1,0,1,0,2,0,8.0,1,1
0,1.0,136,0,1,0,1,5,0,1,1,1,1,0,1,0,2,0,4.0,1,1
0,36.0,136,0,1,0,1,0,2,0,1,1,1,0,1,0,12,0,3.0,1,1
1,2.0,100,69,2,0,3,5,0,0,1,1,1,1,4,100,7,0,6.0,1,1
0,36.0,136,0,1,0,6,0,1,0,1,1,1,0,1,20,3,0,1.0,1,1
1,7.0,87,68,0,0,1,0,1,0,0,0,1,0,4,0,3,0,2.0,1,1
0,3.0,13,51,1,0,1,5,1,1,1,0,0,0,1,150,12,0,3.0,1,1
0,1.0,9,0,1,1,0,0,1,1,1,1,1,0,1,0,12,0,4.0,1,1
0,4.0,136,0,1,1,0,0,2,1,2,2,1,0,1,0,2,0,2.0,1,1
0,3.0,136,0,2,1,6,0,1,0,2,2,1,0,2,0,2,0,2.0,1,1
1,1.0,117,76,0,2,4,0,1,2,1,0,1,0,1,100,2,0,4.0,1,1
0,3.0,136,0,1,0,0,0,1,1,0,0,1,0,1,0,2,0,1.0,1,1
0,1.0,136,0,2,0,6,0,1,0,2,2,2,0,2,0,2,0,2.0,0,1
1,24.0,99,0,1,0,3,5,1,1,0,0,0,0,1,0,12,0,1.0,1,1
1,12.0,100,0,1,0,1,5,1,0,0,0,0,2,1,0,7,0,10.0,1,1
1,2.0,100,0,1,1,2,4,1,0,1,0,1,0,1,0,5,1,5.0,1,1
1,3.0,100,0,0,4,0,0,0,0,1,1,1,0,1,0,1,0,2.0,1,1
1,65.0,99,78,2,2,3,5,1,1,2,2,2,0,20,50,2,0,4.0,1,1
1,6.0,99,0,0,0,1,4,1,1,1,0,0,1,1,100,6,0,5.0,1,1
0,1.0,136,0,2,0,1,3,1,0,1,1,1,0,2,0,2,0,14.0,1,1
1,4.0,100,0,0,0,6,0,1,0,1,1,1,0,1,30,2,0,2.0,1,1
0,3.0,136,0,1,1,4,5,1,1,1,0,1,0,1,0,4,0,1.0,0,1
0,3.0,8,107,1,1,0,0,1,1,1,1,1,0,1,0,12,0,2.0,0,1
1,3.0,100,0,1,3,6,0,1,0,1,0,1,0,1,0,2,0,3.0,1,1
1,3.0,99,0,1,6,0,0,0,1,1,0,1,0,1,50,12,0,4.0,1,1
0,18.0,136,0,0,0,1,0,1,0,0,0,0,0,1,300,2,0,1.0,1,1
0,29.0,8,0,0,1,2,3,2,2,2,2,1,0,1,350,2,0,3.0,1,1
1,2.0,99,0,2,2,3,0,0,1,1,1,1,0,3,0,2,1,5.0,1,1
0,1.0,136,107,0,2,0,0,1,1,0,0,1,0,1,0,2,0,1.0,1,1
1,1.0,100,0,0,0,1,3,1,0,1,1,1,0,1,0,2,0,1.0,1,1
0,1.0,136,0,1,0,1,3,1,0,1,1,1,0,2,0,3,0,2.0,0,1
1,12.0,117,0,2,0,6,0,1,1,0,0,1,0,3,0,12,1,9.0,1,1
1,5.0,129,76,1,3,0,0,2,2,1,0,1,0,1,0,2,0,1.0,1,1
1,3.0,99,0,1,1,3,5,1,1,1,1,1,0,2,0,12,0,2.0,1,1
0,24.0,21,107,1,2,4,0,1,0,0,0,0,0,1,0,2,0,1.0,1,1
1,7.0,98,78,0,5,6,0,1,1,2,0,1,0,1,0,2,0,12.0,1,1
1,1.0,129,78,2,0,1,5,0,1,1,0,1,0,3,0,2,0,3.0,1,1
1,1.0,100,0,0,0,6,0,1,0,1,0,1,0,1,0,12,0,4.0,1,1
0,3.0,136,0,0,1,0,0,1,0,0,0,2,0,1,0,12,0,7.0,1,1
0,12.0,136,107,2,1,6,0,1,0,0,0,2,0,2,0,12,0,1.0,1,1
0,2.0,75,107,1,0,1,0,1,0,2,2,1,0,1,0,2,0,4.0,1,1
1,3.0,100,0,1,0,6,0,1,1,1,1,1,0,1,0,2,1,4.0,1,1
0,12.0,136,0,0,1,6,0,2,0,0,0,0,0,1,0,2,0,2.0,1,1
0,1.0,136,107,2,0,1,1,1,1,1,1,1,0,9,0,5,0,3.0,0,1
1,3.0,100,0,1,4,5,5,0,0,1,0,1,0,1,0,2,0,5.0,1,1
1,10.0,99,0,0,3,0,0,2,1,2,2,2,0,1,0,2,0,8.0,1,1
0,2.0,136,0,1,0,0,0,1,0,1,1,1,0,1,20,3,0,1.0,1,1
1,2.0,84,78,2,5,0,0,1,0,1,0,1,0,3,20,2,0,13.0,1,1
1,1.0,100,0,1,0,1,4,1,0,1,0,1,0,1,0,12,0,1.0,1,1
0,2.0,136,0,1,0,1,0,1,1,0,0,1,0,1,50,2,0,3.0,1,1
0,4.0,136,56,1,1,0,0,2,1,0,0,1,0,1,0,2,0,4.0,1,1
0,24.0,136,0,1,4,0,0,1,1,0,0,0,0,1,0,2,0,2.0,1,1
1,12.0,100,0,1,5,0,0,1,0,0,0,0,0,1,0,2,0,5.0,1,1
1,12.0,122,78,0,6,0,0,2,0,2,2,1,0,1,0,2,0,4.0,1,1
0,2.0,136,0,0,0,0,0,1,0,0,0,2,0,1,0,12,0,2.0,1,1
0,6.0,136,0,1,1,6,0,1,0,0,0,0,2,1,0,12,0,6.0,1,1
1,8.0,117,0,0,2,3,0,2,1,0,0,0,0,1,0,2,0,3.0,1,1
1,14.0,98,0,1,0,2,5,1,2,2,0,1,0,1,100,2,0,4.0,1,1
0,48.0,136,107,0,1,2,2,1,1,1,2,1,0,1,0,12,0,1.0,1,1
1,36.0,100,0,1,1,4,5,0,0,0,0,0,0,1,80,12,0,2.0,1,1
0,36.0,148,46,0,0,2,5,0,1,0,0,0,0,1,0,2,0,1.0,1,1
1,5.0,92,0,2,5,0,0,1,1,1,2,2,0,5,0,2,0,0.0,1,1
1,1.0,100,0,0,0,3,5,1,0,1,1,1,0,1,0,12,0,4.0,1,1
0,7.0,136,0,1,0,1,5,0,0,0,1,0,0,4,0,2,0,21.0,1,1
0,2.0,5,107,0,0,1,0,1,0,2,2,1,0,1,0,2,0,4.0,1,1
0,60.0,136,107,0,0,1,5,1,1,0,0,1,0,1,0,7,0,2.0,1,1
1,6.0,122,78,2,0,1,3,1,0,0,0,2,0,3,150,12,0,4.0,1,1
0,5.0,1,0,1,0,3,5,1,0,1,1,1,0,2,0,2,0,2.0,1,1
0,3.0,136,0,1,2,0,0,1,0,0,0,0,0,1,0,12,0,17.0,1,1
1,3.0,100,101,1,1,5,0,1,0,1,1,1,0,1,0,2,0,3.0,1,1
0,2.0,136,0,0,0,6,0,2,1,0,0,1,0,1,0,12,0,1.0,1,1
0,2.0,136,107,0,0,1,0,1,1,0,0,1,0,1,0,2,0,5.0,1,1
0,2.0,136,0,1,1,6,0,0,0,2,2,2,0,1,0,12,0,3.0,1,1
1,3.0,100,0,0,0,6,0,1,0,0,0,1,0,1,0,12,0,14.0,1,1
1,4.0,100,0,0,0,2,5,0,0,0,0,1,0,2,40,12,0,5.0,1,1
1,1.0,100,0,0,3,6,0,0,0,1,0,1,0,1,0,2,0,3.0,1,1
0,3.0,136,0,1,1,6,0,2,0,2,2,1,0,1,0,2,0,2.0,1,1
0,4.0,136,0,2,1,4,5,2,0,1,1,1,0,6,0,2,0,6.0,0,1
0,2.0,136,0,0,6,0,0,1,0,0,0,1,0,1,0,4,0,4.0,1,1
0,19.0,136,6,1,1,0,0,1,1,0,0,0,0,1,0,2,0,8.0,1,1
1,53.0,100,0,0,0,5,5,1,1,0,0,0,0,1,0,12,0,4.0,1,1
0,2.0,136,0,1,1,0,0,1,0,0,0,1,0,1,0,2,0,1.0,1,1
1,6.0,91,0,1,0,2,0,0,0,0,0,0,1,2,0,2,0,3.0,1,1
0,32.0,136,0,1,1,6,0,1,1,2,0,2,0,1,0,4,0,2.0,1,1
1,0.0,100,78,2,0,1,5,1,0,1,1,1,0,5,0,12,0,1.0,1,1
0,2.0,136,0,0,0,1,1,1,1,0,0,1,0,1,0,2,0,5.0,1,1
0,3.0,33,0,0,1,4,0,0,1,0,0,1,0,1,0,9,0,2.0,1,1
0,72.0,136,13,1,0,1,5,1,2,0,0,0,0,1,0,2,6,24.0,1,1
1,4.0,100,0,1,6,0,0,1,0,1,0,1,0,1,0,12,0,4.0,1,1
0,12.0,136,107,0,0,1,0,1,1,0,0,0,0,1,0,2,0,1.0,1,1
1,3.0,100,67,1,0,6,0,0,0,0,1,1,0,1,1,3,0,0.0,1,1
0,3.0,136,107,1,1,0,0,1,1,1,0,1,0,1,0,2,0,5.0,1,1
1,4.0,100,0,0,0,6,0,1,1,0,0,1,0,1,0,12,0,0.0,1,1
1,6.0,98,0,0,0,0,0,1,1,1,0,1,0,1,0,2,0,5.0,1,1
0,1.0,136,0,1,1,6,0,0,0,1,1,1,0,1,0,12,0,3.0,1,1
0,24.0,136,0,1,1,0,0,2,0,0,0,0,0,1,50,3,0,4.0,1,1
0,2.0,136,0,2,0,1,0,1,0,2,2,2,0,2,0,2,0,1.0,1,1
0,32.0,37,0,0,1,3,0,1,1,0,0,0,0,1,0,2,0,2.0,1,1
1,21.0,100,78,1,0,1,2,1,0,0,0,1,0,1,0,2,0,2.0,1,1
0,2.0,136,107,1,0,6,0,1,1,1,0,1,0,1,0,2,0,4.0,1,1
0,54.0,57,0,0,5,6,0,0,1,2,2,1,2,1,0,12,0,5.0,1,1
1,4.0,100,0,1,6,0,0,1,0,1,1,0,0,1,100,12,0,5.0,1,1
1,3.0,100,0,1,3,4,5,1,0,1,0,1,0,1,0,2,0,9.0,1,1
0,3.0,136,0,2,0,1,3,1,0,2,2,2,0,7,50,12,0,5.0,0,1
1,7.0,99,0,1,6,0,0,1,1,0,0,1,0,1,100,2,0,3.0,1,1
0,3.0,136,107,1,0,6,0,1,1,0,0,1,0,1,0,2,0,1.0,1,1
1,4.0,100,0,0,0,6,0,1,0,0,0,1,0,1,0,2,0,4.0,1,1
1,1.0,100,0,0,3,6,0,0,0,1,0,1,0,1,0,2,0,4.0,1,1
0,24.0,136,107,2,0,4,0,1,1,2,2,2,1,2,30,2,0,5.0,1,1
0,4.0,28,107,2,0,1,0,1,0,1,0,1,0,2,0,2,0,6.0,1,1
0,3.0,136,0,2,4,0,0,1,1,0,0,1,0,2,0,12,0,4.0,1,1
1,5.0,100,0,2,0,6,0,0,0,1,0,1,0,4,0,12,0,3.0,1,1
0,1.0,21,107,1,1,0,0,1,0,2,2,1,0,1,0,2,0,1.0,1,1
0,4.0,136,0,1,1,4,0,0,0,0,0,1,0,2,0,2,0,1.0,1,1
0,12.0,5,107,1,0,1,0,2,1,1,1,2,0,1,100,12,0,1.0,1,1
0,21.0,38,0,0,6,0,0,0,1,0,0,1,0,1,350,12,0,4.0,1,1
0,2.0,136,0,1,1,0,0,1,0,0,0,1,0,1,0,2,0,8.0,1,1
0,84.0,70,16,1,6,0,0,0,1,0,0,0,0,1,0,2,0,2.0,1,1
1,2.0,100,0,2,0,1,4,1,0,1,1,1,0,5,15,2,0,3.0,1,1
0,108.0,21,0,0,2,0,0,2,0,1,0,0,0,2,0,2,0,2.0,1,1
0,24.0,136,0,1,0,0,0,1,0,0,2,1,0,1,0,2,0,1.0,1,1
1,2.0,129,78,0,1,2,5,1,0,1,0,1,0,2,0,2,0,13.0,1,1
0,2.0,136,0,0,0,1,5,1,1,0,0,1,0,1,0,2,0,1.0,1,1
1,2.0,135,78,1,0,6,0,0,0,1,0,1,0,1,0,12,0,1.0,1,1
0,96.0,136,107,1,1,2,3,1,1,0,0,0,0,1,0,12,0,3.0,1,1
1,2.0,122,78,2,2,4,4,0,0,0,0,1,0,3,0,12,0,14.0,0,1
0,3.0,59,0,0,0,1,0,0,2,0,0,2,0,1,350,2,0,2.0,1,1
1,5.0,119,78,1,3,5,5,1,0,1,0,1,0,1,0,12,0,2.0,1,1
0,1.0,136,0,2,0,1,2,1,0,2,2,2,0,6,100,3,0,3.0,1,1
1,1.0,100,0,2,0,3,5,1,0,1,0,1,0,4,0,2,0,3.0,1,1
0,4.0,136,0,0,1,0,0,1,1,0,0,1,0,1,350,7,0,19.0,1,1
0,1.0,136,0,2,0,1,5,1,0,1,1,1,0,7,0,2,0,2.0,0,1
1,4.0,117,78,0,3,0,0,1,0,1,1,1,0,1,100,2,0,6.0,1,1
1,4.0,99,63,2,0,2,5,1,1,1,1,1,0,5,0,12,0,5.0,1,1
0,4.0,28,107,0,0,1,3,0,0,0,0,0,0,1,0,2,0,5.0,1,1
1,11.0,100,0,0,0,6,0,1,0,0,0,0,0,1,0,12,0,3.0,1,1
1,11.0,98,0,1,1,0,0,1,2,1,1,1,0,1,0,2,0,3.0,1,1
1,2.0,100,0,2,0,5,0,0,0,1,1,1,0,6,0,3,0,5.0,0,1
1,2.0,99,78,0,1,4,0,1,1,1,0,1,0,1,0,2,0,5.0,1,1
1,9.0,100,0,1,0,4,5,1,0,1,1,1,0,1,0,2,0,4.0,1,1
1,3.0,100,0,2,0,1,5,1,0,1,1,1,0,4,0,2,0,4.0,1,1
0,2.0,136,0,1,0,3,0,1,0,1,1,1,0,1,0,2,0,13.0,1,1
0,42.0,16,107,0,1,6,0,1,0,0,0,1,0,1,0,2,0,3.0,1,1
0,8.0,136,0,0,1,0,0,2,0,2,2,2,1,1,0,12,0,1.0,1,1
0,2.0,136,0,0,1,6,0,1,0,0,0,1,0,1,0,2,0,3.0,1,1
1,7.0,100,0,1,1,5,0,1,0,1,0,1,0,1,0,2,0,3.0,1,1
1,12.0,80,0,0,0,6,0,1,1,1,1,1,1,1,50,12,0,5.0,1,1
0,24.0,136,0,1,0,0,0,0,0,0,0,0,1,1,0,2,0,4.0,1,1
0,3.0,136,0,0,0,2,0,1,0,1,1,1,0,1,0,12,0,4.0,1,1
1,24.0,100,0,0,4,6,0,1,0,0,0,0,0,1,0,12,0,1.0,1,1
1,36.0,91,0,1,0,3,5,1,1,0,0,0,0,1,0,12,0,10.0,1,1
1,3.0,100,77,1,0,6,0,1,0,2,2,2,0,1,0,2,0,1.0,1,1
0,2.0,136,0,1,0,2,0,1,1,1,1,1,0,1,0,2,0,3.0,1,1
0,4.0,5,107,0,0,0,0,1,0,0,0,1,0,1,200,2,0,7.0,1,1
0,2.0,136,0,1,1,4,0,1,0,0,0,1,0,1,0,2,0,4.0,0,1
0,36.0,136,0,0,4,0,0,0,1,2,2,1,0,1,0,12,0,1.0,1,1
0,2.0,136,0,1,0,1,0,0,0,1,1,1,0,1,0,2,0,1.0,0,1
0,2.0,136,0,0,0,1,5,1,1,0,0,1,0,1,0,2,0,1.0,1,1
0,3.0,136,0,2,1,6,0,1,0,0,0,1,0,2,0,12,0,3.0,1,1
1,12.0,99,0,0,0,6,0,1,1,0,0,1,0,1,0,12,0,1.0,1,1
0,1.0,136,0,2,0,1,0,0,0,1,1,2,0,2,0,2,0,2.0,1,1
1,15.0,99,0,0,2,6,0,1,1,0,0,1,0,1,0,7,0,3.0,1,1
0,1.0,136,0,1,1,6,0,1,1,1,1,1,0,1,0,2,0,7.0,1,1
0,24.0,28,0,1,3,0,0,0,0,0,0,0,0,1,0,12,0,3.0,1,1
1,1.0,100,0,1,0,6,0,0,0,1,1,0,0,1,0,2,0,6.0,1,1
1,1.0,130,0,2,0,5,5,0,0,1,1,1,0,3,0,2,0,4.0,0,1
1,4.0,100,0,1,2,0,0,0,0,0,0,1,0,1,0,2,0,2.0,1,1
1,2.0,100,0,1,0,5,5,0,1,2,2,2,0,1,0,2,0,1.0,1,1
1,7.0,100,0,0,0,6,0,1,0,1,0,1,0,1,0,12,0,2.0,1,1
0,3.0,44,107,0,0,3,0,1,1,0,0,1,0,1,0,12,0,4.0,1,1
0,3.0,136,0,1,0,1,0,2,0,2,2,1,0,1,0,2,0,2.0,1,1
1,4.0,100,78,1,0,5,5,1,0,2,2,2,0,1,0,12,0,3.0,1,1
1,12.0,100,102,1,0,1,0,1,0,1,2,0,0,1,0,2,0,1.0,1,1
0,2.0,136,0,2,0,4,0,1,0,1,0,1,0,3,0,2,0,4.0,0,1
1,2.0,122,76,1,0,3,0,0,1,1,2,1,0,1,0,5,0,3.0,1,1
0,4.0,136,0,1,1,0,0,1,0,0,0,0,0,1,0,12,0,5.0,1,1
1,3.0,98,0,0,5,6,0,1,2,0,0,1,0,1,0,12,0,4.0,1,1
1,1.0,99,0,0,2,3,0,2,1,1,1,1,0,1,0,2,0,3.0,1,1
0,36.0,144,107,0,2,0,0,2,0,0,0,0,0,1,0,2,0,2.0,1,1
1,1.0,100,0,2,0,5,5,1,0,1,0,1,0,5,50,2,0,5.0,1,1
0,2.0,136,0,0,0,1,0,1,0,1,1,1,0,1,0,12,0,3.0,1,1
1,5.0,100,0,2,0,3,5,2,0,1,1,1,0,2,0,2,1,30.0,1,1
0,12.0,35,107,1,1,0,0,1,0,0,0,0,0,1,100,2,0,1.0,1,1
0,24.0,136,0,1,0,1,3,1,0,0,0,0,0,1,0,3,0,5.0,1,1
0,2.0,136,0,1,0,1,0,1,0,1,0,1,0,1,0,3,0,3.0,1,1
1,3.0,100,0,0,1,6,0,1,0,1,1,1,0,1,0,12,0,0.0,1,1
0,4.0,136,0,1,0,1,5,1,0,1,0,2,0,1,0,2,0,2.0,1,1
0,6.0,136,0,0,1,6,0,0,0,0,0,1,0,1,0,2,0,3.0,1,1
0,2.0,136,0,0,0,1,0,1,0,1,0,1,0,1,0,2,0,2.0,0,1
0,2.0,136,0,1,0,1,5,0,1,0,0,1,0,3,0,2,0,4.0,1,1
0,14.0,136,120,1,0,1,0,1,1,2,2,0,0,1,200,12,0,5.0,1,1
0,18.0,65,107,1,0,1,5,1,2,0,0,0,0,1,300,2,0,2.0,1,1
0,24.0,139,107,1,0,6,0,1,2,0,0,0,0,1,0,2,0,2.0,1,1
0,1.0,136,107,1,0,1,5,1,0,0,0,2,0,11,0,12,0,11.0,1,1
0,15.0,136,0,1,6,0,0,1,0,0,0,0,0,1,0,2,0,6.0,1,1
0,1.0,136,0,1,1,0,0,1,0,1,0,1,0,1,15,2,0,3.0,1,1
1,2.0,122,78,1,1,4,0,0,1,1,1,1,0,1,100,3,2,18.0,1,1
1,2.0,100,0,0,0,2,5,2,0,1,1,1,0,3,0,12,0,5.0,1,1
0,36.0,144,33,0,0,1,0,3,0,0,0,1,0,1,0,2,0,2.0,1,1
1,8.0,99,78,2,1,5,5,1,0,0,0,0,0,3,0,12,0,3.0,1,1
0,1.0,136,0,1,4,0,0,1,0,0,0,1,0,1,0,2,0,1.0,1,1
0,24.0,21,107,0,0,1,0,1,1,2,2,2,0,1,0,2,0,1.0,1,1
1,1.0,100,0,2,0,4,5,0,0,1,1,1,0,2,0,2,0,1.0,1,1
0,12.0,58,0,0,0,5,5,1,1,0,1,1,0,1,350,5,0,1.0,1,1
0,12.0,136,0,1,0,1,0,2,0,0,0,0,0,1,0,2,0,20.0,1,1
0,12.0,136,0,1,1,2,0,1,1,2,0,2,0,1,0,2,0,8.0,1,1
0,7.0,136,0,0,0,1,5,1,0,0,0,2,0,1,0,4,0,4.0,1,1
0,4.0,136,108,1,0,1,5,1,1,0,0,0,0,1,0,2,0,10.0,1,1
1,12.0,115,0,1,5,6,0,2,1,0,0,0,0,1,0,12,0,5.0,1,1
0,2.0,136,107,1,1,0,0,1,0,2,0,1,0,1,0,12,0,4.0,1,1
0,2.0,136,0,0,4,6,0,2,0,0,0,1,0,1,0,2,0,4.0,0,1
1,8.0,100,0,1,4,5,5,2,0,1,0,0,0,1,0,2,0,10.0,1,1
0,8.0,5,107,0,0,1,0,1,0,0,2,2,0,1,0,2,0,3.0,1,1
0,6.0,136,0,0,1,0,0,1,0,2,2,1,0,1,0,12,0,3.0,1,1
0,84.0,51,0,1,0,1,5,1,0,0,0,0,0,1,0,2,0,4.0,1,1
1,3.0,117,76,0,2,6,0,2,1,2,2,2,0,1,0,1,0,2.0,1,1
0,108.0,65,0,1,1,4,0,0,1,0,0,0,0,1,200,12,0,1.0,1,1
1,12.0,100,0,0,1,4,0,1,1,1,1,1,2,1,0,12,0,3.0,1,1
0,3.0,136,0,1,1,0,0,1,2,1,1,1,0,1,0,2,0,3.0,1,1
0,2.0,136,107,0,0,1,5,1,0,1,1,1,0,4,0,2,0,4.0,1,1
0,1.0,136,0,2,1,4,0,1,0,0,0,0,0,2,0,2,0,3.0,1,1
0,1.0,136,0,0,1,0,0,2,0,1,1,1,0,1,0,3,0,4.0,1,1
1,2.0,117,78,2,0,2,0,0,1,2,2,2,1,3,0,2,0,3.0,0,1
1,5.0,99,0,0,0,0,0,1,1,1,0,2,0,1,0,2,0,1.0,1,1
1,120.0,100,0,1,5,6,0,1,0,0,0,0,0,1,50,2,0,17.0,1,1
1,1.0,100,0,0,0,4,5,0,0,1,1,1,0,1,0,2,0,4.0,1,1
1,1.0,100,0,0,2,4,0,1,0,1,0,1,0,1,50,2,0,5.0,1,1
0,1.0,153,107,1,0,4,0,1,0,1,1,1,0,1,0,2,0,5.0,1,1
0,2.0,136,0,1,1,2,0,1,1,0,0,1,0,1,100,2,0,4.0,1,1
0,6.0,62,107,1,1,6,0,0,1,0,0,0,0,1,0,2,0,4.0,1,1
1,3.0,100,0,0,5,6,0,0,0,1,1,1,0,1,0,2,0,7.0,1,1
0,84.0,57,23,0,4,0,0,0,2,0,0,0,0,1,50,2,0,4.0,1,1
1,9.0,100,78,0,0,6,0,1,0,0,0,0,0,1,0,2,0,2.0,1,1
0,1.0,136,0,1,0,1,3,1,1,1,0,1,0,3,0,12,0,1.0,0,1
0,3.0,136,0,1,1,6,0,1,0,2,2,1,0,1,0,2,0,2.0,1,1
0,4.0,21,0,0,1,2,0,1,1,0,0,1,0,1,0,1,0,25.0,1,1
1,1.0,100,0,0,0,5,0,1,0,1,1,1,0,1,50,2,0,4.0,1,1
0,3.0,136,0,0,1,4,5,1,1,0,2,2,0,1,0,2,0,0.0,1,1
0,1.0,62,107,1,0,1,5,1,0,1,0,1,0,1,100,2,0,6.0,1,1
1,2.0,100,0,1,0,6,0,1,0,1,0,1,0,1,0,4,0,3.0,1,1
0,2.0,136,0,1,0,1,0,1,0,1,0,1,0,1,0,3,0,3.0,1,1
1,2.0,127,0,2,2,5,5,0,1,1,1,1,0,7,0,2,0,5.0,0,1
1,18.0,99,0,2,1,3,4,1,1,1,1,1,0,4,0,2,0,5.0,1,1
1,55.0,99,0,1,1,5,5,2,1,0,0,0,0,1,150,3,0,5.0,1,1
0,50.0,48,0,1,0,5,0,0,1,0,0,2,0,1,100,4,0,4.0,1,1
0,24.0,136,0,1,0,1,0,1,1,0,0,0,0,1,0,12,0,1.0,1,1
0,48.0,136,0,0,0,0,0,1,0,2,2,2,0,1,0,2,0,4.0,1,1
1,2.0,99,78,1,2,5,0,0,1,1,1,1,0,2,0,3,0,3.0,1,1
1,8.0,100,0,1,1,6,0,1,0,2,2,0,0,1,0,2,0,1.0,0,1
1,4.0,100,0,1,1,6,0,1,0,0,0,1,0,1,0,2,0,1.0,1,1
0,37.0,21,0,1,4,6,0,1,0,0,0,0,0,1,0,2,0,3.0,1,1
0,24.0,51,0,0,1,6,0,0,0,2,2,2,0,1,0,2,0,0.0,0,1
1,3.0,100,0,2,0,5,5,0,0,1,1,1,0,2,0,2,1,2.0,1,1
0,2.0,136,107,0,0,1,0,1,1,1,0,1,0,1,0,2,0,1.0,1,1
1,2.0,100,0,0,0,1,0,0,0,1,0,1,0,1,50,2,0,5.0,1,1
0,2.0,136,0,1,1,6,0,1,0,1,1,1,0,1,0,2,0,3.0,1,1
0,5.0,136,0,0,1,5,5,1,0,0,0,1,0,3,0,2,0,3.0,1,1
0,12.0,136,0,0,0,6,0,2,0,0,0,1,0,1,0,2,0,3.0,1,1
1,1.0,99,0,0,5,6,0,0,1,1,1,1,0,1,0,12,0,5.0,0,1
0,48.0,44,107,0,0,0,0,2,0,0,0,0,0,1,0,12,0,4.0,1,1
0,2.0,76,119,2,0,1,5,1,1,1,1,1,0,6,0,12,0,1.0,1,1
0,1.0,136,0,0,4,0,0,0,1,1,1,1,0,1,0,2,0,3.0,0,1
1,5.0,89,97,1,1,5,5,1,1,1,0,1,0,1,0,2,0,3.0,1,1
1,7.0,99,0,1,5,0,0,1,1,1,1,1,0,1,0,3,0,1.0,1,1
1,18.0,100,0,0,3,6,0,1,1,0,0,1,0,1,0,12,1,7.0,1,1
0,4.0,136,0,1,0,0,0,1,1,0,0,1,0,1,0,2,0,1.0,1,1
1,1.0,100,97,1,4,5,0,1,1,1,1,1,0,1,50,12,0,3.0,1,1
0,2.0,65,107,0,0,6,0,1,0,1,1,1,0,1,0,2,0,1.0,1,1
0,3.0,136,0,1,0,1,5,1,0,1,0,1,0,1,0,2,0,5.0,1,1
1,2.0,119,0,1,4,6,0,1,2,0,0,1,0,1,250,2,1,11.0,1,1
1,3.0,114,0,1,0,1,3,1,2,2,2,2,0,1,0,12,0,3.0,1,1
1,7.0,100,0,1,1,3,4,1,0,1,0,0,0,1,0,2,0,5.0,1,1
1,3.0,100,0,0,4,5,5,1,0,1,1,1,0,3,0,2,0,1.0,1,1
0,2.0,136,107,0,0,1,5,1,1,1,0,1,0,1,0,2,0,4.0,1,1
0,2.0,136,107,0,1,0,0,1,1,0,0,1,0,1,0,2,0,5.0,1,1
1,4.0,99,0,1,0,6,0,1,1,0,0,0,0,1,0,2,0,2.0,1,1
0,2.0,136,107,0,0,1,5,1,0,1,0,1,0,1,80,2,0,3.0,1,1
0,1.0,136,0,0,0,1,5,1,1,1,1,1,0,1,0,2,0,3.0,1,1
0,1.0,136,107,2,0,1,5,1,1,1,1,1,0,5,0,2,0,4.0,1,1
0,2.0,136,107,0,1,0,0,1,1,0,0,1,0,1,0,2,0,1.0,1,1
1,1.0,100,101,1,0,1,4,0,0,1,0,1,1,1,0,12,0,16.0,1,1
1,7.0,100,0,1,0,6,0,1,0,2,2,1,0,1,0,2,0,3.0,1,1
1,5.0,100,0,2,0,5,5,0,0,1,1,1,0,4,50,2,0,6.0,1,1
1,3.0,99,0,1,2,3,0,0,1,0,0,0,0,1,0,2,0,5.0,1,1
1,12.0,100,60,2,0,3,5,1,0,0,0,0,0,2,0,7,0,4.0,1,1
0,4.0,136,107,1,0,5,5,1,1,0,0,2,0,2,0,2,0,5.0,1,1
0,2.0,136,0,1,0,0,0,1,0,0,0,1,0,1,0,2,0,3.0,1,1
0,9.0,13,43,0,0,6,0,1,1,0,0,2,0,1,250,2,2,5.0,1,1
0,52.0,57,0,0,1,4,5,0,1,0,0,2,0,1,100,2,0,4.0,1,1
0,2.0,21,107,1,4,0,0,1,1,0,0,1,0,6,0,2,0,11.0,1,1
0,60.0,136,0,1,0,0,0,1,0,2,2,1,1,1,0,12,0,3.0,1,1
0,36.0,57,0,1,1,6,0,0,2,0,0,1,0,1,250,12,0,3.0,1,1
0,6.0,136,0,1,1,0,0,1,0,0,0,0,0,1,0,4,0,2.0,1,1
0,3.0,136,6,1,0,1,5,1,1,0,0,1,0,1,0,2,0,6.0,1,1
0,8.0,136,107,0,1,0,0,1,0,0,0,1,0,1,0,12,0,10.0,1,1
0,72.0,21,6,2,2,3,0,2,0,0,0,0,0,2,0,2,0,2.0,1,1
1,2.0,100,0,1,0,6,0,1,0,1,1,1,0,1,0,2,0,4.0,1,1
1,2.0,100,0,1,0,0,0,0,0,1,1,1,0,1,0,12,0,3.0,0,1
0,48.0,136,0,1,2,4,0,1,1,1,0,0,0,1,0,1,0,1.0,1,1
0,3.0,136,107,0,1,4,0,1,0,1,1,1,0,2,0,4,0,1.0,1,1
0,2.0,136,0,1,0,0,0,1,0,0,0,0,0,1,0,2,0,6.0,1,1
0,2.0,136,0,1,1,0,0,1,0,0,0,1,0,1,0,12,0,1.0,1,1
1,3.0,99,0,0,0,3,5,1,1,1,1,1,0,1,0,2,0,15.0,1,1
1,0.0,100,0,2,0,4,5,1,1,1,1,1,0,4,0,2,0,3.0,1,1
0,48.0,48,0,1,5,0,0,0,1,0,0,0,0,1,0,2,0,1.0,1,1
0,5.0,136,4,1,0,3,0,2,0,0,0,1,0,1,0,2,0,3.0,1,1
1,1.0,129,0,0,0,6,0,0,1,1,0,1,0,1,0,2,0,9.0,1,1
1,4.0,96,0,0,0,6,0,1,1,1,1,1,0,1,0,2,0,3.0,1,1
1,3.0,100,78,1,0,3,5,1,0,1,0,1,0,1,0,2,0,5.0,1,1
0,3.0,136,33,1,0,1,0,1,0,0,0,1,0,1,0,12,0,2.0,1,1
1,2.0,100,78,1,2,3,0,1,1,1,1,1,0,1,0,2,0,5.0,1,1
1,7.0,98,101,0,0,6,0,2,2,1,1,1,0,1,0,2,0,5.0,1,1
1,3.0,99,0,1,3,6,0,1,1,1,1,1,0,1,50,2,0,3.0,1,1
1,4.0,100,0,0,6,0,0,1,0,2,2,1,0,1,0,2,1,3.0,1,1
0,3.0,136,0,1,1,4,0,1,0,0,0,1,0,1,0,3,0,4.0,1,1
0,1.0,136,107,0,0,1,0,1,1,1,0,1,0,1,0,2,0,1.0,1,1
0,2.0,136,107,0,0,1,0,1,1,0,0,1,0,1,0,2,0,1.0,1,1
0,2.0,136,107,2,0,1,5,0,0,2,2,2,1,7,0,12,0,12.0,1,1
0,24.0,136,6,1,1,0,0,2,1,0,1,0,0,1,0,7,0,3.0,1,1
0,8.0,136,0,1,0,0,0,1,2,2,2,2,0,1,0,2,0,5.0,1,1
1,1.0,100,78,2,5,0,0,0,0,1,1,1,0,3,0,2,0,4.0,0,1
1,2.0,100,77,1,0,5,5,0,1,1,0,1,0,2,100,2,0,10.0,1,1
0,13.0,136,107,1,6,0,0,0,0,1,1,0,0,1,0,2,0,1.0,1,1
1,18.0,100,0,1,1,0,0,1,0,2,0,0,0,1,0,12,0,3.0,1,1
0,4.0,136,0,1,0,1,0,1,1,0,0,1,0,1,0,2,0,4.0,1,1
1,2.0,99,0,1,0,3,0,0,1,1,1,1,0,1,0,2,0,6.0,1,1
1,12.0,98,0,1,0,1,1,1,1,2,2,2,0,1,0,2,0,3.0,1,1
1,4.0,98,92,1,1,0,0,1,2,1,0,1,0,1,350,2,0,6.0,1,1
1,6.0,122,0,0,1,4,0,0,1,1,0,0,0,1,0,2,0,5.0,1,1
1,1.0,99,0,2,0,4,5,1,1,1,1,1,0,3,0,12,0,7.0,1,1
1,1.0,100,0,2,0,5,5,1,0,1,1,1,0,4,0,2,0,5.0,0,1
1,2.0,100,0,2,0,0,0,1,0,1,1,1,0,2,0,12,0,3.0,1,1
0,21.0,21,0,0,1,0,0,2,0,0,2,0,0,1,300,12,0,3.0,1,1
0,2.0,136,0,1,0,1,5,1,1,1,0,1,0,1,100,2,0,3.0,1,1
0,2.0,136,0,2,4,6,0,1,0,0,0,1,0,3,0,2,0,11.0,1,1
0,2.0,157,107,2,0,6,0,1,1,1,2,1,0,2,0,3,1,7.0,1,1
1,9.0,109,0,1,3,6,0,2,1,0,0,1,0,1,200,2,0,2.0,1,1
1,3.0,99,0,2,0,2,5,0,1,0,0,1,0,5,0,2,0,8.0,1,1
0,3.0,136,72,0,0,4,5,1,0,0,0,0,0,1,0,2,0,4.0,1,1
1,1.0,100,0,2,0,1,1,0,0,1,1,1,0,4,0,12,0,3.0,1,1
0,1.0,136,107,0,1,0,0,1,0,1,1,1,0,1,20,2,0,5.0,1,1
1,1.0,100,0,0,0,5,5,1,0,2,0,1,0,1,0,2,0,2.0,1,1
1,2.0,99,0,0,1,5,0,2,1,1,1,1,0,1,0,2,0,5.0,1,1
0,24.0,5,4,1,0,1,0,2,1,0,0,0,0,1,350,2,0,5.0,1,1
0,2.0,136,107,1,0,6,0,1,1,0,0,1,0,1,0,2,0,2.0,1,1
0,2.0,136,0,1,1,0,0,1,0,1,0,1,0,1,0,2,0,4.0,1,1
0,48.0,136,0,0,0,1,5,1,0,0,0,2,0,1,0,2,0,3.0,1,1
1,3.0,99,97,0,4,6,0,0,1,1,1,0,0,1,0,2,0,0.0,1,1
0,4.0,5,107,1,0,2,3,1,0,2,2,2,0,1,0,2,0,3.0,1,1
0,3.0,16,107,1,0,1,5,1,0,0,0,1,0,1,0,2,0,6.0,1,1
1,23.0,100,0,2,0,2,5,1,0,1,0,0,0,3,100,2,0,11.0,1,1
0,12.0,40,18,0,0,4,0,0,0,0,0,0,0,1,0,2,0,6.0,1,1
1,9.0,100,0,1,5,0,0,1,0,2,2,2,0,1,0,12,0,3.0,0,1
0,2.0,136,14,1,1,0,0,1,1,0,0,1,0,1,0,2,0,0.0,1,1
1,2.0,99,0,2,0,5,5,0,1,1,1,1,0,2,0,2,0,7.0,1,1
1,6.0,100,0,0,1,4,4,1,0,1,1,2,0,1,0,2,0,1.0,1,1
0,2.0,136,0,1,0,1,5,2,0,0,0,1,0,1,50,2,0,5.0,0,1
0,2.0,136,51,1,0,1,5,1,1,0,0,1,0,1,0,2,0,6.0,1,1
1,4.0,100,0,0,0,1,0,0,0,1,1,1,0,1,0,2,0,3.0,1,1
1,1.0,100,0,1,1,4,5,1,0,1,0,2,0,1,0,2,0,4.0,1,1
0,2.0,136,0,0,1,0,0,1,0,2,2,1,0,1,0,2,0,1.0,1,1
1,7.0,100,0,0,0,1,0,1,0,1,1,1,1,1,0,12,1,5.0,1,1
1,12.0,100,0,0,5,6,0,2,0,0,0,0,0,1,20,12,0,5.0,1,1
0,9.0,42,107,1,1,6,0,1,1,0,0,1,0,1,0,12,0,3.0,0,1
1,2.0,99,0,1,0,6,0,1,1,2,2,2,0,1,0,2,0,1.0,1,1
1,10.0,100,0,1,0,6,0,1,0,0,0,0,0,1,100,12,0,1.0,1,1
1,11.0,99,0,1,5,0,0,1,1,1,1,1,0,1,0,2,0,4.0,1,1
1,12.0,100,0,1,1,6,0,1,0,0,0,0,1,1,0,2,0,1.0,1,1
1,1.0,100,0,2,0,1,3,1,1,1,1,1,0,2,0,2,0,30.0,1,1
1,12.0,100,0,0,5,6,0,1,0,1,0,0,0,1,0,7,0,3.0,1,1
0,11.0,136,0,0,0,4,0,1,0,0,0,1,0,1,0,4,0,5.0,1,1
0,4.0,136,0,1,1,0,0,0,0,0,0,2,0,2,0,2,0,4.0,0,1
0,2.0,21,107,0,1,2,0,2,1,0,0,1,0,1,0,2,0,5.0,1,1
0,5.0,136,0,0,1,4,5,1,0,2,2,2,0,1,10,2,0,3.0,1,1
1,2.0,115,0,1,5,6,0,1,0,0,0,1,0,1,0,2,0,1.0,1,1
1,6.0,99,0,2,0,1,0,1,1,0,0,1,0,3,0,12,0,7.0,1,1
0,2.0,136,107,0,1,4,5,1,0,0,0,1,0,1,0,2,0,8.0,1,1
1,8.0,122,0,1,1,5,5,1,1,2,0,1,0,1,0,12,0,1.0,1,1
0,5.0,38,37,0,4,6,0,1,1,0,0,2,0,1,0,2,0,1.0,1,1
1,4.0,116,0,1,1,3,5,0,0,1,0,1,1,1,0,2,0,1.0,1,1
0,24.0,136,0,0,0,1,0,1,1,2,2,2,0,1,0,12,0,3.0,1,1
0,1.0,136,0,1,1,0,0,1,0,1,1,1,0,1,0,4,1,6.0,1,1
1,3.0,122,101,2,2,4,4,1,1,1,0,1,0,3,0,1,0,11.0,1,1
0,3.0,136,0,1,1,0,0,1,0,1,1,1,0,1,0,12,0,1.0,1,1
1,1.0,132,101,2,0,2,0,1,0,1,0,1,0,3,0,12,0,5.0,1,1
0,2.0,136,107,1,0,1,3,1,0,0,1,1,0,3,0,5,0,1.0,0,1
1,2.0,100,101,1,0,5,0,1,0,1,0,1,0,1,0,12,0,11.0,1,1
1,2.0,99,78,2,0,5,5,0,1,0,0,1,0,2,200,2,0,11.0,1,1
1,2.0,100,0,1,0,6,0,1,0,0,2,2,0,1,5,7,0,3.0,0,1
0,30.0,5,107,1,0,1,0,1,1,1,1,1,0,1,0,7,0,3.0,1,1
0,2.0,136,0,1,1,0,0,1,0,0,0,1,0,1,0,2,0,4.0,1,1
0,4.0,136,8,1,4,0,0,2,0,0,0,0,0,1,0,2,0,14.0,1,1
1,2.0,100,0,0,6,0,0,0,0,1,1,1,0,1,0,6,0,1.0,1,1
1,36.0,100,0,1,0,0,0,0,0,0,0,0,0,1,0,2,0,6.0,1,1
0,6.0,51,28,0,0,6,0,1,2,0,2,0,0,1,200,2,0,3.0,1,1
0,32.0,38,0,1,1,0,0,0,0,0,0,0,0,1,350,2,0,3.0,1,1
0,12.0,136,0,0,0,6,0,1,1,2,2,2,1,1,0,12,0,3.0,1,1
0,2.0,136,39,1,0,1,5,1,0,1,0,1,0,1,0,2,0,1.0,1,1
1,2.0,100,91,1,1,5,5,0,0,1,1,1,0,1,0,2,0,4.0,1,1
0,35.0,57,0,0,0,6,0,1,1,0,0,0,0,1,188,2,0,3.0,1,1
0,3.0,136,0,0,1,6,0,0,0,0,0,1,0,1,0,2,0,3.0,1,1
1,2.0,100,0,2,0,1,5,0,0,2,2,2,1,4,0,1,0,1.0,0,1
1,26.0,117,97,1,1,4,0,1,1,1,0,1,0,1,0,2,0,2.0,1,1
1,12.0,100,0,0,0,6,0,1,0,0,0,0,0,1,0,12,0,1.0,1,1
0,3.0,136,0,1,0,6,0,1,0,0,0,1,0,1,0,2,1,2.0,1,1
0,36.0,21,0,0,4,0,0,1,1,1,0,1,0,1,200,4,0,2.0,1,1
0,60.0,33,0,1,1,0,0,0,2,0,0,1,1,1,50,2,2,9.0,1,1
0,36.0,38,0,0,0,5,5,0,0,0,0,0,0,1,300,2,1,8.0,1,1
0,2.0,136,0,0,0,0,0,0,1,1,1,1,1,1,0,2,0,2.0,1,1
0,2.0,136,0,2,1,4,5,1,0,1,0,1,0,4,0,2,0,8.0,1,1
0,1.0,136,0,0,0,1,5,1,1,1,1,1,0,1,0,2,0,3.0,1,1
1,1.0,100,0,2,1,4,5,0,0,1,1,1,0,4,0,3,0,5.0,1,1
0,2.0,136,0,1,1,0,0,1,0,1,1,1,0,1,0,7,0,1.0,1,1
0,24.0,65,0,1,6,0,0,1,1,2,2,2,1,1,0,2,0,0.0,1,1
0,1.0,136,0,1,0,1,0,1,1,0,0,1,0,1,0,2,0,5.0,1,1
1,48.0,129,0,0,0,1,5,2,0,0,0,1,0,1,20,2,0,4.0,1,1
0,15.0,57,0,0,0,0,0,0,0,0,0,1,0,1,0,0,0,1.0,1,1
0,3.0,136,0,1,0,1,3,2,0,2,2,1,0,2,0,12,0,2.0,1,1
0,2.0,136,0,0,0,1,0,1,0,1,0,1,0,1,0,3,0,2.0,1,1
0,3.0,136,0,1,0,1,5,0,0,2,2,2,0,1,0,2,0,3.0,1,1
0,22.0,37,44,0,0,2,5,0,1,0,0,1,0,1,0,2,0,5.0,1,1
1,2.0,100,0,1,1,3,3,1,0,0,0,1,0,1,0,2,0,5.0,1,1
1,12.0,100,0,0,6,0,0,2,0,2,2,1,1,1,0,2,0,3.0,1,1
1,5.0,100,101,1,1,2,0,0,0,0,0,1,0,1,0,2,0,3.0,1,1
1,3.0,100,0,1,5,6,0,1,1,1,0,1,0,1,0,12,0,5.0,1,1
1,12.0,100,0,1,1,4,5,1,0,1,1,1,0,1,0,2,3,11.0,1,1
1,4.0,99,0,2,0,4,0,0,1,0,0,1,0,3,0,2,0,3.0,1,1
0,3.0,136,0,1,0,1,0,0,0,0,0,1,0,1,0,2,0,6.0,1,1
1,1.0,115,0,1,5,6,0,1,0,1,1,1,0,1,0,2,0,1.0,1,1
0,2.0,136,107,1,6,0,0,1,0,1,1,1,0,1,0,2,0,2.0,1,1
1,2.0,99,0,1,5,0,0,1,1,0,0,1,0,1,100,12,0,5.0,1,1
0,3.0,136,107,1,1,0,0,1,1,0,0,1,0,1,0,2,0,1.0,1,1
0,96.0,21,0,1,0,0,0,2,0,0,0,0,0,1,50,2,0,6.0,1,1
0,84.0,8,0,0,2,0,0,2,1,2,2,2,0,1,0,12,0,2.0,1,1
0,2.0,136,0,1,0,1,0,1,0,0,0,1,0,1,0,2,0,4.0,1,1
0,1.0,136,0,0,0,0,0,1,0,1,1,1,0,1,0,3,0,1.0,1,1
0,36.0,136,0,1,1,0,0,2,0,0,0,0,0,1,0,2,0,2.0,1,1
1,3.0,100,0,0,0,6,0,1,1,1,0,1,0,1,0,2,0,1.0,1,1
1,12.0,98,0,0,3,6,0,2,1,0,0,1,0,1,100,12,0,1.0,1,1
0,6.0,65,28,2,4,6,0,1,1,0,0,2,0,3,100,1,0,3.0,0,1
0,1.0,62,107,0,0,6,0,1,1,1,1,1,0,1,0,12,0,13.0,1,1
1,1.0,98,0,0,0,0,0,2,2,1,1,1,0,1,125,2,0,4.0,1,1
0,2.0,136,0,0,4,0,0,2,0,2,2,2,0,1,0,2,0,2.0,1,1
1,3.0,86,0,2,0,2,4,1,0,1,1,1,0,2,0,12,0,0.0,0,1
0,7.0,21,107,1,6,0,0,1,0,0,0,0,0,1,0,2,1,6.0,1,1
1,24.0,100,0,0,5,6,0,1,0,2,2,0,0,1,0,2,0,2.0,1,1
1,3.0,100,78,2,0,4,5,0,0,0,0,2,0,3,0,12,0,3.0,1,1
0,49.0,151,0,1,1,0,0,1,1,0,0,1,0,2,0,3,0,2.0,1,1
1,1.0,100,0,2,0,1,5,0,0,1,1,1,0,5,0,2,0,1.0,0,1
0,5.0,16,107,0,1,6,0,1,0,0,0,0,0,1,0,12,0,6.0,1,1
0,4.0,136,107,1,1,3,3,1,0,0,0,1,0,1,0,2,0,3.0,1,1
1,3.0,100,0,1,5,6,0,0,0,0,0,1,0,1,10,2,0,14.0,1,1
0,1.0,26,107,0,1,0,0,1,0,1,1,1,0,1,0,6,0,2.0,1,1
1,12.0,100,0,1,1,6,0,1,0,0,0,0,0,1,0,5,0,4.0,1,1
1,3.0,100,0,1,0,0,0,0,0,1,1,1,0,1,0,12,0,1.0,0,1
1,24.0,98,65,1,2,4,5,1,2,1,1,0,0,1,0,12,0,5.0,1,1
0,24.0,57,0,1,0,6,0,0,2,0,0,0,0,1,0,12,0,2.0,1,1
0,2.0,136,0,1,6,0,0,1,1,1,1,1,0,1,0,5,0,5.0,1,1
0,2.0,65,107,1,0,1,0,1,0,0,0,1,0,1,0,12,0,5.0,1,1
0,2.0,38,28,0,1,2,0,0,1,0,0,1,0,1,200,12,0,0.0,1,1
0,6.0,136,14,1,4,0,0,1,1,2,2,2,0,1,0,7,0,1.0,1,1
1,2.0,100,0,0,1,4,0,1,0,1,0,1,0,1,0,4,0,3.0,1,1
1,2.0,100,0,0,0,6,0,1,0,1,2,1,0,1,0,12,0,3.0,0,1
1,8.0,107,0,1,5,6,0,1,0,1,1,1,0,1,0,2,0,3.0,1,1
0,60.0,76,0,0,1,0,0,1,1,2,0,1,0,1,0,2,0,1.0,1,1
1,1.0,100,77,1,4,0,0,1,0,1,1,1,0,1,0,12,0,1.0,1,1
1,12.0,100,0,1,6,0,0,1,0,0,0,0,0,1,0,2,0,1.0,1,1
0,1.0,136,0,1,0,0,0,2,0,1,0,1,0,1,0,12,0,3.0,1,1
0,7.0,136,0,1,0,2,2,1,0,0,0,0,0,1,0,2,1,7.0,1,1
0,12.0,136,0,0,2,3,0,1,0,0,0,0,0,1,200,2,1,10.0,1,1
1,3.0,126,97,1,1,4,5,1,0,1,0,1,0,1,50,3,0,2.0,1,1
1,3.0,100,0,0,0,6,0,1,0,0,0,0,0,1,0,2,0,21.0,1,1
1,4.0,100,0,1,0,0,0,1,0,1,1,1,0,2,0,2,0,2.0,1,1
0,3.0,136,107,1,6,0,0,0,0,2,2,2,0,2,0,2,0,2.0,1,1
1,7.0,122,0,0,6,0,0,2,1,1,0,2,0,1,0,2,0,1.0,1,1
0,2.0,136,0,1,0,0,0,0,1,0,0,1,0,1,0,4,0,4.0,1,1
0,3.0,136,0,0,1,0,0,1,0,1,0,1,0,1,0,2,0,1.0,1,1
0,4.0,136,107,0,1,6,0,1,0,1,1,1,0,1,0,12,0,3.0,1,1
0,5.0,94,107,1,0,1,0,1,1,0,2,0,0,1,0,2,0,3.0,1,1
1,3.0,99,0,2,0,5,5,1,1,1,0,1,0,2,0,2,0,6.0,1,1
1,0.0,99,0,0,4,0,0,0,1,1,1,1,0,2,0,5,0,2.0,1,1
1,3.0,100,0,1,0,5,0,1,0,0,0,1,0,1,0,12,0,3.0,1,1
0,24.0,38,0,2,1,4,0,0,1,0,0,0,0,2,350,12,0,3.0,1,1
1,1.0,79,60,2,0,1,5,0,1,0,0,2,0,2,0,2,0,3.0,1,1
1,2.0,99,0,1,0,5,5,1,1,1,1,1,0,2,0,2,0,2.0,1,1
0,36.0,136,0,1,1,0,0,1,0,2,2,1,0,1,0,0,0,1.0,1,1
0,2.0,136,0,1,0,1,5,1,0,1,1,1,0,1,20,3,0,1.0,1,1
1,0.0,100,0,2,0,3,4,0,0,1,1,1,0,6,0,2,0,5.0,0,1
0,14.0,58,0,1,0,6,0,2,0,0,0,1,0,1,0,5,0,1.0,1,1
1,4.0,84,78,0,1,0,0,1,1,1,1,1,1,1,0,2,0,4.0,1,1
0,1.0,16,107,0,1,6,0,1,1,1,1,1,0,1,0,12,0,1.0,0,1
1,3.0,99,0,0,0,1,0,1,1,1,0,1,0,1,0,2,0,1.0,0,1
1,5.0,100,0,1,0,0,0,0,0,0,0,1,0,1,100,12,0,3.0,1,1
1,2.0,99,0,1,5,6,0,1,1,0,0,1,0,1,0,12,0,1.0,1,1
0,2.0,136,0,1,0,1,0,1,1,0,0,1,0,1,0,2,0,1.0,1,1
1,11.0,129,0,0,0,1,5,1,1,2,2,2,0,1,0,3,0,4.0,1,1
0,3.0,136,0,0,1,6,0,1,1,1,0,1,0,1,100,2,0,3.0,1,1
0,3.0,136,0,1,0,1,0,1,1,0,0,1,0,1,0,2,0,6.0,1,1
1,1.0,99,0,2,0,6,0,2,1,1,1,1,0,4,0,12,1,6.0,1,1
0,1.0,136,0,2,0,1,3,1,1,1,1,1,0,2,0,2,0,5.0,0,1
0,3.0,21,24,0,2,4,5,1,0,2,2,2,0,1,200,2,0,0.0,1,1
0,3.0,136,0,1,1,0,0,1,0,0,0,1,0,1,0,12,0,4.0,1,1
1,2.0,100,0,2,0,1,4,0,0,1,2,1,0,3,0,2,0,3.0,0,1
0,2.0,136,0,1,1,4,5,1,0,1,0,1,0,1,0,2,1,4.0,1,1
0,5.0,136,0,1,6,0,0,1,0,0,0,0,0,1,0,2,0,5.0,1,1
1,1.0,91,0,2,0,2,5,1,1,2,2,1,0,5,0,2,0,1.0,1,1
1,2.0,100,0,1,0,4,0,1,0,1,0,1,0,2,0,12,0,8.0,1,1
0,3.0,136,0,0,6,0,0,1,0,0,0,0,0,1,0,3,0,10.0,1,1
1,4.0,99,0,0,6,0,0,1,0,0,0,1,0,1,30,3,0,1.0,1,1
1,3.0,99,0,1,0,6,0,0,1,2,2,2,0,1,0,2,0,2.0,1,1
1,5.0,100,0,1,2,0,0,1,0,1,1,2,0,1,0,2,0,3.0,1,1
0,2.0,136,107,2,1,4,5,1,1,0,0,1,0,4,0,2,3,13.0,1,1
0,2.0,136,0,2,0,6,0,1,0,1,1,1,0,2,0,2,0,1.0,1,1
0,3.0,42,107,1,2,0,0,1,0,0,0,1,0,3,0,2,0,3.0,0,1
0,3.0,21,107,0,3,0,0,2,0,1,0,0,0,1,350,12,0,4.0,1,1
1,4.0,99,78,2,1,5,0,0,1,1,1,1,0,2,0,12,0,2.0,0,1
0,7.0,136,0,1,0,1,0,0,0,2,0,0,0,1,0,12,0,7.0,1,1
1,1.0,99,106,2,1,3,4,0,1,1,1,1,0,5,0,2,0,2.0,1,1
1,6.0,100,0,0,5,6,0,1,0,1,0,1,0,1,0,12,0,7.0,1,1
1,4.0,99,0,1,4,0,0,1,1,2,2,2,0,1,0,12,1,4.0,1,1
1,1.0,100,0,0,2,4,0,0,1,1,1,1,0,1,0,2,0,1.0,1,1
0,7.0,136,0,1,0,6,0,1,0,0,0,1,0,1,110,2,0,4.0,1,1
0,4.0,136,0,2,0,1,5,1,1,1,1,1,0,10,0,2,0,6.0,1,1
0,3.0,136,0,1,1,0,0,1,1,0,0,1,0,1,0,2,0,2.0,1,1
0,6.0,136,0,0,1,6,0,1,0,0,1,1,0,1,0,2,0,1.0,1,1
0,3.0,136,0,0,2,0,0,2,0,0,0,1,0,2,0,2,0,9.0,1,1
1,6.0,100,0,1,5,0,0,1,0,0,0,0,0,1,100,12,0,1.0,1,1
0,1.0,136,0,1,0,5,0,1,0,1,1,1,0,1,0,12,0,1.0,1,1
1,1.0,129,0,1,1,5,0,0,0,1,0,1,1,1,0,12,0,3.0,1,1
1,1.0,100,0,1,2,3,5,1,0,1,1,1,0,1,0,3,0,5.0,1,1
1,4.0,99,0,0,3,6,0,0,1,1,0,1,0,1,0,12,0,4.0,0,1
0,12.0,136,0,0,0,0,0,1,0,0,0,1,0,1,0,2,0,2.0,1,1
0,2.0,75,107,0,1,0,0,1,0,2,2,1,0,1,0,2,0,2.0,1,1
0,3.0,136,0,1,1,0,0,1,1,0,0,1,0,1,0,2,0,7.0,1,1
0,2.0,136,107,1,0,1,5,1,0,1,1,1,0,5,0,3,0,9.0,1,1
0,10.0,136,116,1,1,6,0,1,0,0,0,0,0,1,0,2,0,2.0,1,1
1,3.0,99,0,2,0,1,5,1,1,1,1,1,0,2,0,2,0,3.0,1,1
1,3.0,100,0,1,1,6,0,0,0,1,2,2,0,1,0,3,0,1.0,1,1
1,1.0,99,0,1,4,0,0,1,1,1,0,1,0,1,0,2,0,2.0,1,1
0,4.0,136,0,1,1,6,0,1,1,0,0,1,0,1,0,2,0,2.0,1,1
0,2.0,136,0,1,0,3,0,2,1,2,2,1,0,1,0,2,0,2.0,1,1
0,0.0,65,0,0,1,2,0,0,1,2,2,1,0,1,0,2,0,2.0,1,1
0,60.0,62,0,0,4,6,0,1,1,2,2,2,0,1,0,3,0,1.0,1,1
1,2.0,100,0,1,5,0,0,1,0,1,0,1,0,1,0,2,0,5.0,1,1
0,24.0,136,0,1,1,0,0,1,0,0,0,0,0,1,300,2,0,3.0,1,1
0,24.0,136,0,1,2,0,0,1,0,0,0,0,0,1,0,2,0,7.0,1,1
0,2.0,136,0,1,1,0,0,1,1,0,0,1,0,1,350,7,0,2.0,1,1
0,1.0,136,107,0,1,0,0,1,1,1,0,1,0,1,0,2,0,3.0,1,1
0,1.0,136,0,1,1,0,0,1,0,1,1,1,0,1,0,2,1,16.0,1,1
0,48.0,160,0,0,4,0,0,0,1,0,0,0,0,1,0,2,0,3.0,1,1
1,5.0,100,0,1,0,5,5,1,0,1,0,1,0,1,0,12,0,2.0,1,1
1,2.0,100,0,1,0,1,0,1,0,0,0,1,0,1,0,2,0,5.0,1,1
1,80.0,99,0,1,1,5,5,1,1,0,0,0,0,1,0,2,0,2.0,1,1
1,12.0,129,63,0,0,1,4,1,0,0,0,0,0,1,0,12,0,6.0,1,1
1,24.0,100,0,0,1,3,5,2,0,0,0,1,0,1,0,2,0,2.0,1,1
1,1.0,100,0,1,0,6,0,1,0,1,0,1,0,1,0,2,1,8.0,1,1
0,4.0,136,0,0,1,6,0,1,1,1,1,1,0,1,0,7,0,2.0,1,1
1,6.0,100,0,0,0,0,0,1,0,1,1,1,0,1,0,12,0,2.0,1,1
0,2.0,21,107,1,0,1,0,1,0,2,2,1,0,1,0,2,0,3.0,1,1
0,12.0,136,0,1,4,6,0,1,0,1,1,0,0,1,0,2,0,8.0,1,1
1,2.0,99,0,1,5,0,0,1,0,1,1,1,0,1,0,2,0,5.0,1,1
0,7.0,136,121,0,1,4,0,1,0,0,0,1,0,1,0,12,0,4.0,1,1
0,3.0,136,0,1,0,1,0,1,1,1,1,1,0,1,0,2,0,0.0,0,1
0,18.0,136,0,0,0,0,0,1,1,0,0,0,0,1,0,2,0,2.0,1,1
1,12.0,129,0,0,0,5,0,1,0,1,0,1,0,1,0,2,0,3.0,1,1
0,1.0,136,0,2,0,1,5,1,1,1,1,1,0,7,0,12,0,11.0,1,1
0,1.0,136,0,0,1,6,0,1,1,2,2,2,0,1,0,2,0,2.0,1,1
1,1.0,99,78,1,1,3,5,0,1,1,0,1,0,1,50,2,0,7.0,1,1
0,5.0,136,0,1,1,0,0,1,0,0,0,1,0,1,50,12,1,5.0,1,1
0,6.0,136,0,1,0,1,2,1,1,1,0,1,0,1,0,4,0,3.0,1,1
0,5.0,136,107,1,3,0,0,1,1,0,0,1,0,1,0,12,2,3.0,1,1
1,3.0,100,77,2,2,5,5,0,0,1,1,1,0,3,0,2,0,12.0,1,1
0,4.0,136,0,1,0,6,0,1,0,1,0,1,0,1,0,12,0,5.0,1,1
1,3.0,98,77,1,5,6,0,0,2,0,0,0,0,1,0,12,0,5.0,1,1
0,6.0,136,0,1,0,1,0,0,0,0,0,1,0,1,0,2,0,2.0,1,1
0,1.0,136,0,1,1,4,5,1,0,1,0,1,0,3,0,2,0,9.0,1,1
1,1.0,100,78,2,3,5,5,1,0,1,1,1,0,2,0,12,0,5.0,1,1
1,2.0,100,0,0,1,6,0,1,0,1,1,1,0,1,0,2,0,1.0,1,1
0,12.0,147,0,0,4,6,0,0,0,0,0,1,0,1,50,2,0,3.0,1,1
0,3.0,136,0,1,0,1,5,1,0,2,2,1,0,1,0,2,0,7.0,1,1
0,8.0,136,14,0,0,1,0,1,0,2,2,0,0,1,0,2,0,3.0,1,1
1,8.0,115,0,1,0,1,5,1,1,1,1,1,0,1,0,12,0,8.0,1,1
0,11.0,136,0,1,6,0,0,1,2,2,2,2,0,1,0,2,0,1.0,1,1
1,2.0,99,0,1,0,1,2,1,1,1,1,1,0,1,0,6,0,4.0,1,1
0,2.0,136,107,2,0,1,2,1,1,1,1,1,0,4,1,2,0,5.0,1,1
0,4.0,136,0,1,0,0,0,1,0,0,0,1,1,1,0,12,0,3.0,1,1
1,4.0,122,0,0,4,0,0,1,0,0,1,1,0,1,0,0,0,1.0,1,1
0,1.0,16,11,2,0,1,5,0,1,1,2,2,0,3,0,12,0,2.0,1,1
0,2.0,136,0,1,1,6,0,1,0,1,1,1,0,1,0,12,0,2.0,1,1
0,2.0,136,51,1,0,6,0,1,1,0,0,1,0,1,0,2,0,8.0,1,1
1,2.0,99,0,1,0,6,0,1,1,1,1,1,0,1,0,5,0,4.0,1,1
0,7.0,21,0,1,0,1,0,1,0,1,0,0,0,1,0,0,0,4.0,1,1
0,2.0,136,0,1,0,1,5,1,0,0,0,1,0,1,0,2,0,6.0,1,1
1,2.0,100,0,2,3,6,0,0,0,1,0,1,0,2,0,2,0,5.0,1,1
1,36.0,100,97,1,5,6,0,0,0,2,2,2,0,1,0,2,0,2.0,1,1
1,6.0,115,0,1,1,6,0,1,0,0,0,0,0,1,0,2,0,9.0,1,1
1,4.0,100,0,0,0,6,0,0,0,0,0,1,0,1,0,12,0,4.0,1,1
0,4.0,136,14,0,4,6,0,2,0,0,0,1,0,1,0,2,4,21.0,1,1
1,12.0,99,0,1,6,0,0,1,1,2,2,2,0,1,0,2,0,2.0,1,1
0,4.0,136,0,1,0,4,0,1,0,1,0,1,0,1,0,2,0,5.0,1,1
0,17.0,57,0,0,1,6,0,0,0,0,0,1,0,1,0,2,0,0.0,1,1
1,2.0,99,0,2,6,0,0,1,1,0,0,1,0,6,0,2,0,7.0,0,1
0,6.0,136,0,1,4,0,0,1,0,0,0,1,0,1,0,2,1,2.0,1,1
0,1.0,136,107,1,0,1,0,1,1,2,2,2,0,1,0,12,0,4.0,1,1
0,15.0,136,0,1,0,1,5,1,0,1,0,0,0,1,0,0,0,1.0,1,1
0,12.0,136,0,1,6,0,0,0,0,0,0,0,0,1,0,2,0,3.0,1,1
0,2.0,8,107,1,0,0,0,1,1,1,1,1,0,1,0,12,0,3.0,1,1
0,24.0,62,107,0,1,6,0,1,2,0,0,1,0,1,200,2,0,1.0,1,1
0,1.0,136,0,0,1,6,0,1,1,1,1,1,0,1,0,3,0,2.0,1,1
1,1.0,100,0,1,0,6,0,1,0,0,0,1,0,1,0,12,0,5.0,1,1
0,3.0,136,0,2,0,1,5,1,0,1,1,1,0,3,0,12,0,5.0,1,1
1,4.0,129,0,0,1,6,0,1,0,2,0,0,0,2,0,12,0,5.0,1,1
0,1.0,136,107,1,0,1,5,1,1,0,0,1,0,1,0,2,0,1.0,1,1
1,24.0,117,0,1,0,5,5,2,1,0,0,0,0,1,0,3,0,2.0,0,1
0,8.0,136,0,0,1,6,0,1,1,0,0,0,0,1,0,2,0,1.0,1,1
0,5.0,136,107,0,3,0,0,0,0,1,1,1,0,1,0,4,0,1.0,1,1
0,1.0,136,0,1,1,0,0,1,0,1,1,1,0,1,0,12,0,2.0,1,1
1,2.0,100,0,0,0,0,0,1,0,0,0,1,0,1,0,12,0,5.0,1,1
0,6.0,136,0,0,1,0,0,0,1,0,0,1,0,1,0,2,0,1.0,1,1
0,1.0,136,0,1,0,1,0,0,0,1,1,1,0,1,0,12,0,1.0,0,1
0,2.0,136,0,0,0,1,0,1,1,0,0,1,0,1,0,2,0,2.0,1,1
0,2.0,136,0,1,1,6,0,1,1,1,1,1,0,1,0,3,0,3.0,1,1
1,8.0,88,69,1,1,0,0,1,1,0,0,1,0,1,200,2,0,3.0,1,1
1,2.0,100,0,2,0,3,5,0,0,1,0,1,0,6,0,12,0,3.0,1,1
0,2.0,136,0,1,0,6,0,1,1,2,2,2,0,1,0,1,0,1.0,0,1
0,3.0,136,0,0,0,1,5,1,0,1,0,1,0,1,50,5,0,2.0,1,1
1,2.0,100,0,1,0,3,5,1,0,1,1,1,0,2,0,2,0,3.0,1,1
0,2.0,136,0,0,0,1,0,1,1,0,1,1,0,1,40,3,0,3.0,1,1
1,26.0,100,0,2,0,1,5,0,0,1,1,0,0,4,0,2,0,12.0,1,1
0,3.0,136,14,0,4,0,0,1,0,1,0,0,0,1,0,12,0,6.0,1,1
1,1.0,100,0,2,1,3,5,1,0,1,1,1,0,3,0,7,0,6.0,1,1
0,5.0,136,0,0,0,0,0,1,2,1,1,1,0,1,1,4,0,1.0,1,1
1,6.0,91,0,1,0,1,5,1,1,1,1,1,0,1,0,2,0,1.0,1,1
0,36.0,147,10,1,1,6,0,0,0,0,0,2,0,1,250,2,0,6.0,1,1
1,4.0,99,0,0,2,3,0,0,1,1,1,1,0,2,0,12,0,4.0,1,1
1,3.0,91,69,1,1,6,0,0,0,1,1,2,0,2,0,2,0,4.0,1,0
1,2.0,100,0,1,6,0,0,1,0,0,0,1,0,1,30,2,0,1.0,1,1
0,4.0,136,0,0,4,6,0,1,1,0,0,1,0,1,0,2,0,2.0,1,1
1,1.0,99,0,0,0,1,5,1,1,2,2,0,0,1,0,12,0,5.0,1,1
1,2.0,99,0,0,0,0,0,1,1,2,2,2,0,1,0,0,0,2.0,0,1
1,4.0,117,77,0,6,0,0,1,1,1,0,1,0,1,0,2,0,6.0,1,1
0,36.0,158,0,0,0,1,0,2,0,0,0,1,0,1,150,2,0,1.0,1,1
0,50.0,51,0,0,0,1,5,1,1,2,1,2,0,1,0,7,0,2.0,1,1
1,3.0,100,0,1,5,6,0,1,0,1,1,1,0,1,0,2,1,7.0,1,1
0,48.0,24,0,1,6,0,0,0,2,0,0,1,0,1,300,7,0,2.0,1,1
0,32.0,16,0,1,1,6,0,0,0,0,0,0,0,1,0,3,0,2.0,1,1
0,36.0,8,107,0,2,0,0,3,1,0,0,0,0,1,0,2,0,1.0,1,1
0,4.0,136,4,1,0,1,1,2,1,0,0,1,0,1,0,2,0,10.0,1,1
0,2.0,136,0,0,0,1,0,1,0,1,1,1,1,1,0,2,0,2.0,1,1
0,4.0,136,0,0,6,0,0,1,0,0,0,1,0,1,0,12,0,1.0,1,1
0,1.0,139,0,1,0,1,3,1,1,1,1,1,0,1,200,6,0,8.0,1,1
0,4.0,136,107,1,1,0,0,1,1,1,2,2,0,1,0,2,0,4.0,0,1
0,1.0,136,0,1,0,1,1,1,0,1,1,1,0,1,0,12,0,5.0,1,1
1,1.0,100,0,1,0,6,0,1,0,1,0,1,0,1,0,12,0,3.0,1,1
0,2.0,136,0,0,6,0,0,0,0,0,0,1,0,1,0,2,0,3.0,1,1
0,2.0,136,0,1,1,2,5,1,0,0,0,1,0,1,0,2,0,2.0,1,1
0,3.0,136,4,0,0,1,0,1,0,1,0,1,0,2,0,2,3,8.0,1,1
1,5.0,122,77,0,1,4,0,1,1,1,1,1,0,1,50,2,0,5.0,1,1
0,11.0,38,0,1,3,0,0,1,1,1,0,1,0,1,0,3,0,3.0,1,1
0,1.0,136,0,1,0,1,0,1,0,1,1,2,0,9,0,2,0,6.0,1,1
1,1.0,100,0,0,6,0,0,0,0,1,1,1,0,1,0,2,0,4.0,1,1
1,3.0,100,0,0,4,0,0,1,0,0,0,0,0,1,50,12,0,12.0,1,1
0,3.0,136,0,1,1,6,0,1,0,0,0,0,0,1,0,2,0,3.0,1,1
1,24.0,129,78,0,0,1,1,1,0,2,2,0,1,1,0,12,0,2.0,0,1
0,2.0,136,0,1,1,6,0,1,0,0,0,0,0,1,0,4,0,1.0,1,1
1,16.0,100,92,0,6,0,0,2,1,0,0,0,0,1,0,2,0,0.0,1,1
1,3.0,98,77,0,0,0,0,0,1,1,1,1,0,1,0,12,0,1.0,1,1
1,4.0,117,77,1,0,2,0,0,1,1,0,1,0,1,200,2,0,1.0,1,1
1,2.0,100,78,0,0,6,0,1,0,2,2,2,0,1,0,12,0,1.0,1,1
0,3.0,136,0,1,1,6,0,1,0,1,0,1,0,1,0,2,0,3.0,1,1
1,2.0,100,0,0,5,0,0,0,0,1,1,1,0,1,100,12,0,3.0,1,1
0,9.0,5,107,1,1,0,0,1,0,0,0,1,0,1,0,2,0,7.0,1,1
0,1.0,136,0,0,1,0,0,1,0,1,1,1,0,1,20,3,0,1.0,1,1
1,5.0,122,0,0,1,6,0,1,0,1,0,1,0,1,0,2,0,3.0,1,1
0,2.0,22,15,1,0,1,3,1,0,1,0,2,0,1,0,12,0,1.0,1,1
0,2.0,136,51,2,0,1,5,1,0,1,1,1,0,3,0,2,0,5.0,1,1
0,3.0,136,0,0,0,1,0,1,1,0,0,1,0,1,0,2,0,1.0,1,1
0,48.0,16,0,0,1,6,0,0,0,1,1,1,0,1,0,2,0,3.0,1,1
1,4.0,99,0,2,0,6,0,1,1,1,1,1,0,2,0,3,0,3.0,1,1
1,9.0,117,77,0,2,3,0,1,1,1,0,1,0,1,0,2,0,8.0,1,1
0,3.0,136,14,0,1,4,5,1,1,0,0,0,0,1,0,4,0,4.0,1,1
0,4.0,136,0,1,1,0,0,1,0,0,0,0,0,1,0,12,0,6.0,1,1
0,60.0,8,107,2,2,6,0,1,1,0,0,0,0,2,100,0,0,1.0,1,1
1,8.0,89,0,1,0,3,0,1,1,0,0,0,0,1,0,12,0,1.0,1,1
1,3.0,100,0,1,0,0,0,1,0,1,0,1,0,1,0,2,0,3.0,1,1
1,2.0,132,0,1,0,2,0,1,1,0,0,1,0,1,0,2,0,6.0,1,1
1,1.0,129,78,1,0,1,4,1,1,1,1,1,0,1,0,2,0,2.0,1,1
0,1.0,136,0,2,0,1,3,1,0,1,1,1,0,4,0,2,0,0.0,1,1
1,5.0,100,0,0,0,0,0,0,1,0,0,1,0,1,0,12,0,3.0,1,1
0,28.0,136,107,0,0,1,0,1,0,0,0,0,0,1,0,2,3,6.0,1,1
0,1.0,136,0,1,1,0,0,1,0,1,1,1,0,1,0,2,0,5.0,1,1
1,1.0,83,0,2,0,5,5,0,0,1,1,1,0,6,0,12,0,2.0,1,1
0,10.0,8,0,0,4,0,0,2,0,0,0,1,0,1,0,12,0,1.0,1,1
1,3.0,99,0,2,4,5,5,1,1,1,1,1,0,3,0,12,0,5.0,0,1
1,6.0,120,78,1,5,0,0,1,1,1,0,1,0,1,150,2,0,3.0,1,1
0,2.0,136,0,0,1,6,0,0,0,1,1,1,0,1,0,12,0,2.0,1,1
0,2.0,136,0,0,2,4,0,1,0,1,0,1,0,1,0,2,0,4.0,1,1
0,2.0,136,0,1,0,1,5,0,0,0,0,1,0,1,0,2,0,3.0,1,1
0,8.0,136,0,1,1,4,0,1,0,0,0,0,0,1,0,2,0,3.0,1,1
0,36.0,136,0,0,1,0,0,1,0,0,0,0,1,1,0,12,0,2.0,1,1
0,12.0,136,0,0,3,0,0,1,0,0,0,0,0,1,300,2,0,3.0,1,1
0,12.0,136,107,1,1,0,0,1,1,0,0,0,0,1,0,2,0,1.0,1,1
1,3.0,99,101,1,0,5,5,0,1,1,1,1,0,1,0,12,0,1.0,0,1
0,19.0,38,0,0,1,2,0,1,1,0,0,1,0,1,100,4,0,3.0,1,1
0,2.0,136,0,2,1,3,0,1,0,1,1,2,0,2,0,5,0,3.0,1,1
1,7.0,100,0,0,0,6,0,1,0,2,2,1,0,1,0,12,0,5.0,1,1
0,3.0,136,4,0,0,1,0,1,1,0,0,1,0,1,0,2,0,5.0,1,1
1,24.0,100,0,0,3,0,0,2,0,1,1,1,1,1,0,0,0,12.0,1,1
1,1.0,117,0,1,0,0,0,0,1,0,0,1,0,1,0,12,0,1.0,1,1
1,31.0,129,0,1,0,1,3,2,0,0,0,0,0,1,0,12,0,5.0,1,1
1,19.0,99,97,1,1,6,0,1,1,2,2,1,0,1,0,2,0,6.0,1,1
0,84.0,70,28,1,6,0,0,1,1,2,2,2,1,2,350,2,0,2.0,1,1
0,2.0,28,0,0,0,1,0,0,0,1,0,1,0,1,0,12,0,6.0,1,1
0,1.0,136,0,0,0,1,0,1,0,1,0,1,0,4,0,2,0,4.0,1,1
0,12.0,136,0,1,1,4,0,1,0,0,0,0,0,1,0,2,0,3.0,1,1
1,3.0,100,101,0,0,1,0,0,0,2,2,2,0,1,0,12,0,4.0,1,1
0,1.0,35,107,1,0,1,5,1,0,1,1,1,0,7,100,2,0,5.0,1,1
0,4.0,21,0,1,0,6,0,1,0,1,0,1,0,4,0,2,0,2.0,1,1
1,2.0,80,0,1,5,0,0,1,0,1,1,1,0,1,20,2,0,1.0,1,1
0,39.0,136,107,1,1,0,0,1,0,0,0,0,0,1,0,2,0,3.0,1,1
1,2.0,100,0,1,1,0,0,1,0,1,0,1,0,1,0,2,0,7.0,1,1
0,1.0,136,0,1,1,0,0,1,0,1,1,1,0,1,0,5,0,1.0,1,1
0,2.0,136,0,0,6,0,0,1,0,0,0,1,0,1,0,4,0,5.0,1,1
1,5.0,100,0,0,0,6,0,1,0,1,0,1,0,1,0,2,1,12.0,1,1
0,2.0,136,0,0,0,6,0,1,1,0,0,1,1,1,0,12,0,4.0,0,1
0,96.0,8,0,0,2,0,0,2,2,0,0,0,0,1,0,7,0,2.0,1,1
0,12.0,136,107,0,1,0,0,2,0,0,0,0,0,1,100,5,0,1.0,1,1
0,4.0,136,0,1,1,4,5,1,1,0,0,1,0,4,0,3,0,5.0,1,1
1,30.0,100,0,0,5,6,0,1,0,0,0,0,0,1,0,2,2,19.0,1,1
1,36.0,114,0,1,0,5,5,2,2,0,0,1,1,1,0,2,0,1.0,1,1
1,2.0,99,101,0,1,5,5,1,1,0,0,2,0,1,0,12,0,14.0,1,1
0,2.0,136,0,2,0,6,0,1,0,1,0,1,0,2,0,2,0,9.0,1,1
1,3.0,99,0,1,0,5,0,1,1,1,1,1,0,1,0,12,0,3.0,0,1
1,3.0,99,0,0,3,6,0,0,1,0,0,1,0,1,0,2,0,2.0,1,1
1,5.0,100,0,0,2,6,0,1,0,0,0,0,0,1,50,12,0,2.0,1,1
0,60.0,139,21,1,0,6,0,1,1,0,0,0,0,1,0,2,0,1.0,1,1
0,12.0,136,0,0,6,0,0,1,0,2,2,1,0,1,0,2,0,7.0,1,1
1,3.0,100,0,1,0,6,0,0,0,1,1,1,0,1,0,12,0,1.0,1,1
0,2.0,136,0,1,1,4,0,1,0,0,0,1,0,2,0,12,0,15.0,1,1
1,24.0,98,76,0,6,0,0,2,2,0,0,0,0,1,0,2,0,4.0,1,1
0,12.0,147,107,1,1,0,0,1,0,1,1,0,0,1,0,2,0,1.0,1,1
1,11.0,122,77,1,4,5,0,1,1,0,0,1,0,1,0,2,0,3.0,1,1
1,4.0,122,77,1,6,0,0,1,1,1,0,1,0,1,0,2,0,2.0,1,1
0,36.0,158,0,0,0,0,0,1,0,0,0,0,0,1,0,4,0,1.0,1,1
1,1.0,100,78,2,0,5,5,1,0,1,0,2,0,5,0,2,0,1.0,0,1
0,2.0,136,0,1,0,0,0,1,0,0,0,1,0,1,0,2,0,4.0,1,1
0,1.0,136,0,0,1,0,0,1,0,1,0,1,0,1,0,12,0,3.0,1,1
0,60.0,45,0,1,0,1,5,1,0,0,0,0,0,1,300,2,0,3.0,1,1
1,12.0,99,0,1,1,6,0,1,1,2,0,2,0,2,0,2,0,4.0,1,1
0,6.0,136,0,0,1,0,0,0,0,0,0,1,0,1,0,2,0,2.0,1,1
0,3.0,136,0,2,1,4,0,1,0,0,0,1,0,4,0,3,0,2.0,0,1
1,0.0,99,77,2,0,5,5,1,0,2,2,2,0,7,0,2,0,4.0,0,1
1,24.0,126,0,0,1,0,0,1,1,2,0,1,0,1,0,0,0,5.0,1,1
0,60.0,38,0,0,4,0,0,0,2,0,2,0,1,1,200,2,0,1.0,1,1
1,4.0,100,0,0,5,6,0,1,0,1,0,1,0,1,0,12,0,1.0,1,1
1,7.0,99,0,1,4,6,0,2,1,1,1,1,0,1,0,2,0,4.0,0,1
0,2.0,136,39,0,0,1,5,1,0,1,0,1,0,1,0,2,0,1.0,1,1
1,12.0,98,0,2,0,5,5,1,1,1,1,1,0,6,0,2,0,6.0,1,1
0,24.0,59,0,1,1,0,0,0,1,2,2,1,0,1,0,12,0,1.0,1,1
0,8.0,155,107,1,0,0,0,0,0,0,0,1,0,1,0,4,0,4.0,1,1
0,36.0,65,0,0,0,1,0,2,2,0,0,0,0,1,300,2,0,1.0,1,1
1,1.0,117,77,0,4,0,0,1,2,1,0,1,0,1,100,2,0,9.0,1,1
0,1.0,136,0,1,1,0,0,1,0,0,0,0,0,1,0,2,0,2.0,1,1
0,24.0,136,107,0,3,0,0,1,2,2,2,2,0,1,0,12,0,1.0,1,1
0,18.0,5,0,1,0,1,0,2,0,0,0,0,0,1,350,2,0,3.0,1,1
1,2.0,117,76,1,3,6,0,1,2,1,0,1,0,1,350,2,0,7.0,1,1
1,1.0,100,77,2,2,4,5,1,0,2,0,1,0,6,0,2,0,1.0,1,1
1,2.0,100,78,1,0,3,5,0,0,1,1,1,0,1,0,12,0,3.0,1,1
1,2.0,100,69,1,0,3,5,1,0,1,0,1,0,1,0,2,0,3.0,1,1
0,3.0,136,0,1,1,3,3,1,0,0,0,0,0,3,0,4,0,6.0,1,1
0,60.0,136,16,1,6,0,0,1,2,0,0,1,0,1,0,2,0,4.0,1,1
1,2.0,100,0,0,0,6,0,0,0,2,2,1,0,1,0,2,0,2.0,1,1
1,1.0,99,0,0,3,4,0,1,1,1,1,1,0,1,0,2,0,9.0,1,1
1,3.0,122,101,0,1,4,5,0,0,0,0,1,0,1,0,2,0,3.0,0,1
0,60.0,8,0,1,2,0,0,2,2,0,0,1,0,1,0,2,0,1.0,1,1
1,2.0,100,0,1,1,5,5,1,0,1,1,1,0,4,0,2,0,5.0,0,1
0,3.0,16,107,1,0,1,5,1,1,0,0,1,0,1,0,2,2,8.0,1,1
1,24.0,100,0,0,2,3,0,0,0,2,0,1,1,1,150,2,0,2.0,1,1
1,5.0,129,0,0,2,6,0,1,1,1,1,1,0,1,0,12,0,3.0,1,1
1,14.0,100,0,1,1,0,0,1,0,2,2,2,0,1,0,2,0,2.0,1,1
0,3.0,136,107,0,1,6,0,1,0,1,1,1,0,1,1,3,0,2.0,1,1
0,2.0,136,31,1,6,0,0,1,1,1,1,1,0,1,0,12,0,2.0,1,1
0,1.0,136,107,0,1,4,0,1,0,1,1,1,0,1,0,6,0,2.0,1,1
1,5.0,100,0,0,1,2,2,1,0,1,1,1,0,1,0,2,0,6.0,1,1
1,1.0,99,0,1,0,1,3,1,1,1,1,1,0,2,0,2,0,16.0,1,1
1,1.0,122,0,1,5,6,0,0,0,2,2,1,0,1,0,2,0,3.0,1,1
0,4.0,136,0,1,0,0,0,1,0,1,1,1,0,1,0,3,0,1.0,1,1
1,3.0,99,0,1,2,4,5,1,1,1,1,1,0,1,50,12,0,0.0,1,1
1,1.0,100,0,1,0,6,0,1,0,1,1,1,0,1,0,2,0,1.0,1,1
1,6.0,100,0,0,6,0,0,0,0,0,0,1,0,1,0,3,0,2.0,1,1
0,12.0,136,0,1,0,6,0,1,0,0,0,0,0,1,0,12,0,3.0,1,1
1,2.0,99,0,0,0,6,0,0,1,1,1,1,0,1,0,12,0,4.0,1,1
0,2.0,136,0,1,4,6,0,1,0,1,0,1,0,1,0,12,0,5.0,1,1
1,5.0,100,0,1,1,5,5,1,0,2,2,2,0,1,0,2,0,5.0,1,1
1,2.0,100,78,2,0,5,0,1,1,1,1,1,0,4,0,2,0,3.0,1,1
1,3.0,100,0,1,0,6,0,2,0,1,1,1,0,1,0,12,0,4.0,1,1
0,2.0,136,0,0,0,1,0,0,0,0,0,1,0,1,0,2,0,3.0,1,1
1,5.0,100,0,0,0,6,0,0,0,0,0,1,0,1,0,3,0,2.0,1,1
1,10.0,122,0,2,0,1,5,2,1,1,1,2,0,3,30,2,0,7.0,0,1
1,2.0,100,0,0,2,4,5,1,0,1,0,1,0,1,0,2,0,4.0,1,1
0,3.0,21,107,1,0,0,0,1,0,0,0,0,0,1,0,4,0,3.0,1,1
1,12.0,100,0,1,3,0,0,1,0,1,1,1,0,4,0,12,1,2.0,0,1
1,12.0,99,0,0,5,0,0,1,1,0,0,0,0,1,0,12,0,2.0,1,1
0,2.0,136,0,1,0,1,0,1,0,0,0,1,0,1,0,12,0,2.0,1,1
0,1.0,136,0,1,1,6,0,1,0,1,1,2,0,1,0,7,0,4.0,0,1
0,120.0,136,0,1,0,6,0,1,1,2,2,2,1,1,0,12,0,3.0,1,1
1,120.0,106,0,1,1,4,5,1,1,2,2,0,0,1,0,2,0,4.0,1,1
0,2.0,136,0,0,4,0,0,1,1,0,0,2,0,1,0,12,0,5.0,1,1
1,24.0,100,0,1,1,3,5,1,0,1,2,0,0,2,0,12,0,3.0,1,1
0,6.0,38,0,0,1,0,0,1,1,0,0,1,1,1,0,4,0,2.0,1,1
1,2.0,100,0,2,1,5,0,1,0,1,1,1,0,2,0,5,0,3.0,1,1
1,4.0,98,0,1,0,1,0,1,2,0,0,1,0,1,0,7,0,5.0,1,1
1,12.0,100,0,1,0,0,0,1,1,1,1,1,0,1,0,12,0,1.0,1,1
0,36.0,48,0,1,0,6,0,0,0,0,0,0,0,1,0,2,0,2.0,1,1
0,1.0,136,107,1,0,1,0,1,1,1,1,1,0,2,0,2,0,4.0,1,1
1,4.0,100,0,0,1,6,0,1,0,1,0,1,0,1,150,2,0,3.0,1,1
0,8.0,136,109,1,0,1,0,1,2,0,0,0,0,1,0,2,0,7.0,1,1
0,24.0,136,0,0,0,6,0,1,0,1,1,1,1,1,0,2,0,3.0,1,1
1,6.0,100,0,1,0,1,0,1,0,0,0,0,0,1,100,12,0,1.0,1,1
0,3.0,136,107,1,1,6,0,1,1,1,0,1,0,1,0,2,0,3.0,1,1
0,15.0,136,0,1,0,1,5,1,1,0,0,0,0,1,0,2,0,2.0,1,1
0,14.0,158,107,1,1,0,0,1,1,0,0,0,0,1,0,12,0,2.0,0,1
1,12.0,129,0,0,2,4,5,1,0,1,0,0,0,1,100,12,1,10.0,1,1
1,6.0,100,0,1,1,0,0,1,0,1,0,1,0,1,0,2,0,8.0,1,1
0,4.0,136,0,0,6,0,0,1,0,0,0,1,0,1,0,2,0,1.0,1,1
1,3.0,100,0,1,1,2,0,0,0,0,0,1,0,1,0,2,0,7.0,1,1
0,12.0,136,0,1,1,2,0,1,0,1,1,0,0,1,0,2,0,5.0,1,1
0,84.0,151,0,1,4,0,0,1,1,0,0,1,0,1,0,2,0,4.0,1,1
1,5.0,100,78,0,0,6,0,2,0,2,2,2,0,1,0,2,0,13.0,1,1
0,36.0,57,0,0,4,6,0,0,1,0,0,1,1,1,0,2,0,1.0,1,1
1,17.0,117,0,1,4,6,0,1,1,1,1,1,0,1,40,2,0,3.0,1,1
1,2.0,132,0,2,0,1,5,1,0,1,1,1,0,3,0,12,0,9.0,1,1
1,1.0,99,92,2,0,1,5,0,2,1,1,1,0,2,0,7,0,1.0,0,1
0,12.0,136,0,1,4,0,0,1,0,1,0,0,0,1,0,7,0,5.0,1,1
1,3.0,100,0,1,0,5,5,1,0,1,0,1,0,1,0,2,0,2.0,1,1
0,3.0,136,107,0,0,1,0,2,0,0,0,1,0,1,0,2,0,3.0,1,1
0,3.0,136,123,1,0,1,0,1,1,0,0,1,0,1,0,2,0,4.0,1,1
0,60.0,62,0,0,6,0,0,1,1,1,1,1,0,1,0,4,0,3.0,1,1
1,12.0,100,78,2,0,1,2,0,0,1,1,1,0,3,0,2,0,14.0,1,1
1,3.0,99,0,1,0,1,2,1,1,1,1,1,0,1,0,2,0,3.0,1,1
0,1.0,136,0,1,1,0,0,2,0,1,0,1,1,1,0,12,0,3.0,1,1
0,24.0,136,0,0,3,6,0,1,1,2,2,1,0,1,0,2,0,5.0,1,1
0,2.0,136,0,0,1,0,0,1,0,0,0,1,0,1,0,2,0,8.0,1,1
1,11.0,100,0,1,6,0,0,1,0,0,0,0,0,1,0,2,0,1.0,1,1
1,4.0,129,0,0,1,4,5,1,2,2,0,2,0,1,0,2,0,1.0,1,1
0,24.0,51,0,1,0,1,5,1,0,0,0,1,0,1,100,2,0,0.0,0,1
1,14.0,129,0,0,2,0,0,1,0,2,2,0,0,1,0,2,0,1.0,1,1
0,2.0,136,0,1,0,4,4,1,0,1,1,1,0,3,0,2,4,13.0,0,1
0,36.0,16,107,1,1,6,0,1,0,0,0,0,0,1,300,2,0,4.0,1,1
0,1.0,136,0,1,0,1,5,1,1,1,0,1,0,1,0,2,0,3.0,1,1
0,2.0,136,0,1,4,0,0,1,1,2,0,1,0,1,0,2,0,2.0,1,1
0,3.0,136,0,1,6,0,0,2,0,1,1,1,0,1,0,3,0,3.0,0,1
0,24.0,136,0,1,1,0,0,1,1,2,2,2,0,20,0,5,0,1.0,1,1
1,3.0,100,0,0,0,0,0,0,0,1,1,1,0,2,0,12,0,2.0,1,1
0,12.0,136,0,2,0,1,5,1,0,2,2,2,1,3,0,12,0,1.0,1,1
1,1.0,99,78,1,0,1,5,0,0,1,1,1,0,1,0,12,0,5.0,1,1
0,4.0,5,107,1,0,2,0,2,1,0,0,1,0,1,0,2,0,4.0,1,1
0,36.0,153,0,0,0,1,5,2,1,0,0,0,0,1,0,2,0,1.0,1,1
0,12.0,156,107,1,2,3,0,0,0,2,2,2,0,1,0,12,0,5.0,1,1
0,2.0,136,0,0,1,6,0,0,0,0,0,1,0,1,0,2,0,6.0,1,1
1,23.0,100,0,0,0,6,0,2,0,0,0,1,0,1,200,2,0,3.0,1,1
1,36.0,100,104,1,0,1,5,1,0,0,0,0,0,1,0,2,0,4.0,1,1
0,4.0,136,0,1,1,0,0,1,0,1,0,1,0,1,0,3,0,1.0,1,1
1,4.0,100,0,1,2,4,5,0,0,1,1,1,0,1,0,12,0,5.0,1,1
1,2.0,100,0,2,0,1,5,1,0,1,1,1,0,4,0,12,0,5.0,1,1
1,18.0,100,0,0,1,0,0,0,0,2,0,2,0,1,0,12,0,6.0,1,1
0,60.0,136,0,2,0,1,0,1,0,0,0,0,0,3,0,4,0,3.0,1,1
1,1.0,99,76,2,1,2,0,1,1,1,1,1,0,2,0,2,0,3.0,1,1
0,6.0,136,123,1,0,1,0,1,0,0,0,0,0,1,0,2,0,1.0,1,1
1,1.0,99,0,1,5,6,0,1,1,1,1,1,0,1,0,2,0,3.0,1,1
0,4.0,136,0,1,6,0,0,1,0,2,2,2,0,1,0,12,0,2.0,1,1
1,20.0,100,0,2,0,5,5,1,0,1,2,1,0,5,0,1,0,5.0,0,1
0,2.0,136,0,1,0,3,0,1,1,1,1,1,0,4,0,3,0,1.0,0,1
0,3.0,136,0,1,0,1,5,1,0,1,1,1,0,1,0,2,0,7.0,1,1
0,72.0,51,107,1,0,1,1,1,1,0,0,0,0,1,0,2,0,1.0,1,1
1,5.0,98,0,0,3,0,0,1,1,1,1,1,0,1,0,12,0,2.0,1,1
1,2.0,91,0,0,0,5,5,1,0,1,0,1,0,1,0,2,1,2.0,0,1
1,0.0,100,0,2,0,1,5,0,0,2,2,2,0,3,0,2,0,3.0,1,1
1,4.0,99,0,2,5,6,0,0,1,1,1,1,0,2,40,2,0,1.0,1,1
0,24.0,139,0,0,0,6,0,1,2,1,0,0,0,1,0,2,0,2.0,1,1
0,22.0,136,0,0,1,2,0,1,0,0,0,2,0,1,0,2,0,5.0,1,1
0,8.0,136,107,0,1,2,2,1,1,0,0,2,0,1,0,2,0,5.0,1,1
0,2.0,136,0,1,1,0,0,2,1,0,0,1,0,1,0,2,0,11.0,1,1
0,84.0,2,0,0,1,0,0,1,0,0,0,1,0,1,0,12,0,1.0,1,1
0,3.0,136,107,1,1,6,0,1,0,0,0,1,0,1,0,3,0,4.0,1,1
1,4.0,99,0,1,0,5,5,1,1,0,0,0,0,2,0,12,0,19.0,1,1
0,2.0,136,0,1,1,6,0,1,0,1,1,1,0,1,0,2,0,2.0,1,1
0,77.0,57,0,1,1,6,0,1,0,0,0,0,0,1,0,2,0,1.0,1,1
1,36.0,99,0,1,0,6,0,2,1,0,0,0,0,2,50,2,0,4.0,1,1
1,2.0,100,0,2,0,2,5,0,0,1,0,1,0,2,0,12,0,1.0,1,1
0,1.0,136,0,0,0,0,0,1,0,1,0,1,0,1,0,2,0,3.0,1,1
0,5.0,136,107,2,0,1,5,1,1,0,0,0,0,15,0,3,0,11.0,1,1
1,2.0,100,0,0,3,6,0,1,0,1,0,1,0,1,0,12,0,3.0,1,1
0,2.0,136,0,0,1,0,0,1,1,0,0,1,0,1,0,2,0,5.0,1,1
1,2.0,100,0,1,0,2,5,1,0,1,1,1,0,1,0,2,0,4.0,1,1
0,10.0,150,117,1,4,0,0,2,1,0,0,0,0,1,5,12,0,0.0,1,1
0,4.0,136,107,2,1,0,0,0,0,0,0,2,0,4,0,2,0,7.0,1,1
1,3.0,100,0,1,0,6,0,0,1,0,0,1,0,1,150,2,0,6.0,1,1
0,5.0,5,0,0,1,2,0,1,1,0,0,1,0,1,0,2,0,2.0,1,1
1,3.0,100,0,0,0,6,0,1,0,0,0,1,0,1,15,2,0,1.0,1,1
0,1.0,136,0,0,0,1,0,1,0,1,0,1,0,1,0,2,0,3.0,1,1
0,2.0,136,0,1,0,1,3,1,1,2,2,0,0,1,0,12,0,5.0,1,1
0,1.0,136,0,2,0,1,5,1,1,1,1,1,0,8,0,4,0,28.0,1,1
1,2.0,98,77,2,0,1,4,0,1,1,0,1,0,2,0,12,1,5.0,1,1
0,2.0,136,0,0,0,0,0,1,0,1,0,1,0,1,0,12,0,2.0,1,1
0,3.0,136,0,1,1,6,0,1,1,0,0,1,0,1,0,2,0,7.0,1,1
0,72.0,62,4,1,0,0,0,1,1,2,2,0,0,1,0,2,0,2.0,1,1
0,4.0,8,0,0,2,4,0,1,1,0,0,1,0,2,300,2,0,2.0,1,1
0,76.0,136,0,0,1,4,5,1,0,0,0,0,0,1,0,12,0,1.0,1,1
0,2.0,136,51,0,0,6,0,1,0,1,1,1,0,1,0,2,0,7.0,1,1
1,23.0,99,0,1,0,6,0,1,1,1,2,2,0,1,0,0,0,1.0,1,1
0,4.0,136,0,1,0,1,0,1,1,1,0,1,0,1,1,12,0,1.0,1,1
1,3.0,100,77,0,3,6,0,0,1,0,0,1,0,1,50,2,0,3.0,1,1
0,1.0,136,0,1,0,1,0,1,1,1,1,1,0,1,0,3,0,1.0,1,1
0,1.0,136,0,2,0,4,5,1,0,1,1,1,0,6,0,2,0,5.0,1,1
1,2.0,122,0,1,4,0,0,1,0,1,1,1,0,1,0,2,0,2.0,1,1
0,2.0,136,107,1,0,0,0,1,1,0,0,1,0,1,0,12,0,3.0,1,1
1,1.0,100,0,1,0,6,0,1,0,1,0,1,0,3,50,3,0,8.0,1,1
1,2.0,100,0,1,0,0,0,0,0,1,1,1,0,1,0,2,3,4.0,1,1
0,1.0,136,0,2,0,1,2,0,1,1,1,2,0,3,0,4,0,5.0,1,1
0,8.0,136,0,0,2,4,0,1,0,0,0,1,0,1,0,2,0,5.0,1,1
1,2.0,100,0,1,5,6,0,1,0,1,0,1,1,1,0,12,0,6.0,1,1
1,5.0,80,0,1,2,3,3,1,0,2,2,1,0,1,0,2,0,2.0,1,1
1,0.0,100,77,0,0,0,0,1,0,1,1,1,0,1,0,2,1,10.0,1,1
0,53.0,136,107,0,6,0,0,1,1,0,2,2,0,1,0,2,0,1.0,1,1
0,15.0,62,0,0,6,0,0,1,2,2,2,2,0,1,0,2,0,2.0,1,1
1,1.0,100,0,0,3,6,0,1,0,1,1,1,0,1,0,2,0,7.0,1,1
1,2.0,100,78,0,1,6,0,1,1,1,1,1,0,1,0,2,0,1.0,1,1
1,3.0,99,0,1,5,6,0,1,1,0,0,1,0,1,0,12,0,8.0,1,1
1,12.0,100,92,2,1,4,5,1,1,1,1,1,0,3,0,2,0,5.0,1,1
1,1.0,100,106,0,0,5,5,1,0,1,0,1,0,1,0,2,0,3.0,1,1
0,10.0,136,4,0,1,0,0,1,1,0,1,1,0,1,0,12,0,1.0,1,1
1,3.0,100,0,1,1,0,0,0,1,1,0,1,0,1,0,12,0,2.0,1,1
1,3.0,100,0,1,5,6,0,0,0,1,1,1,0,1,0,12,0,0.0,1,1
0,2.0,136,0,2,0,1,3,1,1,1,0,1,0,2,0,2,0,5.0,1,1
1,5.0,99,0,1,0,3,5,1,0,2,2,1,0,1,0,2,0,1.0,1,1
1,20.0,133,82,0,1,4,0,2,2,0,0,0,0,1,100,7,0,2.0,1,1
0,1.0,136,0,1,0,1,0,1,0,2,2,1,0,1,0,2,0,3.0,1,1
0,1.0,136,0,1,1,0,0,1,0,1,1,1,0,1,0,4,0,2.0,1,1
0,5.0,136,0,0,2,3,0,0,0,0,0,1,0,1,0,2,0,5.0,1,1
1,6.0,100,0,0,0,1,5,0,0,0,0,0,0,1,100,2,0,3.0,1,1
0,8.0,16,0,0,0,1,5,0,0,0,0,0,0,1,0,12,0,6.0,1,1
1,6.0,98,78,1,0,3,5,1,1,2,0,1,0,1,30,2,0,4.0,1,1
0,3.0,147,107,0,0,2,0,0,0,1,1,1,0,2,0,2,0,2.0,1,1
0,0.0,136,0,0,0,0,0,0,0,2,2,2,0,1,0,2,0,3.0,1,1
0,3.0,136,0,0,0,6,0,1,1,0,0,1,0,1,50,2,0,1.0,1,1
0,2.0,136,107,0,0,6,0,1,0,1,1,1,0,1,0,2,0,2.0,1,1
0,1.0,43,33,0,0,1,5,1,1,1,0,1,0,2,0,2,0,5.0,1,1
0,1.0,158,33,2,0,1,0,0,0,1,0,1,0,2,0,12,0,5.0,1,1
0,1.0,136,107,0,0,1,0,1,1,1,1,1,0,1,0,2,0,4.0,1,1
0,2.0,136,0,1,0,1,5,1,0,1,0,1,0,1,0,12,0,4.0,1,1
1,1.0,100,0,2,0,1,0,0,0,1,1,1,0,4,0,7,0,15.0,0,1
1,2.0,100,0,2,0,1,5,0,0,1,0,1,0,2,0,12,0,25.0,1,1
0,2.0,136,0,1,1,0,0,0,0,2,2,1,0,1,0,2,0,2.0,1,1
1,12.0,100,0,1,0,0,0,0,0,0,0,0,0,1,100,12,0,3.0,1,1
1,12.0,122,0,0,1,4,0,2,0,1,0,1,1,1,0,2,0,3.0,1,1
0,48.0,136,0,1,1,6,0,1,0,0,0,0,0,1,0,2,0,3.0,1,1
0,2.0,136,0,1,1,6,0,1,0,1,1,1,0,1,0,2,0,1.0,1,1
0,5.0,136,0,0,1,4,0,0,0,0,0,0,0,1,10,12,0,3.0,1,1
0,12.0,136,0,2,0,1,0,1,1,1,0,0,0,2,0,2,0,5.0,1,1
0,3.0,136,0,0,0,3,0,0,0,2,2,0,0,1,1,2,0,3.0,1,1
0,36.0,136,0,1,2,0,0,1,0,0,0,1,0,1,50,12,0,1.0,1,1
1,12.0,99,76,1,3,6,0,2,2,1,0,0,0,1,100,12,0,11.0,1,1
0,3.0,136,0,1,1,0,0,1,0,1,0,1,0,1,80,2,0,1.0,1,1
1,3.0,98,0,0,0,5,5,2,2,1,0,1,0,1,50,2,0,2.0,1,1
0,24.0,21,0,0,0,6,0,2,1,0,0,1,0,1,0,2,0,2.0,1,1
0,12.0,136,0,0,0,3,3,1,1,0,0,0,0,1,0,4,0,4.0,1,1
1,2.0,100,0,1,5,6,0,1,0,2,0,1,0,1,0,5,0,2.0,1,1
0,30.0,136,0,1,0,4,5,1,1,0,0,0,0,1,0,2,0,1.0,1,1
1,1.0,100,0,1,0,0,0,1,0,1,1,1,0,1,0,6,0,4.0,1,1
0,60.0,59,0,1,4,0,0,0,2,2,2,0,1,1,0,12,0,2.0,1,1
1,13.0,99,0,2,3,5,5,0,1,1,1,1,0,4,50,2,0,1.0,1,1
0,12.0,65,107,0,5,6,0,1,0,0,0,0,0,1,0,2,0,10.0,1,1
1,12.0,100,0,0,1,0,0,1,1,0,0,0,0,1,100,12,0,4.0,1,1
0,1.0,136,107,2,0,1,5,1,0,1,1,1,0,3,80,2,0,13.0,1,1
1,12.0,98,0,2,0,6,0,2,2,1,1,1,0,3,0,12,0,1.0,1,1
1,5.0,100,0,1,0,1,4,0,0,0,0,2,0,1,0,7,0,2.0,1,1
1,4.0,98,78,2,0,1,5,1,1,2,2,2,1,8,0,2,0,5.0,1,1
0,5.0,136,0,1,0,6,0,1,0,0,0,1,0,1,0,12,0,3.0,1,1
0,6.0,136,0,1,6,0,0,1,0,2,2,2,0,1,0,2,0,3.0,1,1
1,3.0,100,0,1,5,6,0,0,0,1,0,1,1,1,0,2,0,8.0,1,1
1,1.0,99,78,0,2,6,0,1,1,1,1,1,0,1,50,2,0,10.0,1,1
1,1.0,120,78,0,4,6,0,1,0,1,0,1,0,1,0,2,0,6.0,1,1
0,0.0,136,0,2,0,1,5,1,0,1,1,1,0,4,0,12,0,3.0,1,1
1,0.0,100,0,1,0,1,1,1,0,0,0,0,0,1,0,2,0,1.0,1,1
1,5.0,99,0,0,5,6,0,1,1,0,0,0,0,1,100,12,3,11.0,1,1
0,2.0,136,0,1,0,1,0,1,0,0,0,1,0,2,0,2,0,4.0,1,1
0,2.0,136,0,1,1,4,5,0,0,1,0,1,0,1,0,4,0,4.0,1,1
1,8.0,98,106,0,0,6,0,1,2,0,0,0,0,1,0,2,0,4.0,1,1
1,1.0,100,0,1,0,3,5,0,0,1,1,1,0,1,0,2,0,4.0,1,1
1,5.0,100,0,0,0,1,4,0,1,0,0,1,0,1,0,12,0,4.0,1,1
0,1.0,136,107,1,1,5,5,1,0,1,0,1,0,6,15,2,1,29.0,1,1
0,3.0,136,107,1,0,1,5,1,0,1,0,1,0,2,0,2,0,2.0,1,1
1,6.0,135,0,0,0,6,0,1,1,2,0,2,0,1,0,12,0,4.0,1,1
0,1.0,136,107,2,0,1,5,0,0,1,1,1,0,6,0,2,0,5.0,1,1
0,2.0,136,0,2,0,1,0,1,0,1,1,2,0,6,0,5,0,10.0,1,1
1,2.0,100,0,2,0,5,5,1,0,1,1,1,0,2,0,2,0,16.0,1,1
1,2.0,100,0,0,1,5,5,1,0,1,0,1,0,2,0,2,0,3.0,1,1
0,12.0,136,107,0,1,2,0,1,0,0,0,2,0,1,0,12,0,5.0,1,1
1,4.0,129,78,0,1,4,5,1,0,1,1,1,0,1,0,12,0,3.0,1,1
1,5.0,100,0,0,0,6,0,1,0,1,0,1,0,1,0,2,1,15.0,1,1
0,10.0,65,0,0,1,0,0,1,1,1,0,1,0,1,0,2,0,3.0,1,1
0,48.0,28,0,1,0,1,1,1,0,0,0,0,0,1,0,12,0,3.0,1,1
1,4.0,100,0,1,0,6,0,1,0,0,0,1,0,1,0,2,0,3.0,1,1
0,14.0,136,4,1,0,1,0,1,1,0,0,0,0,1,0,2,0,1.0,1,1
0,1.0,136,0,0,0,0,0,1,0,1,1,1,0,1,0,2,0,2.0,1,1
1,1.0,100,0,0,0,6,0,1,1,1,1,1,0,1,30,2,0,2.0,1,1
1,2.0,100,0,1,0,6,0,1,0,1,2,1,0,1,0,12,0,1.0,1,1
0,3.0,136,0,1,0,1,0,1,0,1,1,1,0,1,0,2,1,13.0,1,1
0,84.0,57,0,0,1,5,5,0,2,0,0,0,0,1,200,2,0,3.0,1,1
1,2.0,100,0,0,5,6,0,1,0,0,0,1,0,1,70,2,0,2.0,0,1
1,3.0,127,0,0,0,1,3,2,1,1,1,1,0,1,0,1,0,4.0,1,1
1,1.0,122,77,2,1,4,5,1,1,1,1,1,0,2,0,7,0,1.0,1,1
0,2.0,136,0,1,0,1,0,1,1,0,0,1,0,1,0,2,0,7.0,1,1
1,24.0,117,0,1,0,1,0,1,2,0,0,2,0,1,350,2,0,13.0,1,1
0,8.0,136,0,0,0,0,0,1,0,1,1,1,0,1,0,3,0,1.0,1,1
1,4.0,97,78,1,1,3,3,0,0,1,1,1,0,1,0,2,0,3.0,1,1
1,1.0,122,78,1,1,4,0,1,0,1,1,1,0,1,0,3,0,1.0,1,1
0,37.0,136,0,1,0,6,0,1,0,0,0,0,0,1,80,2,1,5.0,1,1
1,7.0,98,0,0,4,5,5,1,2,2,2,2,0,1,0,12,1,11.0,1,1
0,9.0,36,107,1,0,3,5,1,0,1,0,0,0,1,0,12,0,2.0,1,1
0,1.0,136,0,2,0,1,3,1,0,1,1,1,0,4,0,2,0,5.0,1,1
0,9.0,40,0,1,0,4,0,1,0,0,0,1,0,1,350,2,0,1.0,1,1
1,4.0,100,0,0,3,6,0,1,0,1,1,1,0,1,0,2,0,1.0,1,1
0,31.0,5,51,1,0,1,3,1,1,0,0,0,0,1,0,2,0,2.0,1,1
0,17.0,57,0,0,4,0,0,0,1,0,0,0,0,1,200,2,0,1.0,1,1
0,24.0,38,0,0,6,0,0,1,1,0,0,1,0,1,250,12,0,2.0,1,1
0,3.0,136,0,1,1,6,0,1,0,0,0,1,0,1,0,12,0,15.0,1,1
1,2.0,99,0,0,0,4,5,1,1,1,1,1,0,1,0,12,0,5.0,0,1
0,2.0,136,0,1,4,6,0,1,0,1,1,1,0,1,0,3,0,2.0,1,1
0,18.0,38,0,1,1,0,0,0,2,2,0,2,0,1,0,2,0,1.0,1,1
0,24.0,44,0,1,0,0,0,2,0,0,0,1,0,1,350,2,0,2.0,1,1
0,1.0,136,0,1,1,0,0,1,1,1,0,1,0,4,0,2,0,12.0,1,1
0,2.0,136,107,0,0,1,5,1,0,0,0,1,0,1,0,2,1,3.0,1,1
0,1.0,136,0,1,0,6,0,1,0,0,0,1,0,1,0,12,0,5.0,1,1
0,5.0,139,32,0,0,6,0,1,1,0,0,1,0,1,0,2,0,2.0,1,1
1,1.0,99,0,0,2,0,0,1,1,1,0,1,0,1,0,2,0,1.0,1,1
1,24.0,100,0,1,0,1,3,1,0,1,0,0,0,1,0,12,0,4.0,1,1
0,6.0,136,0,1,1,6,0,1,1,1,0,1,0,1,0,2,0,5.0,1,1
1,7.0,99,0,1,0,1,2,1,1,1,0,1,0,1,0,12,0,5.0,1,1
1,10.0,122,80,2,1,2,5,1,0,1,1,1,0,3,0,2,0,3.0,0,1
0,36.0,160,0,1,1,0,0,0,1,0,0,0,0,1,0,12,0,10.0,1,1
0,2.0,136,0,0,1,6,0,1,0,1,1,1,0,4,0,2,0,2.0,1,1
0,5.0,136,0,1,0,0,0,1,0,0,0,1,0,1,0,2,1,2.0,1,1
1,2.0,100,0,0,1,2,5,0,0,1,1,1,0,1,0,2,0,5.0,1,1
0,1.0,136,0,0,0,1,5,0,1,1,1,1,0,1,0,2,0,2.0,1,1
1,2.0,115,0,0,0,6,0,1,0,1,1,1,0,1,0,12,0,3.0,1,1
0,5.0,136,6,0,0,6,0,1,1,1,0,1,0,1,0,2,0,13.0,1,1
1,1.0,100,0,1,0,5,5,0,0,1,1,1,0,1,0,12,0,1.0,1,1
0,1.0,136,107,2,0,1,0,1,0,1,0,1,1,3,0,2,0,5.0,1,1
0,36.0,57,44,0,1,4,0,0,2,0,0,0,0,2,0,3,0,3.0,1,1
0,5.0,136,107,1,1,6,0,2,0,0,0,0,0,1,50,5,0,6.0,1,1
1,1.0,100,0,1,1,5,5,0,0,2,2,1,0,1,30,2,0,1.0,1,1
0,15.0,136,0,0,4,6,0,1,0,0,0,0,0,1,0,2,0,4.0,1,1
1,2.0,100,0,0,0,6,0,1,0,1,1,1,0,1,0,2,0,4.0,1,1
0,5.0,136,0,1,0,0,0,1,0,0,0,0,0,1,0,5,0,1.0,1,1
1,3.0,100,0,1,0,0,0,1,0,1,0,1,0,1,0,2,0,3.0,1,1
1,12.0,100,101,1,0,1,0,0,0,0,0,0,0,1,0,2,0,5.0,1,1
1,2.0,100,0,2,1,3,5,1,0,2,2,2,1,2,0,3,0,4.0,1,1
1,6.0,100,0,1,1,3,3,0,0,0,0,1,0,1,0,2,0,3.0,1,1
1,5.0,100,0,1,5,6,0,1,1,0,1,0,0,3,0,12,0,2.0,0,1
0,1.0,136,0,1,0,1,0,2,0,0,0,1,0,1,0,2,0,1.0,1,1
1,5.0,98,0,0,2,4,0,0,0,1,0,1,0,1,0,4,0,6.0,1,1
0,24.0,136,0,1,0,0,0,1,0,0,0,0,0,1,300,2,0,2.0,1,1
1,2.0,99,0,1,5,6,0,1,1,0,0,1,0,2,0,12,0,4.0,1,1
1,4.0,100,58,0,0,0,0,1,0,0,0,1,0,1,0,12,0,2.0,1,1
0,60.0,57,0,1,1,6,0,1,0,0,0,2,0,1,0,2,0,1.0,1,1
1,6.0,99,0,0,6,0,0,1,1,1,1,1,0,1,0,3,0,4.0,1,1
0,18.0,51,122,0,2,6,0,1,0,0,2,0,0,1,0,3,0,2.0,1,1
1,4.0,100,0,0,0,5,5,1,0,0,0,0,0,1,0,2,0,14.0,1,1
1,1.0,99,0,2,0,0,0,1,1,1,1,1,0,3,0,7,0,6.0,1,1
0,6.0,136,0,1,0,1,0,1,0,0,0,0,0,1,150,2,0,3.0,1,1
1,2.0,100,101,0,0,6,0,1,0,0,0,1,0,1,100,12,0,4.0,1,1
0,0.0,136,107,0,6,0,0,1,0,0,0,1,0,1,0,2,0,3.0,1,1
0,48.0,5,0,1,0,2,0,2,1,1,1,1,0,1,0,2,0,3.0,1,1
0,3.0,136,0,1,1,6,0,0,0,1,0,2,0,3,0,2,0,2.0,1,1
0,3.0,52,122,2,0,1,5,1,0,2,2,1,0,4,0,12,0,2.0,1,1
0,2.0,136,0,1,1,0,0,1,0,0,0,1,0,1,0,2,0,2.0,1,1
0,3.0,136,0,1,1,0,0,1,1,2,0,1,0,1,100,12,0,7.0,1,1
1,2.0,98,101,1,1,5,5,1,2,1,1,1,0,1,0,2,0,13.0,1,1
1,4.0,100,0,0,0,5,5,1,0,0,0,1,0,1,10,2,0,6.0,1,1
0,2.0,136,0,1,1,6,0,1,1,0,0,2,0,2,0,0,0,2.0,0,1
1,24.0,100,0,2,1,6,0,2,0,1,0,1,0,4,0,2,0,5.0,1,1
0,65.0,24,0,1,6,0,0,0,1,0,0,2,0,1,0,12,0,1.0,1,1
0,6.0,5,107,1,0,0,0,2,1,0,0,1,0,1,0,2,0,2.0,1,1
0,2.0,136,107,1,0,6,0,0,0,2,2,2,0,3,0,2,0,1.0,1,1
0,24.0,28,0,1,1,0,0,0,0,2,2,1,0,1,0,2,0,0.0,0,1
1,8.0,81,102,1,0,1,5,1,0,1,1,0,0,1,0,2,0,6.0,1,1
0,1.0,136,0,1,1,0,0,1,0,0,0,0,0,1,0,2,0,1.0,1,1
0,1.0,136,0,1,4,0,0,1,1,1,1,1,0,1,0,2,0,5.0,1,1
1,4.0,98,0,2,0,0,0,0,2,1,1,1,0,2,50,2,0,4.0,1,1
0,24.0,8,0,0,2,0,0,2,1,2,2,0,0,1,0,2,0,2.0,1,1
0,48.0,37,0,0,2,0,0,0,1,0,0,1,0,1,0,12,0,1.0,1,1
1,4.0,100,0,1,4,0,0,0,0,1,1,1,1,1,0,2,0,1.0,0,1
0,36.0,62,107,0,4,6,0,0,1,0,0,0,0,1,0,2,0,9.0,1,1
1,3.0,100,0,1,0,5,5,1,0,0,0,2,0,1,0,5,0,7.0,1,1
0,2.0,65,0,1,0,6,0,1,0,1,1,1,0,1,0,2,0,11.0,1,1
0,24.0,136,0,0,4,6,0,2,0,2,2,2,0,1,0,2,0,2.0,1,1
0,1.0,136,0,0,0,0,0,1,1,0,0,1,0,1,0,12,0,1.0,1,1
0,96.0,151,0,1,1,4,0,0,1,0,0,0,0,1,0,2,0,11.0,1,1
1,9.0,99,0,0,0,5,0,1,1,1,1,1,0,1,0,2,0,1.0,1,1
0,95.0,63,0,1,1,0,0,2,0,0,0,0,0,1,0,2,0,2.0,1,1
0,3.0,21,107,1,0,0,0,2,0,1,1,1,0,1,0,2,0,1.0,1,1
0,2.0,136,0,1,4,0,0,1,0,1,1,1,0,1,150,2,0,5.0,1,1
0,1.0,136,107,0,1,6,0,1,0,1,1,1,0,2,0,2,0,6.0,1,1
1,3.0,100,0,1,0,1,0,1,0,1,1,2,1,1,0,2,0,1.0,1,1
0,1.0,136,0,1,1,0,0,1,0,1,0,1,0,1,38,2,0,2.0,1,1
1,1.0,100,0,2,0,3,5,1,0,1,1,1,0,2,0,4,0,5.0,1,1
0,1.0,136,0,2,0,1,5,1,1,1,1,1,0,4,0,2,0,12.0,1,1
1,2.0,109,101,1,1,4,5,1,2,1,1,1,0,1,100,2,0,1.0,1,1
0,2.0,136,0,1,0,1,0,1,0,1,0,1,0,1,0,2,0,2.0,1,1
1,7.0,98,77,0,4,0,0,1,1,1,1,1,0,1,0,2,0,2.0,1,1
1,1.0,100,78,2,0,5,5,1,1,1,0,1,0,2,0,12,0,3.0,1,1
0,3.0,136,119,1,0,1,0,2,1,0,0,1,0,1,0,2,0,5.0,1,1
1,3.0,129,0,0,1,5,0,0,1,1,0,1,0,1,0,12,0,3.0,1,1
0,2.0,136,0,2,0,4,0,1,0,1,1,1,0,4,0,5,0,6.0,0,1
0,1.0,136,0,1,0,1,1,1,0,1,0,1,0,1,0,2,0,4.0,1,1
1,2.0,100,78,0,0,3,5,1,0,1,0,1,1,2,0,12,0,18.0,1,1
0,1.0,136,0,2,0,1,0,1,0,1,1,1,0,6,0,12,0,5.0,0,1
1,2.0,99,0,0,1,6,0,0,1,1,0,1,0,1,0,3,0,2.0,1,1
1,12.0,100,0,1,5,6,0,0,0,0,0,0,0,1,0,12,0,6.0,1,1
0,3.0,4,107,1,0,1,0,1,1,1,1,1,0,1,0,12,0,2.0,1,1
1,3.0,122,78,1,1,4,0,0,0,1,1,1,0,1,0,2,0,1.0,1,1
1,2.0,99,0,2,0,1,2,1,1,1,1,1,0,4,150,2,0,5.0,1,1
1,6.0,100,0,1,2,0,0,1,0,1,1,1,1,1,0,12,0,3.0,1,1
0,2.0,136,0,1,1,3,5,1,0,2,2,2,0,2,0,3,0,1.0,1,1
0,2.0,136,0,1,0,1,0,1,0,0,0,1,0,2,0,12,0,11.0,1,1
1,4.0,99,0,0,5,6,0,0,1,1,1,1,0,1,0,2,0,5.0,1,1
1,5.0,100,0,0,6,0,0,1,1,2,2,2,0,1,0,2,0,3.0,1,1
0,3.0,136,0,0,0,0,0,1,1,2,2,1,0,1,0,2,0,6.0,1,1
0,1.0,136,0,1,4,0,0,0,0,1,1,1,0,1,0,2,0,1.0,1,1
1,2.0,100,0,0,0,6,0,0,1,1,1,1,0,1,0,12,0,3.0,1,1
0,3.0,136,0,1,6,0,0,1,1,1,1,1,0,1,0,2,1,30.0,1,1
0,48.0,38,0,0,4,6,0,0,1,0,0,0,0,1,0,12,0,1.0,0,1
1,2.0,99,0,1,0,6,0,0,1,1,1,1,0,1,0,2,0,3.0,1,1
0,84.0,8,0,0,2,0,0,2,2,0,0,0,0,1,0,12,0,1.0,1,1
0,24.0,57,0,0,1,4,5,0,2,0,0,1,0,1,250,2,0,2.0,1,1
1,2.0,100,0,2,0,1,5,1,0,1,1,1,0,5,0,2,0,4.0,0,1
0,2.0,136,4,1,0,1,0,1,1,0,0,1,0,1,0,2,0,3.0,1,1
0,36.0,136,0,0,1,0,0,0,2,2,2,1,0,1,0,2,0,3.0,0,1
0,12.0,136,0,1,3,4,0,1,1,0,0,0,0,1,0,12,0,4.0,1,1
0,2.0,136,0,1,0,3,0,1,1,1,1,1,0,3,0,2,0,5.0,1,1
0,4.0,136,0,1,1,0,0,0,0,1,1,0,0,1,30,2,0,1.0,1,1
1,12.0,99,0,1,0,3,5,1,1,2,2,2,0,1,0,0,0,1.0,1,1
1,2.0,99,0,0,2,0,0,1,0,1,0,1,0,1,0,2,0,14.0,1,1
1,7.0,79,68,0,1,0,0,1,2,0,0,1,0,1,0,12,0,3.0,1,1
1,3.0,100,0,1,5,6,0,0,0,1,1,1,0,1,0,7,0,5.0,1,1
1,4.0,99,88,0,0,0,0,1,1,0,0,1,0,1,100,2,0,4.0,0,1
0,6.0,8,33,1,0,0,0,1,0,0,0,2,0,1,100,2,0,1.0,1,1
1,3.0,100,97,1,1,4,0,0,0,2,2,2,0,1,0,12,0,6.0,1,1
1,4.0,100,0,0,2,0,0,1,0,0,0,0,0,1,100,2,0,2.0,1,1
0,36.0,38,0,0,2,0,0,0,1,0,0,0,0,1,0,12,0,2.0,1,1
0,2.0,136,0,0,0,1,0,1,1,1,1,1,0,1,0,3,0,3.0,1,1
0,24.0,59,0,1,0,5,5,0,0,2,2,2,0,1,0,2,0,3.0,1,1
1,1.0,84,78,1,0,5,0,1,0,1,1,1,0,1,50,2,0,5.0,1,1
0,1.0,136,0,0,0,1,0,1,1,1,1,1,0,1,0,4,0,2.0,1,1
1,1.0,82,0,1,0,6,0,1,0,2,2,2,0,1,0,4,0,1.0,1,1
0,12.0,136,0,0,0,0,0,1,0,1,1,1,0,1,0,2,0,1.0,0,1
1,1.0,99,0,2,0,6,0,1,1,1,1,1,0,2,0,2,0,1.0,0,1
0,3.0,5,107,1,0,1,0,1,1,2,2,1,0,1,0,2,0,3.0,1,1
0,1.0,21,107,2,1,4,5,1,1,1,1,1,0,4,50,2,0,11.0,1,1
0,24.0,136,0,1,0,0,0,1,0,0,0,0,0,2,0,2,0,6.0,1,1
0,7.0,136,0,1,1,0,0,1,0,0,0,1,0,2,0,12,0,3.0,1,1
0,24.0,136,25,0,6,0,0,1,0,1,1,1,0,1,0,2,0,4.0,1,1
1,12.0,122,0,1,1,4,0,1,1,0,0,1,0,1,0,5,0,3.0,1,1
0,1.0,136,0,2,1,4,5,1,0,1,1,1,0,9,0,2,0,7.0,1,1
0,12.0,57,0,0,1,4,5,0,1,0,0,0,0,1,0,12,0,11.0,1,1
0,3.0,65,107,0,1,6,0,1,1,1,0,1,0,1,0,2,0,3.0,1,1
1,38.0,100,0,1,0,2,5,2,0,0,0,2,0,1,0,5,0,1.0,1,1
0,2.0,136,0,1,1,6,0,1,2,0,0,1,0,1,0,2,0,1.0,1,1
0,10.0,58,6,2,0,2,5,2,2,0,0,0,0,3,0,2,0,4.0,1,1
1,2.0,100,0,2,0,2,5,1,0,1,1,1,0,6,0,12,0,19.0,1,1
1,7.0,100,78,1,5,6,0,1,0,0,0,0,0,1,0,2,0,9.0,1,1
0,72.0,8,0,0,2,0,0,2,2,0,0,1,0,1,0,2,0,2.0,1,1
0,72.0,136,0,1,0,1,5,1,0,0,0,0,0,1,0,3,0,4.0,1,1
1,1.0,129,0,2,2,5,5,1,1,2,2,1,0,5,0,2,0,2.0,1,1
1,12.0,100,0,0,1,6,0,1,0,2,2,2,0,1,0,2,0,2.0,0,1
1,2.0,100,0,0,2,6,0,0,0,0,0,1,0,1,65,12,0,15.0,1,1
1,3.0,100,0,1,0,1,3,1,0,0,0,1,0,1,0,2,0,1.0,1,1
1,12.0,100,0,1,0,6,0,1,1,0,1,0,0,1,0,0,0,5.0,1,1
0,2.0,136,0,1,0,1,0,1,1,0,0,1,0,1,0,2,0,4.0,1,1
1,1.0,100,0,2,0,5,0,0,0,1,1,1,0,5,0,2,0,10.0,1,1
0,5.0,136,0,1,0,1,3,1,0,0,0,0,0,2,0,2,0,4.0,1,1
0,12.0,136,0,1,3,4,0,1,1,0,0,0,0,1,0,2,0,1.0,1,1
1,1.0,100,0,2,0,1,5,1,0,1,1,1,0,4,0,2,0,4.0,0,1
0,2.0,136,107,1,0,1,0,1,0,0,0,2,0,3,0,2,0,3.0,0,1
1,3.0,117,76,0,2,6,0,2,1,2,2,2,0,1,0,1,0,2.0,1,1
1,2.0,100,0,1,5,6,0,1,0,1,0,1,0,1,0,2,0,3.0,1,1
0,3.0,62,107,1,0,1,5,1,1,2,2,1,0,1,0,2,0,9.0,1,1
0,3.0,136,0,0,1,0,0,1,0,1,1,1,0,1,0,12,0,5.0,1,1
0,24.0,136,0,1,1,0,0,1,1,0,0,1,0,1,0,2,0,2.0,1,1
0,2.0,136,0,1,1,0,0,2,1,1,0,1,1,1,0,2,0,2.0,1,1
0,1.0,136,18,2,0,1,3,1,0,1,1,1,0,6,0,2,0,6.0,1,1
0,3.0,156,39,1,0,1,5,1,0,1,1,1,0,1,0,12,1,7.0,1,1
0,3.0,136,107,0,0,6,0,1,1,0,0,1,0,1,0,2,0,1.0,1,1
0,6.0,136,0,1,1,0,0,1,0,0,0,0,0,1,48,2,0,1.0,1,1
1,12.0,88,92,0,0,5,0,2,1,2,2,2,0,1,0,12,0,5.0,1,1
1,2.0,98,77,0,0,1,4,1,1,1,0,1,0,1,50,2,0,6.0,1,1
1,2.0,100,0,2,0,6,0,1,0,1,1,1,0,5,0,5,0,4.0,1,1
0,1.0,136,0,2,0,1,5,0,0,1,1,1,1,6,0,12,0,2.0,1,1
0,1.0,136,107,2,0,3,5,1,0,1,1,2,0,5,0,2,1,1.0,0,1
0,11.0,136,107,1,0,4,0,1,1,0,0,0,0,1,0,2,0,6.0,1,1
0,4.0,136,0,1,0,1,5,2,1,1,1,1,0,2,0,12,0,6.0,1,1
0,0.0,136,107,1,0,4,5,1,0,1,1,1,0,1,0,7,0,1.0,1,1
0,18.0,147,0,0,4,6,0,0,0,0,0,1,0,1,200,2,0,3.0,1,1
0,4.0,136,0,1,1,0,0,1,0,0,0,1,0,1,0,12,0,10.0,1,1
0,2.0,136,14,2,1,2,5,1,0,0,0,1,0,4,0,2,0,5.0,1,1
1,12.0,100,0,1,3,5,0,1,0,0,0,0,0,1,0,12,0,1.0,1,1
1,6.0,99,0,1,2,6,0,1,1,0,0,0,0,1,0,2,0,13.0,1,1
1,84.0,100,0,1,5,6,0,1,0,0,0,0,0,1,0,2,0,1.0,1,1
0,3.0,136,14,2,0,0,0,1,0,1,1,1,0,3,0,12,0,8.0,0,1
0,72.0,5,0,0,0,1,0,2,0,0,0,1,0,1,250,2,0,3.0,1,1
0,3.0,136,107,1,0,1,0,1,0,1,0,1,0,2,0,2,0,5.0,1,1
1,5.0,129,0,1,6,0,0,1,0,0,0,1,0,1,0,2,0,5.0,1,1
0,3.0,136,0,0,0,1,5,1,0,1,0,2,0,3,0,2,0,3.0,0,1
0,36.0,34,0,0,0,2,4,0,1,2,0,1,0,1,0,12,0,2.0,0,1
1,3.0,99,0,2,0,0,0,1,1,1,1,1,0,3,0,12,0,4.0,1,1
1,1.0,129,0,0,0,2,4,0,1,0,0,0,0,5,0,12,0,4.0,0,1
0,38.0,136,0,1,0,0,0,0,1,0,0,0,0,1,80,2,0,5.0,1,1
0,2.0,136,0,0,0,4,5,1,0,0,0,1,0,2,0,12,0,3.0,1,1
0,24.0,136,0,1,1,6,0,1,1,0,0,0,0,1,0,3,0,3.0,1,1
0,6.0,16,107,1,1,6,0,1,1,0,0,0,0,1,0,2,0,3.0,0,1
1,9.0,117,63,1,0,1,2,1,1,1,1,1,0,1,0,2,0,2.0,1,1
0,1.0,136,107,1,6,0,0,1,1,0,0,1,0,1,0,2,0,2.0,1,1
0,1.0,21,0,1,0,1,5,1,1,1,1,1,0,2,0,3,0,10.0,1,1
0,8.0,136,0,0,0,1,5,1,1,0,0,0,0,1,0,4,0,1.0,1,1
0,3.0,136,107,0,0,1,0,1,0,1,1,1,0,2,0,2,0,1.0,1,1
0,1.0,141,0,1,0,1,5,2,0,2,1,2,0,2,350,2,0,5.0,1,1
1,13.0,100,0,0,0,1,5,1,0,0,0,1,0,1,0,2,0,3.0,1,1
0,2.0,136,0,0,1,4,0,1,0,0,2,2,0,3,0,3,0,3.0,1,1
0,8.0,136,0,1,3,4,5,1,0,2,2,2,0,1,0,2,0,4.0,1,1
1,2.0,129,0,2,3,5,5,0,1,1,1,1,0,2,0,2,1,2.0,0,1
0,2.0,28,0,1,0,1,0,0,0,1,0,1,0,2,0,2,0,2.0,0,1
1,3.0,117,85,0,5,0,0,1,1,0,0,1,0,1,350,3,0,6.0,1,1
0,4.0,136,6,0,2,0,0,1,1,0,1,0,0,1,300,2,0,4.0,0,1
1,4.0,117,0,0,1,4,4,0,2,0,0,1,0,1,250,2,0,4.0,1,1
0,2.0,136,0,1,1,4,0,1,0,1,0,1,0,1,0,3,1,6.0,1,1
1,12.0,100,0,0,0,1,0,1,0,1,1,1,0,1,0,12,0,1.0,1,1
0,4.0,44,4,1,0,4,0,2,1,0,0,1,0,1,200,2,0,5.0,1,1
0,1.0,136,0,0,0,1,5,1,0,1,1,1,0,1,0,2,0,1.0,0,1
1,14.0,99,0,1,0,1,2,1,1,1,0,0,0,1,200,12,0,1.0,1,1
1,1.0,129,0,2,0,1,1,0,1,1,1,1,0,5,50,2,0,5.0,0,1
1,3.0,99,0,2,0,5,5,1,1,1,0,1,0,6,0,2,0,4.0,1,1
1,2.0,100,0,0,0,6,0,0,0,1,0,1,0,1,0,2,0,7.0,1,1
1,2.0,99,0,0,0,5,5,1,1,0,0,1,0,4,150,2,0,9.0,1,1
0,2.0,136,72,0,0,1,0,2,1,0,0,1,0,1,0,2,0,2.0,1,1
1,2.0,129,0,1,0,6,0,1,0,1,1,1,0,1,0,2,0,5.0,1,1
0,1.0,21,107,0,4,6,0,2,0,1,1,1,0,1,0,2,0,4.0,1,1
0,1.0,136,0,0,0,1,0,1,0,1,0,1,0,1,0,2,0,4.0,1,1
1,12.0,135,0,1,0,6,0,1,1,0,0,0,0,1,0,12,0,1.0,0,1
0,60.0,38,28,1,1,0,0,0,2,0,0,0,0,1,0,2,0,3.0,1,1
1,8.0,100,0,0,5,6,0,1,1,0,0,1,0,1,150,12,0,3.0,1,1
1,12.0,78,78,0,1,0,0,1,0,0,0,0,0,1,0,2,0,3.0,1,1
0,5.0,136,0,1,0,1,5,1,1,0,0,1,0,1,150,3,1,2.0,1,1
0,2.0,136,107,1,0,1,5,1,1,0,0,1,0,4,0,12,0,8.0,1,1
0,5.0,136,0,1,1,2,0,0,0,0,0,0,0,1,0,12,0,2.0,1,1
1,4.0,100,0,0,0,6,0,0,0,0,0,1,0,1,100,12,0,2.0,1,1
1,6.0,115,0,1,1,0,0,0,0,0,0,0,0,1,200,2,0,4.0,1,1
1,60.0,80,0,1,0,1,3,1,0,1,1,1,0,1,0,12,0,5.0,1,1
1,3.0,100,0,0,3,6,0,0,0,1,0,1,0,1,0,12,0,5.0,1,1
0,2.0,136,0,1,1,0,0,1,1,1,0,1,0,1,0,2,0,4.0,1,1
1,2.0,91,78,2,0,2,5,0,0,0,0,1,0,2,0,2,0,9.0,1,1
1,2.0,100,0,0,0,6,0,1,0,1,0,1,0,1,50,2,0,4.0,1,1
0,12.0,136,107,1,1,0,0,1,0,1,0,1,0,1,0,3,0,1.0,1,1
0,1.0,136,0,0,1,6,0,1,1,1,1,1,0,1,0,2,0,3.0,1,1
1,11.0,100,78,0,0,1,1,2,0,0,2,2,0,1,0,2,0,0.0,1,1
0,2.0,136,0,1,1,0,0,1,0,1,1,2,0,5,0,5,0,5.0,1,1
0,2.0,136,0,1,0,6,0,1,1,0,0,0,0,1,150,12,0,13.0,1,1
0,3.0,28,107,0,1,0,0,0,0,0,0,1,0,1,0,12,0,1.0,1,1
0,2.0,136,0,1,1,0,0,1,0,0,0,1,0,1,0,4,0,5.0,1,1
0,1.0,136,0,2,0,1,5,1,0,1,1,1,0,7,0,2,0,6.0,0,1
1,1.0,100,0,1,0,1,5,0,0,1,1,1,0,3,0,12,0,2.0,0,1
1,3.0,129,78,1,0,0,0,0,0,1,0,1,0,1,0,7,0,1.0,1,1
0,2.0,136,0,1,1,0,0,1,0,0,0,1,0,1,0,2,0,2.0,1,1
0,2.0,136,107,0,0,1,0,1,0,0,1,1,0,1,0,7,0,1.0,1,1
1,7.0,99,77,0,5,6,0,1,1,0,0,0,0,1,100,2,0,9.0,1,1
0,5.0,21,51,1,4,6,0,1,0,0,0,0,0,1,0,12,0,5.0,1,1
0,6.0,136,0,0,0,1,0,1,1,0,0,1,0,1,0,2,0,2.0,1,1
1,1.0,98,78,0,1,2,5,2,0,1,1,1,0,1,0,2,0,4.0,1,1
1,4.0,99,0,0,0,1,3,0,1,2,2,2,0,1,0,2,0,2.0,1,1
0,5.0,136,0,1,1,0,0,1,1,0,0,1,0,1,0,4,0,1.0,1,1
0,8.0,136,0,0,1,0,0,1,0,1,1,1,0,1,0,7,0,2.0,1,1
1,1.0,114,0,0,0,1,5,1,1,1,1,1,1,1,0,2,0,3.0,1,1
0,4.0,136,107,1,6,0,0,0,0,0,0,0,0,1,0,2,0,2.0,1,1
1,12.0,135,0,0,0,6,0,1,0,2,2,0,0,1,0,2,0,6.0,1,1
0,3.0,136,107,1,0,1,5,1,1,1,0,1,0,1,0,2,0,0.0,1,1
1,12.0,100,0,1,0,1,4,0,0,0,0,0,0,1,0,2,0,6.0,1,1
1,4.0,100,0,1,3,6,0,1,0,1,1,1,0,1,0,3,0,2.0,1,1
1,21.0,100,77,1,0,0,0,1,1,1,1,1,0,1,0,2,0,2.0,1,1
0,1.0,21,107,1,1,0,0,1,1,0,0,1,0,1,0,3,0,5.0,1,1
1,15.0,129,101,1,3,0,0,1,0,0,1,1,0,3,0,9,0,1.0,1,1
0,3.0,136,107,0,1,6,0,1,1,1,0,1,0,1,0,2,0,5.0,1,1
0,1.0,16,107,1,0,1,5,1,0,0,0,1,0,1,0,12,0,9.0,1,1
1,3.0,100,0,1,0,6,0,1,0,1,1,1,0,12,0,2,0,4.0,1,1
0,1.0,136,0,0,0,1,0,1,0,1,1,1,0,1,0,2,0,1.0,0,1
1,3.0,100,69,1,0,3,5,0,0,0,0,1,0,1,0,3,1,7.0,1,1
0,0.0,136,0,0,1,6,0,1,0,1,0,1,0,1,0,2,0,4.0,1,1
1,12.0,87,81,0,0,3,0,2,2,2,2,2,0,1,0,2,0,2.0,1,1
1,2.0,100,0,0,6,0,0,1,1,0,0,1,0,1,0,2,0,1.0,1,1
1,3.0,129,0,1,1,5,5,0,0,2,0,1,0,1,0,2,0,4.0,1,1
1,4.0,100,0,1,3,6,0,1,1,0,0,1,0,1,250,7,0,7.0,1,1
0,60.0,38,0,1,4,0,0,0,1,0,0,0,0,1,0,7,0,1.0,1,1
1,48.0,115,90,1,0,6,0,1,0,0,0,0,0,1,0,12,0,1.0,1,1
1,2.0,100,0,1,0,2,5,0,0,1,1,1,0,1,0,12,0,3.0,1,1
1,4.0,129,77,0,0,3,5,0,1,0,0,1,0,1,0,12,0,1.0,1,1
0,2.0,136,0,0,0,1,5,1,1,1,1,1,0,1,0,2,0,4.0,1,1
1,1.0,99,0,0,0,6,0,0,1,1,1,1,0,1,0,2,0,1.0,1,1
0,4.0,136,107,1,0,3,0,2,1,1,1,1,0,1,0,12,0,5.0,1,1
0,36.0,136,0,1,1,0,0,1,0,0,0,0,0,1,0,2,0,5.0,1,1
1,36.0,87,0,0,0,0,0,1,0,0,0,0,0,1,0,2,0,3.0,1,1
1,1.0,99,0,0,3,4,5,2,1,1,1,1,0,1,0,2,0,4.0,1,1
1,4.0,100,0,1,1,0,0,1,0,1,1,1,0,1,0,2,0,1.0,1,1
1,2.0,129,68,1,0,6,0,1,1,1,0,1,0,1,0,2,0,5.0,1,1
0,9.0,35,107,0,1,4,5,1,0,0,0,1,0,1,0,12,0,2.0,1,1
0,4.0,136,0,1,0,0,0,1,0,0,0,1,0,1,0,2,0,5.0,1,1
0,4.0,136,107,0,4,0,0,1,0,0,0,0,0,1,0,2,0,3.0,1,1
1,1.0,99,78,1,0,2,5,0,1,1,0,1,0,1,50,2,0,5.0,1,1
1,5.0,89,0,1,0,4,0,0,0,0,0,0,0,1,0,12,0,3.0,1,1
1,36.0,99,63,0,1,5,5,1,1,2,0,0,0,1,0,2,0,4.0,1,1
0,84.0,57,0,0,1,6,0,1,1,2,2,2,0,1,0,2,0,3.0,0,1
0,3.0,136,0,1,2,0,0,1,0,1,1,1,0,2,0,12,0,5.0,1,1
0,60.0,38,0,0,0,5,0,0,0,0,1,1,0,1,300,2,0,1.0,1,1
1,2.0,120,0,1,0,5,0,1,0,0,0,1,0,1,0,2,0,5.0,0,1
1,2.0,125,0,0,2,0,0,1,0,1,0,1,0,1,100,2,0,3.0,1,1
0,1.0,136,0,1,4,0,0,0,0,2,2,2,0,2,0,7,0,3.0,1,1
0,2.0,136,0,1,0,1,0,1,1,1,1,1,0,3,0,2,0,3.0,1,1
1,1.0,79,0,0,1,6,0,1,2,0,0,1,0,1,350,2,0,9.0,1,1
1,2.0,100,0,1,3,6,0,0,1,1,1,1,0,1,0,2,0,10.0,1,1
0,3.0,75,107,0,0,1,0,1,0,2,2,1,0,1,0,2,0,2.0,1,1
0,1.0,136,107,2,2,3,3,1,0,1,1,1,0,6,0,12,0,1.0,1,1
0,24.0,11,0,1,1,6,0,2,0,2,2,2,0,1,0,12,0,3.0,1,1
1,11.0,100,0,1,0,6,0,1,0,0,0,0,0,1,0,2,0,3.0,0,1
1,24.0,99,0,1,4,0,0,1,1,0,0,0,0,1,20,2,0,3.0,1,1
0,12.0,136,0,1,1,0,0,1,0,0,0,0,0,1,0,12,0,7.0,1,1
1,7.0,100,0,0,2,6,0,0,0,0,0,0,0,1,0,12,0,1.0,0,1
1,5.0,84,0,0,0,1,0,0,0,0,0,0,0,1,0,12,0,5.0,1,1
0,2.0,136,0,0,0,1,3,1,1,0,0,1,0,1,80,2,0,2.0,0,1
1,1.0,129,0,0,5,0,0,0,0,1,1,1,0,1,0,2,0,7.0,1,1
0,2.0,136,0,1,0,4,5,1,0,1,1,1,0,1,0,4,1,7.0,1,1
1,12.0,100,0,1,0,3,5,0,0,0,0,0,0,1,0,2,0,2.0,1,1
0,2.0,136,0,1,4,0,0,1,1,0,0,1,0,1,0,4,0,1.0,1,1
0,36.0,46,0,0,0,1,5,3,2,0,0,1,0,1,0,2,0,1.0,1,1
1,1.0,99,0,0,6,0,0,1,1,1,0,1,0,1,0,2,0,2.0,1,1
1,4.0,100,0,0,3,6,0,1,0,0,0,1,0,1,0,12,0,17.0,1,1
0,1.0,136,0,2,0,4,5,1,0,1,0,1,0,4,0,12,0,7.0,1,1
1,1.0,130,0,2,1,6,0,0,1,2,2,2,0,4,0,7,0,4.0,1,1
0,12.0,48,0,0,0,5,5,1,0,0,0,0,0,1,200,2,0,3.0,1,1
0,1.0,136,107,1,0,1,0,1,1,1,0,1,0,1,0,2,0,5.0,1,1
0,2.0,136,0,0,0,3,5,1,1,1,0,1,0,1,0,12,0,6.0,1,1
1,6.0,100,0,1,0,5,5,1,0,1,0,0,0,1,0,2,0,5.0,0,1
0,1.0,39,107,0,0,0,0,1,1,1,0,1,0,1,0,2,0,3.0,1,1
1,3.0,91,0,1,0,3,5,1,0,1,0,1,0,1,50,6,0,3.0,1,1
1,2.0,100,78,0,0,5,5,0,0,1,0,1,0,1,0,12,0,14.0,1,1
1,2.0,99,0,0,4,0,0,1,1,1,1,1,0,1,0,3,0,2.0,1,1
1,2.0,91,0,1,0,3,5,0,0,1,1,1,0,1,50,2,0,5.0,1,1
1,3.0,100,78,2,0,3,4,0,1,1,1,1,0,6,0,2,0,5.0,1,1
0,2.0,136,0,0,0,1,0,1,1,1,0,1,0,1,5,2,0,4.0,1,1
1,0.0,100,78,2,0,1,5,1,0,1,1,1,0,5,0,2,0,14.0,1,1
0,0.0,136,0,0,0,1,0,1,1,1,1,1,0,1,0,2,0,5.0,1,1
0,1.0,136,0,0,1,6,0,1,0,1,1,1,0,1,0,2,0,2.0,1,1
1,2.0,100,0,1,3,6,0,1,0,0,0,1,0,1,0,2,1,10.0,1,1
0,17.0,136,0,0,0,1,0,1,0,0,0,0,0,1,0,12,0,7.0,1,1
0,0.0,136,107,2,0,1,5,0,0,1,1,1,0,8,0,2,0,2.0,1,1
0,8.0,136,0,1,1,6,0,1,0,0,0,0,0,1,0,2,0,2.0,1,1
0,1.0,136,0,2,0,1,5,1,0,1,1,1,0,6,0,2,0,5.0,1,1
1,3.0,100,0,0,0,0,0,1,1,0,0,1,0,1,0,2,0,5.0,1,1
1,4.0,100,0,1,0,5,0,1,0,1,1,1,0,2,0,2,0,3.0,1,1
1,1.0,100,0,1,5,6,0,1,1,1,1,1,0,1,0,2,0,5.0,1,1
1,24.0,91,0,2,0,2,2,1,0,0,0,0,0,5,0,12,0,5.0,1,1
0,2.0,136,0,1,1,0,0,1,1,0,0,1,0,1,0,4,0,1.0,1,1
1,12.0,99,0,0,6,0,0,1,1,2,2,2,0,1,0,12,2,4.0,1,1
0,2.0,136,0,2,1,4,5,1,1,1,1,1,0,4,0,2,4,10.0,1,1
0,2.0,75,107,1,0,1,0,1,0,2,2,1,0,1,0,2,0,3.0,1,1
0,2.0,136,0,1,0,0,0,1,0,1,0,1,0,1,0,3,0,5.0,1,1
1,17.0,99,0,2,2,0,0,2,1,0,0,0,0,2,0,12,0,5.0,1,1
0,2.0,136,121,1,0,1,0,1,0,0,0,1,0,1,0,3,0,6.0,1,1
0,37.0,157,107,0,0,6,0,1,0,0,0,1,0,1,200,2,0,2.0,1,1
1,6.0,130,0,1,0,1,2,1,1,2,2,2,0,1,0,2,0,0.0,1,1
0,2.0,136,107,1,0,1,0,1,1,1,1,1,0,1,0,2,0,1.0,1,1
1,1.0,100,0,2,0,1,5,0,0,2,2,2,0,3,0,2,0,5.0,1,1
1,11.0,99,0,1,0,0,0,1,1,0,0,1,0,1,0,2,0,3.0,1,1
0,9.0,38,0,0,0,6,0,0,1,0,1,1,0,1,10,3,0,1.0,0,1
1,4.0,100,0,0,0,6,0,1,0,1,0,1,0,2,0,6,0,1.0,1,1
1,14.0,122,0,0,1,4,0,1,1,0,0,0,0,1,0,12,0,3.0,1,1
1,3.0,100,0,1,0,6,0,0,0,0,1,1,0,1,1,3,0,5.0,1,1
0,12.0,136,0,1,1,0,0,1,0,0,0,0,0,1,0,2,0,1.0,1,1
1,4.0,100,0,0,3,6,0,0,0,1,1,1,1,1,0,12,0,3.0,1,1
1,12.0,99,0,0,0,0,0,2,1,1,1,2,0,1,0,2,0,2.0,1,1
1,10.0,100,0,2,2,5,5,0,1,1,1,0,0,7,0,13,0,3.0,1,1
0,2.0,136,0,0,0,6,0,1,0,1,1,1,0,1,0,2,0,3.0,1,1
1,3.0,99,0,0,0,5,5,1,1,1,0,1,0,1,0,12,0,2.0,1,1
1,1.0,129,0,1,0,1,4,1,0,0,0,1,0,1,0,2,0,12.0,1,1
0,2.0,136,0,1,0,1,0,1,0,1,0,1,0,1,0,2,0,1.0,1,1
1,3.0,100,0,1,1,6,0,1,0,0,0,1,0,1,50,12,0,6.0,1,1
1,2.0,88,78,0,2,6,0,1,0,1,0,1,0,1,100,2,0,5.0,1,1
0,2.0,136,0,1,1,0,0,1,0,1,0,1,0,1,0,3,0,3.0,1,1
0,3.0,136,0,1,0,1,5,1,1,0,0,1,0,1,200,2,0,2.0,1,1
0,6.0,136,0,0,6,0,0,1,0,0,0,0,0,1,0,2,0,1.0,1,1
1,3.0,100,0,0,3,6,0,1,0,1,0,1,0,1,0,2,0,4.0,1,1
0,2.0,136,107,2,0,1,5,1,1,0,0,1,0,3,0,2,0,20.0,1,1
0,3.0,136,107,1,0,1,0,1,1,0,0,1,0,1,0,2,0,5.0,1,1
0,1.0,136,0,1,1,0,0,1,0,1,0,1,0,1,0,12,0,1.0,1,1
0,3.0,136,0,2,4,6,0,0,0,0,0,1,0,5,50,2,0,5.0,1,1
0,1.0,136,0,0,0,1,0,1,0,2,2,2,0,8,0,12,0,1.0,1,1
0,11.0,136,0,0,4,0,0,2,0,0,0,1,0,1,0,4,0,4.0,1,1
0,1.0,136,0,1,0,0,0,2,0,0,0,1,0,2,0,12,0,1.0,0,1
0,12.0,157,107,1,0,6,0,1,0,0,0,0,0,1,0,7,0,2.0,1,1
1,24.0,99,0,1,0,5,5,1,1,0,0,0,0,1,0,12,0,3.0,1,1
1,0.0,100,0,1,0,0,0,0,0,1,1,1,0,1,0,2,2,4.0,0,1
0,36.0,136,51,0,0,6,0,1,0,1,1,0,0,1,0,2,0,5.0,1,1
1,6.0,100,97,0,1,6,0,1,0,0,0,0,0,1,160,2,0,3.0,1,1
0,1.0,21,107,1,0,1,5,1,0,1,1,1,0,1,0,1,0,1.0,1,1
0,2.0,136,107,1,1,5,0,1,0,0,0,1,0,2,0,2,0,2.0,1,1
1,2.0,91,69,2,0,5,5,1,0,1,0,1,0,2,0,2,1,2.0,1,1
0,4.0,136,107,0,3,0,0,0,0,0,0,2,0,1,0,12,0,3.0,1,1
1,5.0,100,0,1,3,6,0,1,0,1,0,1,0,1,0,12,0,3.0,1,1
1,12.0,88,60,0,5,6,0,0,0,2,2,2,1,1,0,12,0,1.0,1,1
0,12.0,8,0,0,2,0,0,2,1,2,2,1,0,1,0,2,0,2.0,1,1
1,4.0,99,0,1,0,2,4,2,1,1,0,0,0,1,30,12,0,2.0,1,1
1,5.0,133,0,0,6,0,0,1,1,1,1,1,0,1,0,12,0,1.0,1,1
0,1.0,136,0,0,2,0,0,0,0,1,1,2,0,1,0,12,0,2.0,0,1
1,3.0,100,0,0,0,0,0,1,0,1,1,1,0,1,0,12,0,3.0,1,1
0,12.0,136,0,0,4,0,0,1,1,0,0,1,0,1,0,2,0,1.0,1,1
0,1.0,136,0,0,0,1,0,1,0,1,1,1,0,1,0,12,0,3.0,1,1
0,18.0,157,107,0,0,6,0,1,1,0,0,0,0,1,0,2,0,3.0,1,1
0,2.0,136,0,1,4,6,0,1,1,0,1,1,0,1,0,3,0,2.0,1,1
0,2.0,136,0,1,1,6,0,1,1,1,1,1,0,1,0,2,0,1.0,1,1
1,3.0,99,0,0,0,6,0,1,1,1,1,1,0,1,0,2,0,5.0,1,1
1,1.0,100,0,2,3,5,5,1,0,1,1,1,0,3,0,2,0,5.0,0,1
0,48.0,35,107,1,1,0,0,1,0,1,1,1,0,1,0,2,0,4.0,1,1
0,6.0,136,0,1,0,0,0,2,1,0,0,0,0,1,0,4,1,6.0,1,1
0,6.0,136,107,2,0,6,0,1,1,0,2,2,0,2,0,2,0,1.0,1,1
1,6.0,129,0,1,0,5,5,1,0,1,1,1,0,1,0,2,0,8.0,1,1
1,3.0,99,0,1,0,6,0,0,1,1,0,1,0,1,0,1,0,5.0,1,1
0,1.0,136,0,1,0,1,0,1,1,2,2,1,0,1,0,2,0,1.0,1,1
1,3.0,99,0,0,0,1,5,0,1,1,1,1,0,3,0,12,0,3.0,1,1
1,10.0,117,77,0,0,6,0,2,2,2,0,1,0,1,0,12,0,5.0,1,1
0,48.0,136,107,0,1,0,0,1,1,0,0,1,0,1,0,2,0,3.0,1,1
0,3.0,136,0,2,4,0,0,1,0,0,0,0,0,3,0,2,0,2.0,1,1
0,2.0,136,0,0,0,1,0,1,0,0,0,1,0,1,0,2,2,4.0,1,1
1,2.0,100,0,1,1,3,3,1,0,1,1,1,0,3,0,12,0,4.0,1,1
0,3.0,136,50,1,1,4,0,1,1,0,0,1,0,2,50,2,0,5.0,1,1
1,2.0,100,78,0,0,6,0,0,0,1,1,1,0,1,0,12,0,3.0,1,1
1,3.0,100,0,0,0,6,0,1,0,0,0,0,0,1,0,2,0,15.0,1,1
0,1.0,136,0,1,1,6,0,1,0,1,1,1,0,1,0,2,0,2.0,1,1
0,2.0,136,0,0,1,2,0,1,0,1,1,1,0,1,0,2,0,1.0,1,1
0,1.0,136,0,0,0,1,0,1,1,1,1,1,0,1,0,3,0,1.0,1,1
1,24.0,99,0,1,0,3,5,1,1,2,2,2,0,1,0,12,0,1.0,1,1
0,4.0,136,0,1,6,0,0,1,1,1,1,1,0,1,0,2,0,2.0,0,1
0,4.0,136,0,0,1,0,0,1,0,0,0,1,0,1,50,2,0,5.0,1,1
1,12.0,100,0,1,0,1,5,1,0,0,0,1,0,4,0,2,0,5.0,1,1
1,6.0,100,0,1,5,6,0,1,0,2,2,2,0,1,0,3,0,7.0,0,1
0,2.0,136,0,1,1,6,0,0,0,2,2,2,0,1,0,2,0,1.0,1,1
0,7.0,136,51,1,0,6,0,1,1,0,0,0,0,1,0,2,0,8.0,1,1
0,10.0,46,107,0,1,6,0,1,1,0,0,1,0,1,0,2,0,4.0,1,1
1,2.0,100,0,0,2,5,0,0,0,1,0,1,0,2,0,12,0,3.0,1,1
0,1.0,136,107,1,1,6,0,1,0,1,1,1,0,1,50,2,0,5.0,1,1
0,1.0,136,0,2,0,1,0,1,0,1,1,1,0,2,0,7,0,1.0,1,1
0,23.0,136,107,1,1,0,0,2,1,0,0,0,0,1,0,2,0,2.0,1,1
0,2.0,136,107,2,0,1,5,1,1,1,1,1,0,3,50,2,0,9.0,1,1
1,9.0,129,78,1,1,2,0,1,0,1,1,1,0,1,0,2,0,3.0,1,1
1,9.0,129,97,2,3,4,4,1,0,0,0,0,0,2,0,2,0,17.0,1,1
0,17.0,136,0,2,0,1,3,1,0,1,1,1,0,4,0,2,0,5.0,1,1
1,1.0,122,78,2,5,6,0,0,1,1,0,1,0,3,0,3,0,3.0,1,1
1,1.0,100,0,0,0,1,4,1,0,1,1,1,0,1,0,12,0,1.0,1,1
1,4.0,130,0,0,2,6,0,0,0,1,1,1,0,1,0,2,0,1.0,1,1
0,24.0,38,44,1,0,1,0,0,2,0,0,0,0,1,250,2,0,2.0,1,1
1,19.0,100,0,1,2,6,0,2,0,0,0,0,0,1,0,2,0,4.0,1,1
0,4.0,136,0,0,1,0,0,1,0,0,0,2,0,1,0,5,0,4.0,1,1
0,3.0,136,0,0,1,0,0,0,1,1,1,1,0,1,0,1,0,2.0,0,1
1,14.0,80,0,0,4,6,0,1,1,0,0,0,0,1,0,2,0,5.0,1,1
1,3.0,100,78,2,1,5,5,0,0,1,1,1,0,3,0,12,0,6.0,1,1
0,2.0,136,0,1,6,0,0,1,0,1,1,1,0,1,20,3,0,1.0,1,1
1,2.0,88,61,1,0,0,0,1,0,0,0,1,0,3,0,2,0,8.0,1,1
1,2.0,100,0,1,6,0,0,1,0,1,1,1,0,1,0,12,0,2.0,1,1
1,2.0,99,85,2,1,5,5,2,1,0,0,1,0,3,0,12,0,6.0,1,1
1,4.0,117,77,1,6,0,0,1,2,1,0,1,0,1,300,2,0,4.0,1,1
0,2.0,136,0,1,4,6,0,2,1,2,2,2,0,1,0,2,0,5.0,1,1
1,3.0,122,0,0,6,0,0,1,0,1,1,1,0,1,0,2,2,3.0,1,1
1,2.0,100,0,0,2,3,0,0,0,1,1,1,1,1,0,2,0,15.0,1,1
1,3.0,136,0,1,0,2,5,0,0,2,2,2,0,1,0,12,0,7.0,1,1
1,4.0,100,106,2,0,6,0,1,0,0,0,1,0,2,0,2,1,2.0,1,1
0,1.0,136,0,2,1,4,5,1,0,1,1,1,0,9,0,2,0,8.0,1,1
1,4.0,100,0,1,1,0,0,0,0,0,0,1,0,1,100,6,0,1.0,1,1
1,8.0,100,0,0,1,5,0,1,0,2,2,2,0,1,0,2,0,2.0,1,1
1,2.0,100,101,1,0,2,4,1,0,1,1,1,0,1,0,12,0,4.0,1,1
0,1.0,136,107,0,1,6,0,1,1,1,1,1,0,1,0,3,0,6.0,1,1
0,2.0,136,0,1,0,1,0,0,0,2,2,1,0,1,0,2,0,3.0,1,1
0,9.0,58,45,0,6,0,0,2,2,0,0,1,0,1,350,12,0,3.0,1,1
0,1.0,136,0,1,6,0,0,1,1,1,1,1,0,1,0,3,0,5.0,1,1
1,2.0,99,78,2,3,4,5,1,1,1,1,1,0,2,0,2,0,4.0,1,1
0,53.0,24,0,0,6,0,0,0,2,0,0,0,0,1,100,2,0,4.0,1,1
0,2.0,21,107,0,1,6,0,1,1,1,1,1,0,1,0,12,0,1.0,0,1
0,2.0,136,107,2,1,6,0,0,0,1,1,1,0,2,0,12,0,3.0,0,1
0,4.0,136,107,1,4,0,0,0,0,0,0,2,0,1,0,12,0,5.0,1,1
0,60.0,48,0,0,0,5,5,1,1,0,2,2,0,1,0,12,0,1.0,1,1
0,5.0,136,0,0,0,1,0,1,0,0,0,1,0,1,0,3,0,1.0,1,1
1,2.0,117,0,1,2,0,0,2,2,1,0,1,0,1,350,2,0,5.0,0,1
0,30.0,38,0,0,1,0,0,0,1,0,0,0,1,1,200,2,0,5.0,1,1
0,3.0,136,0,1,0,1,0,1,0,1,0,1,0,1,0,2,0,4.0,1,1
0,16.0,136,0,1,0,1,5,1,0,0,0,0,0,1,0,12,0,7.0,1,1
1,4.0,99,0,1,1,0,0,0,1,1,1,1,0,1,0,12,0,1.0,1,1
1,2.0,132,78,2,0,1,1,0,0,1,1,1,0,2,0,2,4,5.0,1,1
1,4.0,100,0,0,6,0,0,0,0,0,0,1,0,1,0,6,0,4.0,1,1
1,1.0,100,0,0,0,6,0,1,0,1,0,1,0,1,0,2,0,6.0,1,1
1,2.0,100,0,0,0,6,0,1,0,1,0,1,0,1,0,2,0,1.0,1,1
0,24.0,136,0,0,0,1,0,2,1,2,2,1,0,1,0,12,0,5.0,1,1
0,1.0,136,0,1,0,6,0,1,0,1,1,1,0,1,0,2,0,6.0,1,1
0,1.0,136,0,1,0,1,0,1,0,2,2,1,0,1,0,2,0,3.0,1,1
1,10.0,99,78,0,3,6,0,2,1,1,1,1,0,1,0,12,0,1.0,1,1
0,2.0,136,0,1,0,1,0,1,1,1,1,1,0,1,20,3,0,1.0,1,1
1,3.0,129,0,1,1,5,0,0,0,1,0,1,0,1,0,2,0,2.0,1,1
0,24.0,136,10,1,1,6,0,1,1,0,0,0,0,1,50,2,0,1.0,1,1
1,4.0,117,78,2,0,1,4,1,1,1,1,1,0,6,0,2,0,12.0,0,1
1,1.0,100,0,1,0,3,5,0,0,1,1,1,0,1,0,12,0,0.0,1,1
0,1.0,136,0,0,0,1,0,1,0,1,0,1,0,1,0,3,0,4.0,1,1
1,8.0,109,92,0,2,3,0,1,2,0,0,1,0,1,100,2,0,5.0,1,1
0,3.0,136,0,1,5,6,0,2,1,0,0,1,0,2,0,3,0,2.0,1,1
0,15.0,136,107,1,6,0,0,1,0,0,0,0,0,1,0,2,0,1.0,1,1
0,4.0,136,0,1,6,0,0,1,0,0,0,1,0,1,0,2,0,1.0,1,1
0,8.0,136,10,0,1,6,0,2,1,0,0,0,0,1,0,2,0,3.0,1,1
0,12.0,136,0,1,4,0,0,1,0,0,0,1,0,1,0,3,0,1.0,1,1
0,2.0,136,0,2,0,0,0,1,0,1,1,2,0,4,0,2,0,3.0,0,1
0,3.0,136,0,1,0,1,0,0,0,0,0,1,0,1,0,12,0,6.0,1,1
0,2.0,136,123,1,0,1,0,1,0,0,0,0,0,1,0,2,0,13.0,1,1
0,2.0,136,0,0,0,0,0,1,1,1,1,1,0,1,0,2,0,3.0,1,1
1,10.0,100,0,0,0,6,0,1,0,0,0,0,0,1,0,2,0,16.0,1,1
1,0.0,100,86,2,0,2,5,1,0,1,1,1,0,4,0,2,0,0.0,1,1
1,36.0,81,0,0,2,0,0,2,1,2,0,1,1,1,0,2,0,2.0,1,1
0,1.0,136,107,2,0,1,4,2,0,2,2,2,0,6,0,2,0,1.0,1,1
0,12.0,136,0,0,1,6,0,0,0,1,0,1,0,1,0,7,0,2.0,1,1
0,2.0,136,0,1,0,1,0,1,0,1,1,1,0,1,0,2,0,3.0,1,1
1,1.0,122,78,1,6,0,0,1,1,1,1,1,0,1,0,2,0,1.0,1,1
0,36.0,38,0,0,6,0,0,0,0,2,2,2,0,1,0,2,0,3.0,1,1
0,2.0,136,0,1,4,0,0,1,1,0,0,1,0,1,0,2,0,8.0,1,1
1,1.0,100,0,2,0,2,0,1,1,1,1,1,0,4,0,7,0,0.0,1,1
0,2.0,41,0,0,0,6,0,1,1,1,1,1,0,1,0,2,0,4.0,1,1
0,2.0,136,0,1,1,6,0,1,1,2,2,1,0,1,0,2,0,1.0,1,1
0,96.0,10,0,1,0,1,3,2,0,2,2,2,0,1,0,7,0,2.0,1,1
1,24.0,100,0,2,3,5,5,2,0,0,0,0,0,3,0,2,0,3.0,1,1
0,1.0,136,0,1,1,4,0,1,0,1,0,1,0,1,1,3,0,3.0,1,1
1,1.0,100,77,2,0,5,5,0,1,1,1,1,0,5,0,2,0,7.0,1,1
1,5.0,100,0,0,0,1,5,1,0,2,2,2,0,1,0,2,0,1.0,1,1
0,3.0,136,0,1,0,1,0,1,0,1,0,1,0,1,0,2,0,2.0,1,1
0,5.0,136,0,1,1,4,0,2,1,1,0,1,0,1,0,2,0,2.0,1,1
0,2.0,136,0,1,0,6,0,1,0,1,0,2,1,1,0,2,0,3.0,1,1
0,0.0,136,107,2,0,1,5,0,0,2,2,2,2,5,0,12,0,10.0,1,1
0,47.0,136,0,0,0,0,0,1,0,0,0,1,0,1,0,7,0,0.0,1,1
1,12.0,88,95,1,0,2,5,1,0,2,0,0,0,1,0,3,0,2.0,1,1
0,2.0,136,107,1,1,6,0,1,0,0,0,2,0,1,50,2,0,3.0,0,1
1,18.0,100,0,0,5,6,0,1,0,1,0,0,0,1,0,12,0,1.0,1,1
1,1.0,100,0,2,0,3,4,0,0,1,1,1,0,4,0,2,0,0.0,1,1
0,2.0,136,0,0,1,2,5,1,0,1,0,1,0,1,0,2,0,5.0,1,1
0,39.0,136,0,0,6,0,0,0,2,0,0,0,0,1,0,2,0,3.0,1,1
0,5.0,28,0,1,0,1,0,0,0,0,0,1,0,1,200,12,0,2.0,1,1
1,10.0,100,0,1,0,6,0,0,0,0,0,0,0,1,0,12,0,1.0,1,1
1,1.0,100,0,0,1,6,0,1,0,2,2,2,0,1,0,2,0,3.0,1,1
1,1.0,99,0,0,0,6,0,1,1,1,1,1,0,1,50,2,0,6.0,1,1
0,1.0,136,0,1,1,4,5,1,1,0,1,1,0,1,40,3,0,1.0,1,1
1,3.0,100,0,1,0,3,5,0,1,1,1,1,0,1,0,2,0,1.0,1,1
0,1.0,136,0,1,0,1,0,1,0,1,0,1,0,2,0,2,0,7.0,1,1
0,12.0,38,107,1,0,0,0,0,1,2,2,1,0,1,1,3,0,1.0,1,1
1,12.0,100,0,1,0,6,0,1,0,1,1,1,0,1,0,12,0,1.0,1,1
0,8.0,136,0,0,0,1,0,1,0,1,1,1,0,1,0,2,0,2.0,1,1
0,2.0,136,0,2,0,1,0,1,0,1,1,1,0,2,0,12,0,1.0,1,1
0,3.0,56,107,1,1,0,0,1,0,0,0,1,0,1,0,2,0,3.0,1,1
0,4.0,136,0,1,0,1,0,1,0,0,0,1,0,3,0,12,0,0.0,1,1
1,36.0,99,77,1,0,3,5,1,0,0,0,0,0,2,0,12,0,3.0,1,1
0,4.0,136,0,1,0,1,5,1,0,0,0,1,0,1,0,5,0,4.0,1,1
1,11.0,100,0,1,1,2,4,0,0,0,0,0,0,1,0,2,0,5.0,1,1
0,2.0,29,0,0,1,0,0,1,0,1,0,1,0,1,0,12,0,0.0,1,1
0,36.0,136,0,1,1,6,0,1,1,0,1,0,0,1,0,2,0,1.0,1,1
0,1.0,136,107,2,1,4,5,1,1,1,1,0,0,5,0,2,0,12.0,0,1
1,4.0,99,0,1,0,1,4,1,1,0,0,2,0,1,0,2,0,3.0,1,1
0,42.0,136,0,1,1,6,0,2,1,0,2,2,0,1,0,2,0,2.0,1,1
1,3.0,100,0,0,2,6,0,1,0,1,1,1,0,1,0,12,0,1.0,1,1
1,8.0,99,0,1,1,3,0,1,1,2,2,0,0,1,0,2,0,3.0,1,1
1,2.0,100,0,1,0,6,0,1,0,1,0,1,0,1,0,2,0,3.0,1,1
0,1.0,136,0,1,0,1,0,1,0,0,0,1,0,1,0,2,0,10.0,1,1
0,1.0,136,107,1,0,1,0,1,1,1,1,1,0,1,0,2,0,1.0,1,1
0,2.0,136,0,1,0,1,0,1,0,0,0,1,0,1,0,2,0,7.0,1,1
0,3.0,136,0,1,1,6,0,1,0,0,0,1,0,1,0,12,1,3.0,1,1
1,7.0,100,0,2,0,1,0,1,0,2,0,0,0,2,0,7,0,2.0,1,1
1,7.0,100,0,1,2,3,5,1,0,2,2,2,0,1,0,12,0,1.0,1,1
0,48.0,136,0,0,1,0,0,1,0,0,0,0,0,1,50,2,0,3.0,1,1
1,7.0,122,0,1,1,3,3,1,1,1,1,1,0,1,0,2,0,2.0,1,1
0,1.0,136,0,2,0,5,5,1,0,1,1,1,0,6,0,5,0,0.0,0,1
0,2.0,136,0,2,0,1,0,1,1,2,2,2,0,3,0,2,0,3.0,0,1
0,0.0,136,0,1,1,6,0,1,0,0,0,0,0,1,0,4,0,9.0,1,1
0,3.0,136,0,0,0,1,0,1,1,0,0,1,0,1,0,2,0,5.0,1,1
1,11.0,100,0,0,0,5,5,1,0,0,0,0,0,1,0,7,0,0.0,1,1
0,2.0,136,0,1,0,0,0,1,0,1,1,1,0,1,0,2,0,6.0,1,1
0,3.0,136,0,0,0,1,5,1,1,1,0,1,0,2,0,1,0,3.0,1,1
0,2.0,136,0,0,0,1,0,1,0,1,1,1,0,1,0,2,0,3.0,1,1
0,15.0,38,0,1,1,0,0,0,1,0,0,1,0,2,300,5,0,1.0,1,1
0,20.0,136,50,1,0,6,0,1,0,0,0,0,0,1,0,2,0,1.0,1,1
1,3.0,125,0,2,2,6,0,1,0,0,0,0,0,3,0,12,0,5.0,1,1
1,2.0,85,101,2,0,5,5,0,0,1,1,1,0,5,0,2,0,5.0,1,1
1,6.0,91,0,1,0,1,2,1,0,0,0,0,0,1,0,12,0,5.0,1,1
0,3.0,136,0,1,1,0,0,2,0,0,0,1,0,1,0,2,0,3.0,1,1
1,2.0,100,0,1,1,3,0,1,0,1,1,1,0,1,0,2,0,4.0,1,1
0,14.0,16,0,1,1,6,0,0,0,0,0,1,0,1,50,2,0,1.0,1,1
0,1.0,136,29,0,0,1,0,1,0,1,0,1,0,2,0,2,0,3.0,1,1
1,1.0,100,0,2,3,5,0,0,0,1,0,1,0,3,0,12,0,0.0,1,1
0,3.0,136,107,1,0,1,5,1,1,0,0,1,0,1,0,2,0,1.0,1,1
1,18.0,100,78,1,5,0,0,1,0,0,0,0,0,1,0,2,0,2.0,1,1
1,1.0,99,78,1,1,6,0,1,1,1,1,1,0,3,0,2,0,4.0,1,1
0,48.0,8,0,0,2,0,0,2,1,0,0,1,0,1,0,1,0,3.0,1,1
0,12.0,40,0,1,4,0,0,0,0,0,0,1,0,1,350,2,0,1.0,1,1
0,3.0,136,0,1,0,1,0,1,0,0,0,0,0,1,0,2,0,2.0,1,1
0,2.0,65,107,0,0,6,0,1,0,1,0,1,0,1,0,2,0,3.0,1,1
0,3.0,136,0,1,1,0,0,1,1,0,0,1,0,1,50,2,0,2.0,1,1
0,18.0,28,107,0,0,1,0,1,0,0,0,0,0,1,0,2,0,2.0,1,1
0,2.0,136,107,2,0,1,5,1,1,0,0,1,0,4,100,2,0,14.0,1,1
0,4.0,136,0,2,0,4,0,1,1,1,1,1,0,2,0,12,0,12.0,1,1
0,12.0,51,0,1,0,1,5,0,0,0,0,0,0,1,300,7,0,1.0,1,1
1,24.0,80,78,2,0,3,5,1,1,2,2,2,0,3,0,12,0,1.0,1,1
0,1.0,136,0,0,1,0,0,1,0,1,1,1,0,1,0,2,0,1.0,1,1
1,2.0,100,0,0,1,0,0,0,0,0,0,1,0,1,50,2,0,1.0,1,1
0,4.0,136,107,1,1,6,0,1,0,0,0,1,0,1,50,2,0,4.0,1,1
0,9.0,37,23,1,0,4,5,0,2,0,0,1,0,1,300,2,0,3.0,1,1
1,1.0,100,0,1,0,3,5,0,0,1,1,1,0,1,0,2,0,1.0,1,1
1,2.0,100,101,0,0,5,0,1,0,1,0,1,0,1,0,12,0,14.0,1,1
0,3.0,137,107,1,0,0,0,1,0,2,2,1,0,1,0,2,0,2.0,1,1
1,11.0,100,0,0,1,4,5,1,0,0,0,0,0,1,0,12,0,6.0,1,1
1,2.0,100,0,0,0,5,0,1,0,1,0,1,0,1,0,12,1,2.0,1,1
1,9.0,124,101,1,0,5,5,1,1,0,0,1,0,1,200,2,0,3.0,1,1
0,12.0,57,0,0,0,1,0,0,2,2,2,2,1,1,0,7,0,5.0,1,1
1,1.0,100,0,0,2,3,5,0,0,1,1,1,0,1,0,2,0,2.0,1,1
1,1.0,100,78,1,0,0,0,1,1,1,1,1,0,1,0,3,0,3.0,1,1
0,3.0,136,0,0,1,0,0,1,0,1,0,1,0,1,0,2,0,1.0,1,1
0,6.0,136,0,1,0,6,0,1,0,0,0,0,0,1,0,12,0,2.0,1,1
0,3.0,136,0,0,1,0,0,1,0,0,0,1,0,1,0,2,0,3.0,1,1
1,1.0,99,0,0,2,5,5,1,1,1,1,1,0,1,0,12,0,3.0,1,1
1,1.0,98,77,2,0,4,5,0,1,1,1,1,0,3,0,2,0,5.0,1,1
1,24.0,100,0,0,4,6,0,1,0,1,0,1,1,1,0,2,0,6.0,1,1
0,3.0,136,0,1,4,0,0,0,0,0,0,1,0,1,0,2,0,6.0,1,1
0,2.0,136,107,1,1,0,0,1,0,0,0,1,0,1,0,2,0,6.0,1,1
0,1.0,136,72,0,0,1,0,2,1,0,0,1,0,1,0,2,0,3.0,1,1
1,3.0,99,0,1,0,0,0,1,1,1,0,1,0,1,0,2,0,2.0,1,1
1,3.0,99,78,0,5,6,0,1,1,0,0,2,0,1,0,12,0,4.0,0,1
1,3.0,100,0,0,0,6,0,1,1,1,1,1,0,1,0,4,0,5.0,1,1
0,1.0,136,0,0,1,0,0,1,0,1,1,1,0,1,10,3,0,2.0,1,1
1,5.0,113,100,1,5,0,0,1,0,0,0,0,0,1,0,2,0,1.0,1,1
1,4.0,122,90,1,4,6,0,1,1,1,0,1,0,1,50,4,0,2.0,1,1
1,4.0,100,0,1,6,0,0,0,0,1,0,1,1,1,0,12,0,4.0,1,1
0,54.0,57,0,1,2,0,0,0,1,2,2,0,0,1,350,2,0,1.0,1,1
0,1.0,153,107,1,1,4,0,1,0,1,1,1,0,1,0,2,0,8.0,1,1
0,2.0,62,107,0,1,2,0,1,1,1,1,1,0,1,0,2,0,9.0,1,1
0,5.0,136,0,1,0,6,0,0,0,0,0,0,0,1,0,2,0,4.0,1,1
1,36.0,129,0,1,1,4,4,1,0,0,0,0,0,1,0,12,0,5.0,1,1
1,2.0,100,0,2,0,5,5,1,1,1,1,1,0,4,0,2,0,7.0,1,1
0,3.0,8,107,0,1,0,0,2,1,2,2,1,0,1,0,2,0,1.0,1,1
0,12.0,136,0,0,1,0,0,1,1,0,0,0,0,1,0,2,0,2.0,1,1
0,2.0,136,0,1,0,0,0,1,0,1,1,1,0,1,20,3,0,1.0,1,1
0,3.0,136,0,1,5,0,0,1,0,0,0,0,0,1,0,2,0,5.0,1,1
0,4.0,136,107,1,0,1,0,1,1,0,0,1,0,1,0,2,0,4.0,1,1
0,4.0,136,0,1,0,1,0,1,0,0,0,0,0,1,0,2,0,5.0,1,1
1,4.0,100,0,2,0,3,5,0,0,0,0,2,0,2,0,2,0,2.0,1,1
1,2.0,99,0,1,0,5,0,1,1,1,0,1,0,1,50,2,0,11.0,1,1
1,6.0,99,0,0,3,6,0,1,1,0,0,1,0,1,0,12,0,4.0,1,1
1,7.0,100,0,1,0,1,2,1,0,0,0,0,0,1,0,2,0,5.0,1,1
0,2.0,136,0,0,0,0,0,1,1,1,1,1,0,1,0,2,0,1.0,1,1
1,2.0,100,0,0,2,0,0,1,0,1,1,1,0,1,0,2,0,6.0,1,1
0,6.0,136,0,1,1,0,0,1,0,1,1,1,0,2,0,2,0,1.0,0,1
1,12.0,100,0,1,2,0,0,1,0,0,0,0,0,1,0,12,0,2.0,1,1
0,12.0,21,0,0,1,0,0,2,0,2,2,1,0,1,0,2,0,2.0,1,1
0,24.0,8,0,0,1,0,0,2,1,2,2,2,0,1,0,2,0,4.0,1,1
0,78.0,136,0,0,1,0,0,2,0,0,0,2,0,1,0,12,0,5.0,1,1
1,4.0,100,0,2,1,5,5,1,0,0,0,1,0,4,0,2,0,3.0,1,1
0,0.0,136,0,1,0,1,5,0,0,2,2,2,1,1,0,2,0,1.0,1,1
0,84.0,57,0,0,1,6,0,1,1,2,0,1,0,1,200,2,0,3.0,1,1
1,2.0,100,78,0,1,0,0,0,0,1,1,1,0,1,0,2,0,5.0,1,1
0,7.0,5,107,0,1,6,0,2,1,0,0,1,0,1,0,2,0,2.0,1,1
1,9.0,100,0,0,4,6,0,0,0,1,1,1,0,1,0,2,0,2.0,1,1
1,3.0,78,59,0,5,6,0,0,0,1,0,1,0,1,0,2,0,3.0,1,1
1,24.0,117,76,1,3,0,0,1,2,1,0,0,0,1,50,2,0,2.0,1,1
0,27.0,38,44,0,5,0,0,1,1,2,2,1,0,1,0,0,0,4.0,1,1
0,3.0,136,0,0,4,0,0,1,0,0,0,1,0,1,0,12,0,8.0,1,1
0,12.0,136,0,1,0,3,5,1,0,0,0,0,0,1,0,12,0,2.0,1,1
0,48.0,37,0,0,1,2,5,0,2,0,0,1,0,1,200,2,0,2.0,1,1
0,96.0,59,0,0,0,4,4,0,1,2,2,2,0,1,0,12,0,3.0,0,1
1,3.0,100,0,0,2,6,0,1,0,0,0,0,0,1,0,2,1,16.0,1,1
1,1.0,129,0,1,0,1,5,0,0,1,0,1,0,1,0,2,0,2.0,1,1
1,1.0,100,78,1,0,3,5,1,0,1,1,1,0,2,0,3,0,3.0,1,1
1,1.0,100,0,0,3,6,0,1,0,1,0,1,0,1,0,2,0,10.0,1,1
0,2.0,136,0,0,0,1,5,0,0,0,0,1,0,1,0,2,0,3.0,1,1
0,60.0,21,0,1,2,3,0,2,0,2,2,2,0,1,0,2,0,2.0,1,1
1,6.0,100,101,1,5,0,0,1,0,2,2,2,0,1,0,7,0,4.0,1,1
0,48.0,136,0,1,4,0,0,2,0,0,0,0,0,1,0,2,0,2.0,1,1
1,12.0,98,0,1,0,1,1,1,2,0,0,0,0,1,0,2,0,5.0,1,1
0,2.0,136,107,1,2,0,0,1,1,0,0,1,0,1,0,2,0,2.0,1,1
0,2.0,151,126,0,0,0,0,1,1,0,0,1,0,1,100,12,0,1.0,1,1
0,2.0,136,0,0,0,4,0,1,1,1,1,1,0,1,0,3,0,6.0,1,1
0,36.0,52,36,2,1,6,0,1,0,2,2,2,0,2,200,12,0,5.0,0,1
1,2.0,91,0,1,0,1,5,1,1,1,1,1,0,1,0,12,0,4.0,1,1
0,1.0,136,0,1,0,6,0,1,1,1,1,1,0,1,0,2,0,9.0,1,1
0,24.0,38,0,1,4,0,0,0,1,0,0,0,0,1,0,2,0,3.0,1,1
0,2.0,136,0,0,0,0,0,0,0,0,0,2,0,1,0,2,0,2.0,1,1
1,24.0,100,0,0,5,6,0,1,0,0,0,1,0,2,0,12,0,1.0,1,1
0,2.0,136,0,1,4,0,0,1,0,1,1,1,0,1,0,12,0,5.0,1,1
1,6.0,100,0,1,0,1,5,1,0,0,0,0,0,1,0,2,0,5.0,1,1
1,4.0,100,90,0,5,0,0,0,1,1,1,1,0,1,0,12,0,2.0,1,1
1,7.0,100,0,1,0,1,5,1,0,0,0,0,0,1,0,7,0,3.0,1,1
0,12.0,13,0,0,3,6,0,1,0,0,0,0,0,1,0,2,0,2.0,1,1
0,2.0,136,107,1,0,1,0,1,0,2,0,2,0,1,200,12,0,3.0,1,1
0,2.0,136,0,0,0,1,0,1,1,0,0,1,0,1,0,2,0,6.0,1,1
0,2.0,141,14,1,2,6,0,1,0,2,2,1,0,1,0,2,0,2.0,1,1
0,2.0,136,0,1,1,0,0,1,0,0,0,1,0,1,0,2,0,1.0,1,1
0,6.0,136,0,1,4,0,0,1,1,1,0,1,0,1,0,12,0,6.0,1,1
0,1.0,136,107,2,0,1,1,0,0,1,1,1,0,5,0,12,0,3.0,1,1
1,2.0,129,0,2,0,3,0,0,1,1,1,1,0,4,0,2,0,5.0,1,1
1,12.0,100,0,1,0,5,5,1,0,0,0,1,0,3,0,12,0,2.0,1,1
0,3.0,136,0,2,0,1,5,1,1,1,1,1,0,7,0,2,0,0.0,1,1
0,1.0,136,0,2,0,1,0,0,0,1,1,1,0,7,0,5,0,5.0,0,1
1,1.0,100,0,1,0,2,5,1,0,1,1,1,0,1,0,2,0,4.0,1,1
0,9.0,21,52,0,0,0,0,2,0,2,0,1,0,1,0,7,0,5.0,1,1
0,2.0,136,107,0,1,4,0,1,1,1,1,1,0,1,0,2,0,1.0,1,1
0,8.0,136,107,1,1,0,0,1,0,1,0,0,0,1,10,4,0,2.0,1,1
0,1.0,157,51,1,0,6,0,1,0,0,0,0,0,1,0,2,0,27.0,1,1
0,24.0,156,0,0,0,1,0,0,0,1,1,1,0,1,20,3,0,1.0,1,1
1,2.0,99,0,2,0,6,0,0,1,1,0,1,0,2,0,2,0,13.0,0,1
0,2.0,136,0,1,1,0,0,1,0,1,1,1,0,1,0,2,0,4.0,1,1
0,1.0,136,107,0,1,0,0,1,0,1,0,1,0,1,0,2,0,1.0,1,1
0,9.0,136,0,0,1,6,0,1,0,1,1,1,0,1,0,2,0,6.0,1,1
1,4.0,99,77,0,6,0,0,0,1,1,0,1,0,1,0,2,0,1.0,1,1
0,3.0,136,50,1,1,6,0,0,1,0,0,1,0,1,235,2,0,4.0,1,1
0,36.0,57,0,1,6,0,0,0,2,0,0,1,1,1,0,3,0,2.0,1,1
0,3.0,136,0,1,0,1,0,1,0,1,1,1,0,1,0,12,0,1.0,1,1
0,84.0,16,0,1,1,6,0,0,0,0,0,0,0,1,0,12,0,3.0,1,1
1,4.0,135,0,0,0,6,0,1,0,0,0,1,0,1,100,12,0,5.0,1,1
0,48.0,136,35,0,1,6,0,2,0,0,0,0,0,1,0,2,0,10.0,1,1
0,2.0,136,0,2,0,1,0,1,0,1,1,1,0,4,0,5,0,4.0,1,1
0,28.0,136,0,0,0,1,5,2,1,2,2,2,0,1,0,3,0,2.0,1,1
1,8.0,100,0,1,0,1,5,1,0,0,0,0,0,1,0,12,0,14.0,1,1
1,2.0,129,0,1,1,2,4,1,0,1,0,1,0,1,0,2,0,5.0,1,1
0,1.0,136,0,0,1,0,0,2,1,2,0,1,0,1,0,2,0,4.0,1,1
0,2.0,136,0,1,0,1,5,1,0,1,0,1,0,2,0,3,0,2.0,1,1
0,2.0,136,0,0,0,1,0,1,1,1,1,1,0,1,0,2,0,1.0,1,1
0,2.0,136,0,1,0,0,0,1,0,1,0,1,0,1,0,3,0,4.0,0,1
0,60.0,33,0,0,1,4,0,0,2,0,0,1,0,1,0,2,0,3.0,1,1
0,2.0,136,0,0,0,1,0,1,0,0,0,1,0,1,0,2,0,4.0,1,1
0,84.0,151,0,1,0,5,5,1,2,0,0,1,0,1,0,2,0,4.0,1,1
1,1.0,99,77,2,0,3,4,0,1,1,1,1,0,4,0,2,0,5.0,1,1
0,72.0,136,0,1,0,3,0,1,1,1,0,1,0,1,50,12,0,1.0,1,1
1,1.0,100,0,0,0,6,0,1,0,2,2,2,0,1,0,2,0,4.0,1,1
0,36.0,163,51,2,0,1,5,1,0,0,0,0,0,2,0,2,0,5.0,1,1
1,1.0,115,0,2,0,5,5,1,0,1,1,1,0,2,0,2,0,1.0,1,1
0,9.0,136,0,0,1,6,0,1,0,0,0,0,0,1,0,2,0,6.0,1,1
0,36.0,24,107,1,6,0,0,0,1,0,0,0,0,2,0,2,0,3.0,1,1
0,2.0,136,0,0,1,6,0,1,1,1,1,1,0,1,0,2,0,3.0,1,1
1,12.0,135,0,0,0,6,0,0,0,2,2,2,1,1,0,12,0,1.0,0,1
0,2.0,136,107,1,1,6,0,1,0,0,1,1,0,1,100,2,0,6.0,1,1
0,2.0,136,0,1,0,1,5,0,0,1,1,1,0,1,0,2,0,1.0,1,1
1,12.0,84,0,0,0,5,5,1,1,0,0,0,0,1,0,2,0,1.0,1,1
0,3.0,136,0,1,0,0,0,1,1,0,0,1,0,1,0,2,0,1.0,1,1
0,2.0,136,51,1,0,1,5,1,0,1,0,1,0,2,0,2,0,10.0,1,1
1,4.0,99,0,0,0,0,0,1,1,1,1,1,0,1,0,2,2,11.0,1,1
0,9.0,52,0,1,4,0,0,1,0,1,1,1,0,1,0,2,0,1.0,0,1
0,3.0,136,0,1,0,6,0,1,1,0,0,1,0,2,200,2,0,5.0,1,1
0,3.0,139,0,1,0,6,0,1,0,1,1,1,0,1,0,2,0,5.0,1,1
0,7.0,62,107,1,1,6,0,1,1,2,2,0,0,1,0,2,0,5.0,1,1
1,2.0,122,77,1,1,4,5,0,1,1,1,1,0,1,100,2,0,2.0,1,1
0,2.0,157,107,1,0,6,0,1,0,1,0,1,0,1,0,12,0,8.0,1,1
0,49.0,136,107,0,1,0,0,1,0,0,0,0,0,2,0,2,0,3.0,1,1
0,60.0,136,107,1,0,0,0,1,1,2,2,2,0,1,0,2,0,3.0,1,1
1,60.0,109,0,2,1,3,0,1,1,0,0,0,0,4,0,2,0,5.0,1,1
0,0.0,136,0,2,0,1,5,0,0,1,1,1,0,6,0,2,0,22.0,0,1
0,1.0,136,0,1,4,0,0,1,0,1,1,1,0,1,0,2,0,1.0,1,1
1,14.0,98,78,1,0,3,5,2,2,0,0,0,0,1,0,2,0,2.0,1,1
1,1.0,99,0,2,0,3,5,0,1,1,1,1,0,4,0,2,0,5.0,1,1
1,15.0,99,0,2,0,3,4,1,1,1,0,1,0,3,0,2,0,4.0,1,1
1,5.0,99,106,1,0,6,0,0,1,0,0,0,0,1,0,12,0,2.0,1,1
1,9.0,100,0,0,2,0,0,1,0,1,1,1,0,1,0,12,0,1.0,1,1
1,16.0,98,0,0,5,0,0,2,2,0,0,2,0,1,0,5,0,2.0,1,1
0,36.0,38,0,0,1,0,0,0,0,0,0,0,0,1,0,12,0,3.0,1,1
0,12.0,136,107,1,4,6,0,1,0,2,2,2,0,1,0,5,0,5.0,1,1
0,1.0,136,0,1,0,1,0,1,1,1,1,1,0,2,0,2,0,2.0,0,1
0,1.0,136,0,2,0,1,5,1,0,2,2,1,0,8,0,2,0,8.0,1,1
1,12.0,88,0,1,5,0,0,1,0,2,2,2,0,1,0,2,0,3.0,1,1
0,3.0,136,4,0,0,1,0,1,0,1,0,0,0,1,0,12,0,4.0,1,1
0,13.0,136,0,1,0,1,0,1,0,0,0,0,0,1,0,12,0,3.0,1,1
1,3.0,99,69,1,0,3,5,1,1,1,0,1,0,1,150,2,0,8.0,1,1
0,2.0,137,107,1,0,6,0,1,0,0,0,1,0,1,0,2,0,4.0,1,1
0,20.0,48,0,0,0,0,0,1,0,2,2,2,0,1,250,2,0,0.0,1,1
0,36.0,136,0,0,0,0,0,2,0,0,0,0,0,2,0,7,0,3.0,1,1
0,2.0,136,0,0,4,6,0,1,0,1,0,1,0,1,0,2,0,3.0,1,1
0,2.0,136,0,1,1,0,0,1,1,2,2,2,0,1,0,0,0,1.0,0,1
0,2.0,136,0,1,0,5,5,1,2,0,0,1,0,1,0,2,0,5.0,1,1
1,5.0,100,0,1,1,0,0,0,0,0,0,0,0,2,50,12,0,1.0,1,1
1,2.0,100,0,2,0,1,5,1,1,1,1,1,0,4,0,2,0,20.0,1,1
1,9.0,122,78,0,4,0,0,1,0,0,0,0,0,2,0,2,0,3.0,1,1
1,1.0,99,0,0,0,6,0,1,1,2,2,2,0,1,0,2,0,5.0,0,1
1,9.0,135,0,0,5,6,0,1,1,0,0,0,0,1,0,12,0,3.0,1,1
1,5.0,124,0,1,0,3,5,0,0,0,0,0,0,1,0,2,0,3.0,1,1
0,2.0,136,0,1,1,0,0,1,0,0,0,1,0,1,0,12,0,7.0,1,1
0,36.0,59,0,1,0,5,5,0,2,0,0,0,0,1,0,2,0,1.0,1,1
0,60.0,57,51,0,4,6,0,0,1,0,0,0,0,1,100,2,0,11.0,1,1
0,1.0,136,107,2,1,2,0,0,0,1,1,1,0,3,0,12,0,3.0,1,1
0,24.0,48,0,1,0,1,3,1,2,0,0,2,0,1,0,7,0,0.0,1,1
1,6.0,91,0,0,0,1,4,1,1,1,1,1,0,2,0,2,0,1.0,1,1
1,1.0,100,0,2,0,1,5,0,1,1,0,1,0,4,0,3,0,5.0,1,1
1,8.0,99,92,2,1,4,5,1,1,1,1,2,0,7,0,12,0,2.0,0,1
1,12.0,135,0,0,0,0,0,0,1,0,0,0,0,1,50,2,0,1.0,1,1
0,2.0,136,0,0,0,1,5,1,0,2,2,1,0,1,0,2,0,1.0,1,1
0,6.0,38,0,0,0,0,0,1,0,2,2,2,0,1,150,4,0,3.0,1,1
0,3.0,136,0,1,1,0,0,1,0,0,0,1,0,1,0,2,0,5.0,1,1
1,6.0,99,76,2,0,6,0,1,1,2,2,1,0,3,0,2,0,4.0,1,1
1,4.0,99,0,1,6,0,0,1,1,0,0,1,0,1,0,2,0,12.0,1,1
0,1.0,136,0,2,0,6,0,1,0,1,1,2,0,2,80,7,0,2.0,0,1
0,2.0,136,107,1,0,1,0,1,0,2,0,1,0,1,0,12,0,5.0,1,1
1,3.0,98,0,0,1,6,0,2,2,1,0,1,0,1,50,2,0,4.0,1,1
0,3.0,136,0,0,1,0,0,1,1,1,1,1,0,1,0,2,0,1.0,1,1
1,4.0,83,0,1,2,0,0,1,1,1,0,1,1,1,0,12,0,0.0,1,1
0,15.0,136,0,0,1,3,0,1,0,2,2,2,0,1,0,2,0,4.0,1,1
1,1.0,100,0,1,0,3,5,0,0,1,1,1,0,2,0,2,0,3.0,1,1
1,2.0,100,0,2,3,4,5,0,0,1,0,1,0,2,0,2,0,3.0,1,1
0,1.0,136,0,1,1,6,0,2,0,1,1,1,0,1,0,2,0,1.0,1,1
0,1.0,136,0,1,1,0,0,0,0,1,1,1,0,1,0,2,0,1.0,1,1
1,2.0,98,0,0,0,0,0,1,2,1,2,2,0,1,0,12,1,3.0,1,1
0,2.0,136,107,1,0,6,0,1,1,1,0,1,0,1,0,2,0,4.0,1,1
0,3.0,136,0,1,0,1,0,2,0,2,2,1,0,1,0,2,0,2.0,1,1
0,12.0,51,50,0,0,1,5,1,0,0,0,0,0,1,0,7,0,2.0,1,1
0,2.0,136,0,0,2,6,0,1,0,1,1,1,0,1,0,2,0,2.0,1,1
0,20.0,24,51,1,6,0,0,0,1,0,0,0,0,1,350,2,0,2.0,1,1
0,3.0,136,0,1,1,0,0,1,1,0,0,1,0,1,0,2,0,2.0,1,1
0,8.0,136,0,1,0,0,0,1,0,0,0,0,0,1,0,12,0,2.0,1,1
0,1.0,136,0,2,0,6,0,1,1,1,1,1,0,6,0,3,0,1.0,0,1
0,75.0,44,107,1,0,0,0,1,0,0,0,0,0,1,0,2,0,2.0,1,1
1,2.0,100,0,1,0,3,5,1,0,1,0,1,0,1,0,2,0,2.0,1,1
1,1.0,100,0,1,3,5,5,0,0,1,0,1,0,1,0,3,0,2.0,1,1
0,42.0,136,0,1,0,0,0,0,0,0,0,0,0,1,0,2,0,2.0,1,1
0,3.0,136,0,1,4,6,0,1,0,0,0,1,0,1,0,12,0,3.0,1,1
0,4.0,136,0,0,1,0,0,1,0,0,0,1,0,1,0,2,0,4.0,1,1
0,2.0,136,107,2,0,1,5,1,1,1,1,1,0,9,0,4,0,9.0,1,1
1,12.0,99,0,1,3,4,5,1,1,1,1,1,0,1,0,12,0,3.0,1,1
1,4.0,100,0,0,0,3,4,1,0,1,1,1,0,1,0,2,0,2.0,1,1
1,5.0,100,0,0,3,0,0,1,0,0,0,0,0,1,100,2,0,30.0,1,1
0,2.0,136,0,1,0,1,0,1,0,0,0,0,0,1,0,2,0,5.0,1,1
1,6.0,122,77,1,4,6,0,1,1,1,0,1,0,1,0,2,0,5.0,1,1
1,4.0,100,0,1,0,6,0,0,1,1,1,1,0,1,0,12,0,5.0,1,1
1,2.0,109,92,1,0,5,5,1,1,1,0,1,0,1,180,12,0,1.0,1,1
0,48.0,40,0,1,0,1,0,0,0,0,0,0,0,1,0,2,0,2.0,1,1
1,24.0,91,0,1,0,1,4,1,0,0,0,0,1,1,0,2,0,2.0,1,1
1,2.0,115,0,2,0,1,2,0,0,2,2,2,0,3,0,12,0,2.0,1,1
0,1.0,136,0,2,1,6,0,1,0,1,1,1,0,3,0,2,0,5.0,1,1
1,1.0,100,0,0,2,6,0,0,0,1,1,1,0,1,0,12,0,4.0,1,1
1,3.0,122,76,0,1,4,0,1,1,1,1,1,0,1,80,2,0,4.0,1,1
0,4.0,62,50,0,0,1,1,1,0,2,2,2,0,1,100,2,0,5.0,1,1
0,5.0,136,0,1,0,1,5,1,0,0,0,1,0,1,0,12,0,1.0,1,1
0,2.0,136,0,1,0,0,0,1,0,1,1,1,2,2,0,12,0,2.0,1,1
0,2.0,158,107,1,0,1,0,1,0,0,0,1,0,1,0,2,0,3.0,1,1
0,24.0,136,0,1,4,0,0,1,2,0,0,0,0,1,0,2,0,1.0,1,1
0,56.0,136,107,1,0,1,0,1,1,0,1,1,0,2,0,7,0,2.0,1,1
0,4.0,8,107,1,1,0,0,1,2,0,0,0,0,1,0,4,0,2.0,1,1
0,6.0,136,0,1,1,0,0,1,0,0,0,0,0,1,0,2,0,1.0,1,1
0,24.0,48,28,1,5,6,0,0,1,0,0,1,0,1,150,12,0,4.0,1,1
0,4.0,136,0,1,0,6,0,1,0,0,0,1,0,1,0,12,0,3.0,1,1
1,12.0,100,0,1,1,4,0,1,0,1,1,1,0,1,0,12,0,3.0,1,1
0,1.0,136,0,2,4,6,0,0,1,1,1,1,0,2,0,12,0,0.0,1,1
0,4.0,136,0,1,1,0,0,1,0,0,0,0,0,1,0,12,0,9.0,1,1
1,4.0,99,0,0,5,6,0,1,1,1,1,1,0,1,0,12,0,0.0,1,1
0,6.0,136,107,1,1,3,0,1,1,0,0,1,0,1,0,2,0,3.0,1,1
0,2.0,136,0,1,1,0,0,1,1,1,0,1,0,1,0,2,0,4.0,1,1
0,2.0,136,0,0,0,6,0,1,0,1,0,1,0,1,0,3,0,2.0,1,1
0,1.0,136,0,1,1,0,0,1,0,1,1,1,0,1,0,12,0,14.0,1,1
0,2.0,136,0,1,4,0,0,1,1,1,0,1,0,1,100,2,0,7.0,1,1
0,2.0,136,0,0,1,6,0,1,0,0,0,1,0,1,0,12,0,3.0,1,1
0,42.0,26,0,1,0,1,0,1,1,0,2,2,0,1,0,2,0,1.0,1,1
1,21.0,129,0,0,3,6,0,1,0,0,0,0,0,1,0,2,0,4.0,1,1
1,3.0,99,0,2,0,6,0,1,1,1,1,1,0,3,50,3,0,5.0,0,1
1,80.0,129,0,1,0,5,5,1,0,0,1,0,0,1,50,12,0,2.0,1,1
0,2.0,136,0,1,0,1,5,1,0,1,0,1,0,1,0,2,0,1.0,1,1
0,24.0,136,107,2,0,1,0,1,0,1,1,0,0,2,0,2,0,0.0,0,1
0,2.0,136,0,0,0,6,0,1,1,0,0,1,0,1,0,2,0,2.0,1,1
0,6.0,136,0,1,4,6,0,1,1,0,0,1,0,1,0,2,0,1.0,1,1
0,24.0,136,0,1,1,6,0,1,0,1,1,1,0,1,0,2,0,3.0,1,1
0,4.0,136,0,0,1,0,0,1,0,2,0,2,0,1,0,12,0,1.0,1,1
1,12.0,99,77,1,1,0,0,1,1,0,0,0,0,1,100,2,0,3.0,1,1
0,17.0,136,0,1,6,0,0,1,0,0,0,0,0,1,80,2,0,2.0,1,1
0,2.0,136,0,1,0,1,1,1,1,1,0,1,0,3,0,2,0,3.0,1,1
0,24.0,136,6,1,2,0,0,1,1,0,0,0,0,1,0,4,0,7.0,1,1
0,1.0,136,0,1,1,6,0,1,0,1,1,1,0,1,0,12,0,1.0,1,1
1,1.0,100,0,0,2,0,0,1,0,1,1,1,0,1,0,2,0,5.0,1,1
0,60.0,19,0,1,0,0,0,1,0,2,2,2,0,1,0,12,0,2.0,1,1
0,96.0,158,0,0,0,0,0,2,0,0,0,1,1,1,0,2,0,1.0,1,1
0,1.0,136,0,0,0,1,0,1,0,1,0,1,0,1,0,3,0,2.0,1,1
0,84.0,57,0,0,4,6,0,0,1,2,2,2,1,1,0,3,0,2.0,1,1
1,7.0,117,96,1,1,4,0,1,0,1,1,1,0,1,0,12,0,3.0,1,1
0,2.0,136,107,1,0,1,5,1,1,2,2,2,0,4,0,0,0,4.0,0,1
1,36.0,100,0,1,6,0,0,1,0,0,0,0,0,1,50,2,0,3.0,1,1
1,12.0,100,77,2,4,5,5,1,0,2,2,2,0,20,0,2,0,0.0,1,1
1,2.0,100,0,1,5,0,0,0,0,2,0,1,0,1,0,2,0,5.0,0,1
0,12.0,136,0,1,1,3,5,1,0,0,0,0,0,1,0,4,0,2.0,1,1
0,3.0,136,0,0,1,0,0,1,0,0,0,0,0,1,0,2,0,2.0,1,1
1,4.0,115,0,1,5,0,0,0,1,1,1,1,0,1,0,12,0,2.0,1,1
0,2.0,136,0,1,1,0,0,1,0,1,1,1,0,1,20,3,0,1.0,1,1
1,12.0,99,0,1,3,4,5,1,1,2,2,0,0,1,0,12,0,4.0,1,1
1,3.0,122,78,0,4,6,0,0,0,0,0,1,0,1,0,2,0,1.0,1,1
0,4.0,136,107,1,0,3,0,1,1,0,0,0,0,1,0,12,0,1.0,1,1
1,2.0,100,0,0,1,2,5,1,0,1,0,0,0,1,0,2,0,4.0,0,1
1,4.0,117,77,0,6,0,0,2,2,1,0,1,0,1,150,2,0,4.0,1,1
0,24.0,136,107,1,4,0,0,1,1,2,2,1,0,2,0,2,0,0.0,0,1
1,3.0,122,0,1,1,0,0,0,1,1,0,0,0,1,0,2,0,1.0,1,1
1,3.0,98,0,1,0,3,5,1,1,0,0,1,0,1,150,2,0,1.0,1,1
0,4.0,21,0,1,0,0,0,2,0,0,0,1,0,1,0,2,0,3.0,1,1
1,12.0,100,0,0,5,6,0,1,0,1,0,1,0,1,0,2,0,2.0,1,1
1,6.0,122,0,1,1,0,0,1,0,1,0,1,0,1,100,12,0,3.0,1,1
1,2.0,119,76,1,1,4,5,0,1,1,1,1,0,1,0,12,0,0.0,1,1
1,2.0,100,0,0,0,0,0,0,0,1,1,1,0,1,0,2,0,7.0,1,1
1,1.0,100,0,1,5,0,0,0,0,1,1,1,0,1,0,2,0,1.0,1,1
0,1.0,136,107,1,0,1,0,1,1,1,0,1,0,1,0,2,0,1.0,1,1
1,2.0,100,69,1,1,0,0,0,0,1,1,1,0,1,0,2,0,4.0,0,1
0,12.0,140,0,1,0,6,0,0,0,0,0,0,0,1,250,2,0,3.0,1,1
0,36.0,58,0,0,1,4,5,2,1,2,2,0,0,1,350,2,0,9.0,1,1
1,4.0,100,0,0,0,1,5,0,1,0,0,1,0,2,0,12,0,1.0,1,1
1,5.0,99,78,2,4,5,5,1,1,1,1,1,0,3,0,2,0,12.0,1,1
0,60.0,44,0,0,0,0,0,2,1,0,0,0,0,1,0,4,0,5.0,1,1
1,3.0,100,0,0,3,0,0,1,0,1,0,1,0,1,50,12,0,1.0,1,1
0,0.0,65,0,1,0,0,0,0,1,2,2,2,1,1,0,2,0,3.0,1,1
0,33.0,151,124,1,4,0,0,1,1,0,0,0,0,1,300,12,0,0.0,1,1
0,18.0,156,0,0,1,0,0,0,0,0,0,0,0,1,0,12,0,1.0,1,1
0,72.0,8,0,1,4,0,0,2,1,0,0,2,0,1,0,12,0,1.0,1,1
1,3.0,98,0,0,0,6,0,1,2,1,0,1,0,1,0,2,0,5.0,0,1
0,2.0,136,0,0,0,6,0,1,0,2,2,1,0,1,0,2,0,2.0,1,1
1,0.0,99,0,2,0,1,5,1,1,1,1,1,0,3,0,2,0,4.0,0,1
0,24.0,38,51,0,1,0,0,0,1,0,0,1,0,1,50,2,0,5.0,1,1
1,2.0,98,78,2,0,5,0,0,1,1,1,1,0,3,0,2,0,3.0,1,1
1,5.0,129,0,0,0,1,4,1,0,0,0,1,0,1,0,2,0,6.0,1,1
1,24.0,99,0,0,2,6,0,1,0,1,1,2,1,1,0,12,0,3.0,1,1
0,51.0,64,0,0,6,0,0,2,2,0,0,1,0,1,0,2,0,1.0,1,1
1,2.0,100,0,0,0,6,0,1,0,1,1,1,0,1,0,12,0,6.0,1,1
0,18.0,38,0,1,1,0,0,0,1,1,0,0,0,1,0,7,0,5.0,1,1
1,12.0,99,101,0,0,1,4,1,1,2,2,2,1,1,0,12,0,3.0,1,1
0,6.0,136,0,1,1,6,0,2,0,0,0,1,0,2,0,2,0,2.0,1,1
0,2.0,136,107,1,0,4,5,0,0,0,0,0,0,2,0,12,0,5.0,1,1
0,36.0,38,46,1,4,0,0,1,1,0,2,0,0,1,0,0,0,2.0,1,1
1,1.0,130,0,2,0,5,5,1,1,1,0,1,0,2,0,12,0,5.0,0,1
1,4.0,80,78,1,1,5,5,0,0,1,0,1,0,1,0,12,0,1.0,1,1
1,60.0,117,0,0,2,0,0,1,1,0,0,1,0,1,0,2,0,0.0,1,1
0,6.0,8,0,1,2,0,0,2,2,1,1,1,0,1,0,0,1,5.0,1,1
1,3.0,100,0,0,3,6,0,0,0,1,0,1,0,1,0,12,0,1.0,1,1
0,3.0,21,107,1,4,6,0,2,1,2,2,0,0,1,0,2,0,3.0,1,1
1,2.0,99,0,1,4,0,0,0,1,1,0,1,0,1,0,2,0,1.0,1,1
0,12.0,136,0,1,4,6,0,1,1,1,1,1,0,1,0,4,1,1.0,1,1
0,2.0,136,0,0,0,1,0,1,1,1,0,1,0,1,0,2,0,4.0,0,1
0,60.0,57,0,0,1,6,0,1,1,0,0,1,1,1,0,2,0,1.0,0,1
0,48.0,16,0,1,4,0,0,0,0,0,0,0,0,1,0,12,0,1.0,1,1
1,108.0,100,0,1,0,6,0,1,0,0,0,0,0,1,0,2,0,1.0,1,1
0,48.0,136,0,1,2,0,0,1,2,0,0,0,0,1,0,2,0,1.0,0,1
1,17.0,98,0,0,6,0,0,1,1,1,0,1,0,1,200,2,0,1.0,1,1
0,24.0,136,0,1,0,0,0,1,0,1,1,0,0,1,0,2,0,1.0,1,1
0,12.0,136,0,1,1,0,0,1,0,0,0,0,0,1,0,2,0,3.0,1,1
1,15.0,100,0,0,1,6,0,1,0,0,0,0,0,1,0,3,0,4.0,1,1
1,9.0,109,78,1,0,3,5,2,0,0,0,1,0,2,0,2,0,3.0,1,1
0,2.0,136,0,0,0,1,0,1,0,1,0,1,0,1,0,2,0,7.0,1,1
0,2.0,65,107,1,0,1,5,1,0,1,1,1,0,3,0,2,0,14.0,1,1
1,1.0,100,0,2,0,1,0,0,0,1,1,1,0,4,0,2,0,3.0,0,1
0,2.0,136,0,1,0,1,0,1,0,1,0,1,0,1,0,2,0,1.0,1,1
1,1.0,129,0,0,0,4,4,0,0,1,1,1,0,1,0,2,0,6.0,1,1
0,2.0,136,107,1,3,0,0,1,1,0,0,1,0,1,0,2,0,1.0,1,1
0,8.0,136,0,0,3,0,0,1,0,0,0,1,0,1,0,12,0,2.0,1,1
0,1.0,136,0,0,1,0,0,1,0,0,0,1,0,1,0,2,0,6.0,1,1
0,96.0,57,0,1,4,0,0,1,1,0,0,0,0,1,0,2,0,2.0,1,1
0,3.0,5,107,1,0,5,0,2,1,1,1,1,0,1,0,1,0,2.0,1,1
1,6.0,100,0,1,0,5,5,0,0,0,0,0,0,1,0,12,0,4.0,1,1
1,36.0,100,101,0,0,5,0,1,0,0,0,0,0,1,0,12,0,6.0,1,1
0,8.0,5,107,1,0,1,0,1,1,1,1,1,0,1,0,2,0,3.0,0,1
1,4.0,100,0,1,2,5,5,1,0,1,0,0,0,1,9,2,1,7.0,1,1
1,32.0,84,90,0,0,1,5,1,1,2,2,2,0,1,0,12,0,1.0,1,1
0,4.0,62,107,1,1,6,0,1,1,0,0,0,0,1,0,2,0,3.0,1,1
1,1.0,99,0,2,0,4,4,1,1,1,1,1,0,2,0,2,0,2.0,1,1
0,3.0,136,0,0,4,6,0,1,0,0,0,1,0,1,0,12,0,4.0,1,1
1,2.0,98,0,1,0,1,4,0,2,1,1,1,0,1,0,2,0,5.0,1,1
0,48.0,57,0,0,1,4,5,0,1,0,0,1,0,1,0,2,0,3.0,1,1
1,6.0,129,0,1,5,0,0,0,0,1,0,1,0,1,0,12,0,6.0,1,1
1,12.0,129,0,0,0,5,5,1,0,1,0,1,0,1,0,2,0,1.0,1,1
1,18.0,78,78,1,1,2,0,1,0,1,0,0,0,1,0,12,0,2.0,1,1
0,48.0,44,0,1,0,1,1,2,1,0,0,1,0,1,0,4,0,1.0,1,1
0,2.0,136,0,1,0,1,0,1,1,2,2,1,0,1,0,2,0,4.0,1,1
0,36.0,8,0,1,2,0,0,2,1,0,0,0,0,1,0,12,0,0.0,1,1
1,3.0,100,69,1,0,3,5,1,0,1,0,1,0,1,0,2,0,1.0,1,1
1,1.0,100,0,0,0,5,5,0,0,1,1,1,0,1,0,2,1,6.0,1,1
0,12.0,139,107,1,0,6,0,1,1,0,0,0,0,1,30,4,1,10.0,1,1
1,4.0,100,0,2,0,3,5,1,0,1,0,1,0,2,50,6,0,4.0,1,1
0,2.0,136,0,1,0,1,0,1,0,0,0,1,0,1,0,12,0,1.0,1,1
0,3.0,13,28,1,4,5,5,1,0,2,0,1,0,1,0,12,0,3.0,1,1
0,2.0,136,107,1,4,0,0,1,1,0,0,1,0,1,0,2,0,4.0,1,1
1,42.0,117,97,0,4,0,0,1,1,0,2,1,0,1,0,12,0,1.0,1,1
1,9.0,100,0,0,2,6,0,1,0,0,2,1,0,3,0,2,0,2.0,1,1
1,1.0,100,0,2,0,5,5,0,0,1,1,1,0,3,0,12,0,5.0,1,1
0,84.0,136,0,1,0,1,0,1,1,0,0,0,0,1,0,2,0,2.0,1,1
0,30.0,136,0,0,0,1,5,1,0,2,2,2,2,1,0,2,0,6.0,1,1
1,1.0,99,0,0,0,0,0,1,1,1,1,1,0,1,0,7,0,1.0,1,1
0,1.0,136,107,0,1,0,0,1,1,1,1,1,0,1,0,5,0,1.0,1,1
0,24.0,136,0,1,1,0,0,1,1,2,2,0,0,20,0,5,0,1.0,1,1
0,1.0,136,0,2,1,6,0,1,1,2,2,1,0,6,0,2,0,4.0,1,1
1,1.0,100,0,0,0,6,0,1,0,1,1,1,0,1,0,12,0,1.0,1,1
0,2.0,136,0,1,1,6,0,1,1,0,0,1,0,2,0,2,0,14.0,1,1
0,3.0,136,0,2,1,3,3,1,0,2,2,2,0,5,0,3,0,1.0,1,1
1,3.0,100,0,0,0,5,5,0,1,1,1,1,0,3,0,12,0,3.0,1,1
0,4.0,136,0,0,0,0,0,2,1,0,0,1,0,1,0,2,0,5.0,1,1
0,1.0,136,0,2,0,1,5,1,0,1,1,1,0,5,0,12,0,15.0,1,1
1,3.0,100,0,0,0,0,0,1,0,0,0,1,0,1,0,2,0,1.0,1,1
0,1.0,136,0,1,0,1,0,1,0,1,1,1,0,3,0,2,0,7.0,1,1
0,6.0,136,0,1,1,6,0,1,2,0,0,0,0,1,0,2,0,4.0,1,1
0,3.0,136,0,0,1,6,0,1,0,0,0,0,0,1,0,2,0,5.0,1,1
0,2.0,136,0,2,0,1,5,1,0,1,1,1,0,2,0,2,0,21.0,1,1
1,12.0,91,78,2,3,4,4,0,0,1,1,1,0,4,0,2,0,2.0,0,1
1,3.0,100,0,1,0,0,0,0,0,1,1,1,0,1,0,5,0,1.0,1,1
1,5.0,100,0,0,3,6,0,1,0,0,0,0,1,1,100,12,0,1.0,1,1
0,3.0,136,0,0,1,0,0,0,0,1,0,0,0,1,0,2,0,3.0,1,1
0,2.0,24,0,0,6,0,0,0,2,0,0,1,0,1,200,2,0,0.0,1,1
0,1.0,136,0,0,0,1,0,1,0,1,1,1,0,1,0,4,0,1.0,1,1
0,96.0,136,0,1,0,1,0,1,1,0,0,0,0,1,0,2,0,2.0,1,1
0,1.0,136,0,2,0,1,0,2,0,1,1,1,0,4,0,2,0,1.0,0,1
1,24.0,100,0,1,0,0,0,1,0,1,1,0,0,1,0,2,0,1.0,1,1
1,11.0,100,0,0,2,0,0,1,0,0,0,0,0,1,0,2,0,3.0,1,1
0,108.0,59,0,1,0,1,0,0,2,0,0,0,0,1,0,2,0,2.0,1,1
0,2.0,136,0,0,1,4,5,1,0,1,0,1,0,4,0,12,0,11.0,1,1
0,2.0,136,0,0,1,0,0,1,1,0,0,1,0,1,0,2,0,1.0,1,1
1,14.0,95,63,0,2,6,0,0,2,1,1,1,0,1,0,12,0,2.0,1,1
0,1.0,136,0,0,6,0,0,1,0,2,2,2,0,1,0,12,0,1.0,1,1
1,3.0,100,0,0,1,3,4,1,0,1,0,1,0,1,0,2,0,5.0,1,1
0,6.0,136,0,0,0,6,0,1,1,0,0,2,0,1,0,12,0,1.0,1,1
0,2.0,136,0,0,0,0,0,1,0,1,1,1,0,1,0,2,0,5.0,1,1
0,3.0,136,0,1,0,1,3,1,0,0,0,1,0,2,0,2,0,14.0,1,1
0,1.0,136,0,1,4,6,0,2,1,1,1,1,0,1,0,3,0,2.0,1,1
0,2.0,136,0,1,6,0,0,1,1,1,1,1,0,1,0,2,0,1.0,0,1
0,2.0,136,0,0,6,0,0,1,0,0,1,1,0,1,0,2,0,1.0,0,1
1,4.0,99,0,1,1,2,2,1,1,1,1,1,0,1,0,2,0,1.0,1,1
1,4.0,99,77,0,0,6,0,0,1,1,0,1,0,1,50,2,0,3.0,1,1
0,3.0,136,107,1,4,6,0,1,1,0,0,1,0,1,0,2,0,4.0,1,1
1,3.0,100,0,2,1,6,0,0,1,2,2,2,0,6,0,12,0,5.0,1,1
1,12.0,100,0,1,3,6,0,1,0,2,2,2,0,1,0,2,0,1.0,1,1
1,3.0,117,78,0,0,1,5,1,0,1,0,1,0,3,0,2,0,5.0,0,1
1,15.0,122,0,1,5,0,0,1,0,0,0,1,0,1,10,2,0,4.0,1,1
1,3.0,100,0,0,0,0,0,0,0,1,0,1,0,1,0,2,0,1.0,1,1
1,9.0,100,0,1,0,0,0,1,0,0,0,1,0,1,0,12,0,2.0,0,1
1,1.0,100,0,0,3,6,0,1,0,1,1,1,0,1,0,12,0,3.0,1,1
1,2.0,122,78,1,6,0,0,0,1,1,1,1,0,1,0,2,0,1.0,1,1
0,3.0,136,0,0,1,0,0,1,0,0,0,1,1,1,0,2,0,5.0,1,1
1,4.0,100,0,1,0,6,0,0,1,0,0,1,0,1,0,12,0,5.0,1,1
1,0.0,100,78,2,0,5,5,1,0,1,1,1,0,5,0,12,0,2.0,1,1
1,2.0,99,0,1,0,5,5,0,1,0,0,1,0,1,0,2,0,8.0,1,1
0,2.0,136,0,1,1,0,0,1,0,1,1,1,0,1,0,12,0,1.0,1,1
1,3.0,99,0,2,0,2,5,0,1,0,0,1,0,5,0,2,0,0.0,1,1
0,3.0,136,107,0,0,6,0,0,0,1,0,1,0,5,0,6,0,5.0,1,1
0,5.0,136,0,0,0,1,0,1,0,0,0,1,0,1,0,2,0,1.0,1,1
1,6.0,108,0,0,5,6,0,1,0,1,0,0,0,1,0,2,0,2.0,1,1
1,5.0,105,64,1,0,5,5,1,1,2,2,2,0,1,0,12,0,13.0,1,1
0,1.0,136,0,0,1,0,0,1,1,1,0,1,0,1,38,2,0,17.0,1,1
0,12.0,136,40,0,0,4,0,1,0,2,2,1,0,1,0,2,0,1.0,1,1
0,2.0,8,50,1,3,0,0,1,1,1,0,0,0,1,150,12,0,5.0,1,1
0,1.0,136,0,0,0,1,0,1,0,2,2,1,0,1,0,2,0,2.0,1,1
1,12.0,100,0,0,1,4,0,1,0,0,0,0,0,1,0,2,0,2.0,1,1
1,3.0,120,106,0,5,6,0,1,1,1,0,1,0,1,0,2,0,5.0,1,1
0,1.0,136,107,0,0,1,5,1,1,1,0,1,0,1,0,2,0,1.0,1,1
1,1.0,99,0,0,0,6,0,1,1,1,1,1,0,1,0,2,0,3.0,1,1
0,2.0,136,0,1,1,6,0,1,1,2,0,2,0,1,0,12,0,1.0,1,1
0,3.0,136,0,2,0,1,3,1,0,1,1,2,0,6,50,12,0,4.0,1,1
1,1.0,129,97,0,0,1,0,1,0,1,0,1,0,3,100,2,0,6.0,1,1
1,2.0,117,76,0,2,3,0,1,2,1,1,1,0,1,0,2,0,3.0,1,1
0,1.0,136,0,0,0,0,0,1,0,1,1,1,0,1,0,2,0,1.0,1,1
0,2.0,136,42,1,0,1,5,1,1,1,0,1,0,1,50,2,0,4.0,1,1
0,2.0,136,0,1,0,0,0,1,0,0,0,1,0,1,0,12,0,2.0,1,1
1,1.0,98,78,0,0,6,0,2,1,1,1,1,0,1,0,2,0,5.0,1,1
0,14.0,136,0,0,0,0,0,1,0,0,0,1,0,1,0,2,0,3.0,1,1
1,2.0,100,0,2,0,4,5,0,0,2,2,2,0,8,0,2,0,1.0,1,1
0,10.0,136,0,0,6,0,0,1,0,0,0,0,0,1,300,2,0,2.0,1,1
1,8.0,100,0,1,1,3,5,1,0,0,0,0,0,1,0,2,0,5.0,1,1
0,24.0,8,0,0,2,0,0,2,2,0,0,0,0,1,0,2,0,2.0,1,1
0,12.0,136,0,0,0,1,0,1,1,2,2,2,0,1,0,2,0,2.0,1,1
0,2.0,136,0,1,0,1,0,1,1,2,2,1,0,1,0,2,0,4.0,1,1
0,3.0,136,0,1,0,1,5,1,0,1,1,1,0,1,0,3,0,1.0,1,1
0,1.0,136,107,1,1,6,0,1,1,0,0,1,0,1,0,12,0,9.0,1,1
1,4.0,80,0,0,5,6,0,1,0,1,1,1,0,1,0,12,0,2.0,1,1
0,4.0,65,107,0,4,0,0,1,0,0,0,0,0,1,200,2,0,1.0,1,1
0,36.0,48,0,2,5,0,0,1,0,2,2,1,0,2,0,4,0,1.0,1,1
1,4.0,100,0,1,2,6,0,0,1,1,1,1,0,1,0,2,0,5.0,1,1
0,1.0,21,107,0,0,1,0,1,0,1,0,1,0,1,0,3,0,5.0,1,1
0,3.0,136,0,0,0,1,1,1,0,0,0,1,0,1,0,12,0,2.0,1,1
0,24.0,48,107,0,0,0,0,1,1,0,0,1,0,1,0,2,0,2.0,1,1
0,2.0,136,0,0,0,1,0,1,0,0,0,1,0,1,0,2,0,8.0,1,1
1,2.0,100,0,0,2,3,0,0,0,1,0,1,0,1,30,2,0,4.0,1,1
1,4.0,80,0,1,6,0,0,1,0,1,1,0,0,1,0,2,0,6.0,1,1
1,8.0,99,0,1,0,6,0,1,1,2,2,2,0,1,0,2,0,5.0,1,1
0,8.0,136,0,0,1,0,0,1,0,0,0,0,0,1,0,12,0,12.0,1,1
1,2.0,78,0,2,0,1,2,0,0,1,1,1,0,3,0,4,0,5.0,1,1
0,4.0,136,0,1,1,2,0,0,0,0,0,2,0,1,0,12,0,4.0,1,1
0,3.0,136,0,2,0,1,0,1,0,1,1,1,0,3,0,2,0,12.0,1,1
0,2.0,136,0,0,0,1,5,1,0,1,0,1,0,1,0,12,0,7.0,1,1
0,2.0,136,4,1,0,1,0,1,1,0,0,0,0,1,0,2,0,26.0,1,1
1,1.0,98,0,0,0,1,0,0,1,1,1,1,0,1,0,2,0,1.0,1,1
1,3.0,100,0,2,0,5,0,0,0,1,1,1,0,4,0,2,0,3.0,0,1
0,1.0,136,0,2,0,1,5,1,0,1,0,1,0,4,0,4,0,7.0,1,1
1,2.0,115,0,2,0,3,5,0,0,1,1,1,0,4,0,3,0,3.0,1,1
0,12.0,32,0,1,6,0,0,0,1,0,0,2,0,1,0,2,0,4.0,1,1
1,3.0,117,77,0,5,6,0,2,2,1,0,1,0,1,150,2,0,6.0,1,1
0,24.0,142,107,1,0,4,5,1,1,0,1,0,0,1,50,3,0,2.0,1,1
0,24.0,38,0,0,4,0,0,1,2,0,0,2,0,1,200,0,0,1.0,1,1
0,12.0,147,0,1,5,0,0,0,0,2,2,2,0,1,0,12,0,2.0,1,1
0,2.0,136,0,1,0,1,0,1,1,0,0,2,0,1,0,0,0,1.0,1,1
0,2.0,136,0,1,1,6,0,1,0,1,1,1,0,1,0,2,2,4.0,1,1
0,3.0,136,0,1,0,6,0,0,1,2,2,2,0,1,0,2,0,2.0,0,1
1,2.0,100,0,1,0,4,5,0,0,0,0,1,0,1,0,2,0,2.0,1,1
1,1.0,80,0,1,0,0,0,1,0,1,0,1,0,1,0,2,0,7.0,0,1
1,60.0,129,0,2,0,1,4,1,1,0,0,0,0,3,30,12,0,3.0,1,1
1,1.0,99,0,1,1,2,0,1,1,1,1,1,0,1,0,11,0,0.0,1,1
0,24.0,136,6,1,2,4,0,1,1,0,0,0,0,1,180,2,1,8.0,1,1
1,20.0,98,76,1,4,5,0,2,2,1,0,1,0,1,0,5,0,3.0,1,1
0,3.0,136,33,1,0,1,0,1,0,1,1,1,0,1,50,12,0,4.0,1,1
0,10.0,136,107,0,1,0,0,1,0,1,1,1,0,1,0,2,0,2.0,1,1
0,2.0,136,0,2,1,2,0,0,0,1,1,1,0,9,0,12,0,1.0,0,1
0,4.0,51,6,1,4,6,0,1,0,0,0,0,0,1,0,2,0,3.0,1,1
0,54.0,8,0,0,2,0,0,2,1,2,2,1,1,1,0,7,0,6.0,1,1
0,2.0,136,0,1,0,1,5,1,0,0,0,1,0,1,0,7,0,1.0,1,1
1,36.0,117,0,1,1,3,0,1,2,0,0,0,0,1,350,12,0,1.0,1,1
1,4.0,100,77,1,4,5,5,1,0,0,0,1,0,1,120,2,0,7.0,1,1
0,36.0,136,0,0,0,6,0,1,0,0,0,1,1,1,0,12,0,1.0,1,1
1,6.0,117,0,0,2,0,0,1,1,2,2,2,0,1,350,2,0,2.0,1,1
0,4.0,136,0,0,0,1,0,1,1,1,1,1,0,1,0,7,0,1.0,1,1
0,2.0,136,0,1,1,6,0,1,0,1,1,1,0,6,0,3,0,2.0,0,1
1,1.0,99,0,2,0,0,0,1,1,1,0,1,0,3,0,3,0,4.0,1,1
1,5.0,129,0,1,1,5,0,0,0,1,1,1,0,1,0,2,0,2.0,1,1
0,16.0,65,107,1,1,4,0,1,0,0,0,0,0,1,300,2,0,1.0,1,1
0,50.0,136,0,0,0,0,0,1,1,0,0,0,0,1,80,2,0,3.0,1,1
1,5.0,99,0,0,0,2,4,0,1,1,2,1,0,1,0,12,0,10.0,1,1
1,48.0,100,78,0,6,0,0,1,0,2,2,2,0,1,0,3,0,1.0,1,1
1,120.0,100,0,1,0,0,0,0,0,2,2,0,0,1,0,12,0,1.0,1,1
0,9.0,136,0,1,0,1,3,1,0,0,0,0,0,1,0,2,0,2.0,1,1
0,36.0,57,0,0,1,4,5,0,2,2,2,2,0,1,0,12,0,2.0,1,1
1,4.0,100,0,1,0,6,0,0,0,0,0,0,0,1,0,12,0,1.0,1,1
0,48.0,136,107,1,1,6,0,1,0,2,2,0,0,2,0,4,0,3.0,1,1
1,18.0,100,0,2,6,0,0,1,0,1,1,1,0,5,0,6,0,1.0,1,1
0,48.0,136,7,0,1,0,0,1,0,2,2,2,0,1,0,2,0,1.0,1,1
1,4.0,100,0,1,6,0,0,0,0,1,0,1,0,1,0,12,0,4.0,1,1
0,17.0,136,0,1,0,1,0,0,0,0,0,0,0,1,100,2,0,2.0,1,1
1,3.0,99,0,1,0,3,5,0,1,1,1,1,0,1,0,12,0,7.0,1,1
1,72.0,100,0,1,3,0,0,1,0,0,0,0,0,1,0,12,0,8.0,1,1
1,11.0,100,0,1,0,0,0,2,0,2,2,2,0,2,0,2,0,5.0,1,1
1,1.0,84,0,2,0,1,0,0,0,1,1,1,0,3,0,2,0,4.0,1,1
0,108.0,136,0,0,4,6,0,1,0,2,2,1,1,1,0,2,0,2.0,1,1
0,48.0,8,0,1,2,0,0,2,2,0,0,1,0,1,0,2,0,0.0,1,1
0,12.0,136,0,0,0,0,0,1,1,1,1,1,0,1,0,2,0,5.0,1,1
1,2.0,100,0,1,6,0,0,1,0,0,0,1,0,1,30,2,0,1.0,1,1
0,60.0,33,0,0,6,0,0,0,1,2,2,2,0,1,0,12,0,2.0,1,1
0,4.0,26,107,0,0,1,0,1,2,0,0,0,0,1,0,4,0,3.0,1,1
0,1.0,136,0,1,1,0,0,1,1,1,1,1,0,2,0,2,0,2.0,1,1
0,60.0,62,107,0,0,6,0,0,1,0,0,0,0,1,0,12,0,2.0,1,1
1,2.0,132,78,1,0,2,0,0,0,1,0,1,0,1,0,12,0,1.0,1,1
0,8.0,136,0,1,0,2,0,1,1,0,0,0,0,1,0,12,0,4.0,0,1
1,2.0,100,0,1,0,6,0,1,0,1,0,0,0,1,0,2,0,1.0,1,1
0,12.0,136,0,0,0,1,5,1,1,0,0,0,0,1,0,7,0,6.0,1,1
1,3.0,100,0,1,0,1,5,0,0,0,0,1,0,1,0,2,0,1.0,1,1
1,2.0,130,0,1,0,5,5,1,1,1,1,1,0,1,0,2,0,10.0,0,1
0,3.0,136,0,0,0,0,0,1,1,2,2,2,0,1,0,2,2,1.0,1,1
1,2.0,84,77,1,5,6,0,0,0,1,1,1,0,1,0,12,0,5.0,1,1
1,2.0,99,78,0,0,6,0,1,1,1,0,1,0,1,50,2,0,5.0,1,1
1,6.0,100,0,1,0,6,0,1,0,2,2,2,0,1,0,2,0,3.0,0,1
1,12.0,117,76,1,5,6,0,2,2,2,2,2,0,1,0,2,0,1.0,1,1
1,2.0,100,0,1,0,4,5,0,0,1,1,1,0,1,0,2,2,5.0,1,1
0,20.0,136,0,1,0,1,0,1,1,1,1,1,0,1,0,9,0,1.0,1,1
0,1.0,136,0,0,0,1,0,1,0,1,1,1,0,1,0,2,0,4.0,1,1
0,5.0,136,0,1,0,1,0,2,0,0,0,1,0,1,0,0,0,3.0,1,1
0,2.0,136,0,2,0,6,0,1,0,1,1,1,0,4,0,12,0,5.0,1,1
0,2.0,136,0,1,1,0,0,1,0,0,0,1,0,1,0,2,0,10.0,1,1
1,3.0,100,0,1,0,5,5,1,0,1,0,1,0,1,0,2,0,4.0,1,1
0,1.0,136,0,1,4,0,0,1,1,1,1,1,0,1,0,2,0,3.0,1,1
0,36.0,136,0,1,1,2,2,1,0,2,2,2,0,1,0,12,0,2.0,0,1
1,1.0,100,0,1,0,6,0,1,0,1,1,1,0,1,0,12,0,1.0,1,1
1,2.0,100,0,2,0,5,5,1,0,1,0,1,0,2,0,2,0,14.0,1,1
0,15.0,38,28,1,4,0,0,1,0,0,0,1,0,1,350,4,0,1.0,1,1
0,48.0,48,0,0,4,6,0,0,1,0,0,0,1,1,100,12,0,2.0,1,1
1,2.0,100,0,2,0,3,0,1,1,1,0,1,0,2,0,12,0,4.0,1,1
1,3.0,99,0,1,2,0,0,1,1,1,0,1,0,1,0,2,0,3.0,1,1
1,2.0,100,0,1,5,6,0,0,0,1,0,1,1,1,0,4,0,2.0,0,1
0,12.0,136,107,0,1,0,0,0,0,0,0,1,1,1,0,2,0,1.0,1,1
0,48.0,38,0,1,1,4,0,0,1,0,0,0,0,1,0,12,0,3.0,1,1
0,2.0,136,0,1,3,0,0,0,0,1,0,1,0,1,0,2,0,2.0,1,1
0,1.0,136,0,1,0,1,3,0,1,1,1,1,0,1,0,2,0,4.0,1,1
1,1.0,100,0,2,0,1,5,0,0,1,1,1,0,4,0,2,0,4.0,1,1
0,10.0,157,107,1,0,6,0,1,0,0,0,0,0,1,100,2,0,8.0,1,1
0,6.0,8,6,0,1,3,0,2,1,0,0,1,0,1,0,2,0,2.0,1,1
1,2.0,99,101,1,0,6,0,1,1,1,1,1,0,1,0,2,0,3.0,1,1
0,2.0,136,0,0,0,6,0,1,1,1,1,1,0,1,0,3,0,5.0,1,1
0,24.0,136,107,0,0,0,0,1,1,2,2,2,0,1,0,2,0,1.0,0,1
0,2.0,136,0,0,0,1,0,1,0,1,1,1,0,1,0,2,0,2.0,0,1
0,3.0,136,0,1,4,0,0,1,1,1,1,1,0,1,0,2,0,5.0,1,1
0,10.0,28,0,0,0,1,0,0,0,0,0,0,0,2,50,2,0,5.0,1,1
1,12.0,100,0,1,0,1,5,1,1,0,0,0,0,1,0,2,0,1.0,1,1
0,5.0,136,107,2,0,5,0,1,0,2,2,2,0,2,0,0,0,8.0,0,1
0,7.0,136,0,1,0,0,0,0,0,0,0,0,0,1,0,12,0,25.0,1,1
0,1.0,136,0,0,0,5,5,1,1,1,1,2,0,1,250,2,0,1.0,1,1
0,2.0,136,0,0,1,6,0,1,1,0,0,1,0,1,0,2,0,4.0,1,1
0,48.0,136,0,0,0,6,0,1,0,0,0,2,0,1,0,2,0,2.0,1,1
0,8.0,158,107,1,0,1,0,1,0,0,2,0,0,1,0,2,0,3.0,1,1
1,1.0,100,0,1,0,6,0,1,0,1,1,1,0,1,0,2,0,3.0,1,1
1,9.0,98,85,0,4,0,0,1,2,0,0,0,0,1,200,4,0,20.0,1,1
1,28.0,100,78,0,0,5,5,1,0,0,0,0,0,1,0,3,0,7.0,1,1
0,3.0,136,0,2,0,1,1,1,0,0,0,1,0,3,15,2,0,8.0,1,1
1,9.0,100,0,0,0,5,5,1,0,0,0,0,0,2,0,2,0,0.0,1,1
0,2.0,136,107,0,0,1,5,1,1,0,0,1,0,1,0,2,0,4.0,1,1
1,72.0,100,0,0,5,0,0,1,0,0,0,0,0,1,0,2,0,1.0,1,1
0,2.0,136,0,0,1,0,0,1,0,1,0,1,0,1,0,12,0,4.0,1,1
1,1.0,129,0,2,0,1,3,0,0,2,2,2,0,11,0,12,0,0.0,1,1
0,7.0,136,0,1,1,6,0,1,0,2,2,2,0,1,0,12,0,1.0,1,1
0,2.0,136,107,1,0,1,0,1,0,1,1,1,0,1,0,1,0,1.0,1,1
1,1.0,100,0,0,3,0,0,0,0,1,0,1,0,1,0,12,0,6.0,1,1
1,15.0,122,0,1,6,0,0,1,0,1,1,2,0,1,0,11,0,1.0,1,1
0,4.0,136,0,1,1,6,0,1,1,0,0,2,0,1,0,2,2,3.0,1,1
0,2.0,38,0,0,4,0,0,1,2,0,0,1,0,1,50,2,0,4.0,1,1
1,18.0,100,0,1,5,6,0,1,0,1,1,1,0,1,0,3,0,2.0,1,1
0,1.0,136,0,0,0,1,0,1,0,1,1,1,0,1,0,3,0,1.0,1,1
1,3.0,100,0,2,0,1,0,2,0,1,1,1,0,4,0,12,0,23.0,1,1
1,2.0,100,0,0,2,3,0,0,0,1,1,1,0,1,0,2,0,5.0,1,1
0,4.0,158,107,1,0,4,0,1,0,0,0,0,0,1,0,2,0,6.0,1,1
1,60.0,100,0,0,3,0,0,2,0,0,0,0,0,1,0,12,0,1.0,1,1
0,3.0,136,0,1,0,1,0,1,0,1,0,1,0,1,0,12,0,7.0,1,1
0,12.0,136,0,1,1,2,2,1,1,2,2,0,0,1,0,3,0,1.0,1,1
0,10.0,136,107,0,0,2,5,1,1,0,0,1,0,3,0,2,1,12.0,1,1
1,24.0,98,0,1,5,0,0,1,1,2,0,1,0,1,0,2,0,7.0,1,1
0,1.0,136,0,1,0,1,0,1,0,1,0,1,0,1,0,3,0,4.0,1,1
1,3.0,100,0,0,0,1,4,2,0,1,1,1,0,4,0,2,0,5.0,1,1
0,2.0,136,107,0,6,0,0,1,0,1,0,1,0,1,0,2,0,1.0,1,1
1,9.0,125,0,0,1,6,0,1,0,0,0,0,0,1,0,4,0,1.0,1,1
1,14.0,100,0,0,2,0,0,1,0,0,0,0,0,1,0,7,0,10.0,1,1
1,18.0,99,0,0,5,6,0,2,1,1,1,0,0,1,0,12,1,9.0,1,1
1,2.0,100,0,1,0,4,0,1,0,1,1,1,0,1,170,2,2,4.0,1,1
1,3.0,100,58,0,0,5,0,1,0,0,0,1,0,1,1,2,0,4.0,1,1
0,24.0,151,0,1,1,4,0,0,1,0,0,0,0,1,0,12,0,6.0,1,1
0,2.0,136,107,2,1,2,0,1,1,1,1,1,0,6,0,12,0,8.0,0,1
0,1.0,136,0,0,0,1,0,1,1,2,2,1,0,1,0,2,0,1.0,1,1
0,1.0,136,107,1,4,0,0,1,0,1,0,1,0,5,0,5,0,5.0,1,1
0,12.0,136,107,1,1,0,0,1,1,0,0,0,0,2,0,2,0,5.0,1,1
0,12.0,136,0,2,1,0,0,1,1,2,2,2,0,4,0,12,0,5.0,1,1
0,2.0,136,0,0,1,0,0,1,1,0,0,1,0,1,0,2,0,1.0,1,1
1,3.0,99,0,0,4,6,0,1,1,2,2,1,0,1,0,2,0,4.0,1,1
0,3.0,136,0,1,1,4,0,1,1,1,1,1,0,1,0,2,1,4.0,1,1
0,3.0,136,0,1,0,0,0,1,0,1,1,1,0,1,0,2,0,2.0,0,1
0,2.0,136,107,1,0,1,0,1,1,0,0,1,0,1,0,2,0,3.0,1,1
0,24.0,57,0,1,5,6,0,0,2,2,2,2,1,1,0,12,0,2.0,1,1
0,24.0,136,0,1,1,0,0,1,0,1,1,0,0,1,0,3,0,1.0,1,1
0,2.0,136,0,1,0,1,3,1,0,0,0,1,0,1,0,2,0,5.0,1,1
0,2.0,65,107,1,0,2,3,1,1,1,1,1,0,2,0,2,0,9.0,1,1
1,13.0,99,0,1,0,1,5,2,1,0,0,1,0,1,0,12,0,5.0,1,1
0,2.0,136,0,0,0,0,0,1,0,1,1,1,0,1,0,12,0,1.0,1,1
0,8.0,136,0,0,0,1,0,1,0,2,2,2,0,1,0,2,0,1.0,1,1
0,4.0,136,0,2,1,2,5,1,0,0,0,1,0,3,0,2,0,1.0,1,1
0,2.0,136,0,0,0,1,0,1,0,1,1,1,0,1,0,2,0,2.0,1,1
0,1.0,139,0,0,0,0,0,1,1,1,1,1,0,1,200,6,0,5.0,1,1
0,21.0,2,107,1,1,6,0,1,0,0,0,0,1,1,0,2,0,2.0,1,1
1,36.0,100,0,0,0,1,0,2,0,0,0,0,0,1,0,12,0,1.0,1,1
0,10.0,13,6,1,3,4,5,1,1,0,0,0,0,1,1,12,0,4.0,1,1
1,1.0,100,69,2,3,5,5,1,1,1,1,1,0,4,0,2,0,4.0,1,1
1,3.0,100,78,1,0,3,5,1,0,1,1,1,0,2,0,12,0,1.0,1,1
0,1.0,136,0,1,1,4,5,1,0,1,1,1,0,3,0,2,0,10.0,1,1
1,3.0,100,0,1,0,2,5,1,0,1,0,1,0,1,50,12,0,4.0,1,1
1,1.0,80,0,0,0,1,5,0,0,1,1,1,0,1,0,2,0,3.0,1,1
1,4.0,99,0,1,3,0,0,0,0,1,1,1,0,1,0,12,0,4.0,1,1
1,1.0,99,0,2,5,6,0,1,1,1,1,1,0,2,0,2,0,25.0,1,1
0,1.0,136,107,1,1,2,5,0,0,1,0,1,0,1,0,5,0,2.0,1,1
1,7.0,100,0,0,3,6,0,1,0,0,0,0,0,1,50,2,0,5.0,1,1
0,2.0,136,14,2,4,6,0,2,0,0,0,1,0,3,0,2,1,8.0,1,1
0,9.0,136,0,1,0,1,0,1,0,0,2,0,0,1,0,12,0,1.0,1,1
1,7.0,85,71,2,0,1,5,1,0,1,1,1,0,5,0,2,0,4.0,1,1
0,2.0,136,4,1,0,1,0,1,0,0,0,1,0,1,0,2,0,13.0,1,1
0,42.0,136,0,0,0,6,0,1,1,0,0,1,0,1,0,12,0,2.0,1,1
1,6.0,109,92,1,1,3,5,1,1,0,0,1,0,1,100,2,0,1.0,1,1
1,12.0,98,0,1,6,0,0,1,1,0,0,0,0,1,0,2,0,4.0,1,1
0,1.0,136,0,1,0,1,0,1,0,1,0,1,0,1,0,1,0,2.0,1,1
0,12.0,158,14,0,0,1,0,1,0,0,0,2,0,2,0,3,0,2.0,1,1
1,2.0,100,77,0,0,6,0,0,0,1,1,0,0,1,0,2,0,4.0,1,1
1,4.0,129,0,2,3,5,5,1,1,1,1,1,0,2,0,7,0,5.0,1,1
1,4.0,100,0,0,2,6,0,1,0,1,0,1,0,1,30,2,0,3.0,1,1
1,2.0,99,0,1,0,1,0,1,1,1,1,1,0,1,0,1,0,0.0,1,1
1,12.0,99,0,0,0,1,5,2,1,0,0,0,0,1,0,2,0,12.0,1,1
0,2.0,136,0,1,1,0,0,1,1,0,0,1,0,2,0,2,0,3.0,1,1
1,2.0,100,0,1,0,6,0,0,0,2,2,2,0,1,0,12,0,5.0,1,1
1,4.0,100,0,0,2,0,0,1,0,1,0,1,0,1,0,2,0,5.0,1,1
1,2.0,100,0,2,1,5,5,0,0,1,0,1,0,5,0,12,0,5.0,0,1
0,2.0,136,4,1,1,0,0,1,0,1,1,1,0,1,0,2,0,2.0,1,1
0,3.0,136,51,0,4,0,0,0,0,0,0,1,0,1,270,2,0,5.0,1,1
1,1.0,100,78,0,0,5,5,1,0,1,0,1,0,2,0,2,0,4.0,0,1
1,12.0,129,0,0,2,0,0,2,0,0,0,0,0,1,50,12,0,4.0,1,1
0,1.0,136,107,1,2,0,0,1,0,1,1,1,0,1,0,2,0,1.0,1,1
0,15.0,136,0,1,0,1,2,1,0,0,0,0,0,1,0,12,0,4.0,1,1
0,2.0,136,107,1,0,3,5,2,0,1,1,1,0,6,0,3,0,5.0,0,1
0,18.0,136,0,1,6,0,0,1,1,0,0,0,0,1,0,2,0,4.0,1,1
0,62.0,57,0,0,0,1,5,1,0,0,0,1,0,1,0,2,0,2.0,1,1
0,3.0,136,0,1,0,0,0,0,1,2,2,1,0,1,0,12,0,2.0,1,1
0,24.0,51,107,1,0,2,5,1,0,2,2,2,1,1,0,2,0,1.0,1,1
1,2.0,99,0,0,2,6,0,1,1,1,1,1,1,1,0,12,0,1.0,1,1
0,2.0,65,107,2,0,1,5,1,0,1,0,1,0,8,0,2,0,9.0,1,1
1,2.0,100,0,1,1,2,5,1,1,1,1,1,0,2,0,2,0,6.0,1,1
0,76.0,16,0,1,1,6,0,0,0,0,0,0,0,1,0,2,0,3.0,1,1
0,2.0,136,0,1,0,1,0,1,0,1,1,1,1,1,0,7,0,1.0,1,1
1,24.0,99,0,0,4,6,0,1,1,1,0,0,0,1,200,12,0,3.0,1,1
0,8.0,136,0,1,4,0,0,1,1,2,2,2,0,1,0,2,0,3.0,1,1
1,1.0,99,0,1,4,6,0,1,1,1,1,1,0,1,0,3,0,4.0,1,1
0,24.0,21,107,0,1,0,0,2,0,0,0,0,0,1,0,4,0,5.0,1,1
0,3.0,136,0,0,0,1,2,2,0,1,1,1,0,5,0,12,1,8.0,1,1
1,12.0,99,0,2,0,3,5,1,1,1,1,1,0,3,0,2,0,4.0,1,1
1,12.0,98,0,1,0,5,5,1,2,2,2,2,0,1,0,4,0,7.0,1,1
0,3.0,136,0,1,0,4,4,1,0,1,1,1,0,1,20,3,0,1.0,1,1
1,10.0,104,97,1,1,0,0,1,0,1,1,1,0,1,0,2,0,2.0,1,1
0,3.0,136,0,1,1,0,0,1,1,0,0,1,0,1,0,2,0,5.0,1,1
0,4.0,136,107,1,0,1,0,1,1,0,0,1,0,1,150,2,0,1.0,1,1
1,3.0,134,0,2,0,1,5,0,2,1,1,1,0,2,0,2,0,5.0,1,1
0,4.0,136,0,0,1,0,0,1,0,0,0,1,0,1,0,2,0,5.0,1,1
1,3.0,100,0,1,0,6,0,1,0,0,0,1,0,1,0,12,1,10.0,1,1
0,36.0,136,0,1,2,0,0,1,0,0,0,0,0,1,0,2,0,4.0,1,1
1,1.0,100,0,0,1,5,5,1,0,1,0,1,0,1,0,2,1,4.0,1,1
1,6.0,99,0,1,0,2,5,1,1,2,2,2,0,1,0,2,0,5.0,1,1
0,2.0,136,0,1,0,1,3,1,1,0,0,1,0,2,0,2,0,7.0,1,1
0,7.0,136,0,0,0,1,0,1,0,0,0,0,0,1,0,7,0,1.0,1,1
1,2.0,99,0,0,3,0,0,2,1,1,0,2,0,1,40,2,0,4.0,1,1
0,120.0,28,0,0,0,1,0,1,0,0,0,0,0,1,0,12,0,1.0,1,1
1,12.0,100,0,2,0,6,0,1,0,1,1,1,0,2,0,12,0,2.0,1,1
0,1.0,136,0,2,1,3,5,1,0,1,1,1,0,4,0,7,0,4.0,1,1
1,1.0,100,0,2,1,4,5,0,0,1,1,1,0,3,0,2,0,3.0,0,1
0,2.0,136,0,0,1,0,0,1,1,0,0,1,0,1,0,2,0,2.0,1,1
1,12.0,100,0,1,0,1,5,1,0,0,0,1,0,1,0,2,0,4.0,1,1
0,12.0,136,14,1,4,6,0,1,0,2,2,2,0,1,0,2,0,4.0,1,1
1,1.0,100,0,1,1,3,0,0,0,1,0,1,0,2,0,12,0,1.0,1,1
1,15.0,117,101,0,2,3,0,2,1,0,0,1,0,1,0,2,0,1.0,1,1
0,11.0,136,0,1,4,6,0,1,0,2,2,0,0,1,0,2,0,1.0,1,1
0,4.0,136,0,1,4,6,0,1,1,0,0,0,0,1,0,12,0,7.0,1,1
0,12.0,136,0,1,4,6,0,1,1,0,0,1,0,1,0,2,0,3.0,1,1
0,1.0,136,107,2,1,4,0,1,0,1,1,1,0,2,0,12,0,3.0,1,1
1,3.0,99,0,1,2,0,0,1,1,1,1,1,0,1,0,2,0,3.0,1,1
1,1.0,100,0,1,1,4,5,0,0,1,1,1,0,1,0,7,0,4.0,0,1
1,5.0,117,63,1,0,1,5,1,0,1,1,1,0,1,0,12,0,1.0,1,1
1,4.0,100,0,1,0,1,5,1,1,1,1,1,1,2,0,2,3,3.0,1,1
0,2.0,136,0,1,1,6,0,1,0,2,2,1,0,1,0,2,0,1.0,1,1
1,1.0,100,78,2,1,2,5,1,1,1,0,1,0,2,0,2,0,2.0,1,1
1,10.0,99,0,0,6,0,0,1,1,2,2,1,0,1,0,2,0,1.0,1,1
0,1.0,136,107,1,1,6,0,1,1,1,0,1,0,1,0,2,0,3.0,1,1
1,3.0,100,77,1,1,3,5,0,0,1,1,1,0,1,0,12,0,1.0,1,1
1,12.0,100,0,1,6,0,0,0,0,1,1,1,1,1,0,2,0,2.0,1,1
1,8.0,80,67,0,4,5,0,2,1,2,0,1,0,1,0,11,0,4.0,1,1
0,132.0,16,0,1,1,6,0,0,1,0,0,0,0,1,0,2,0,2.0,1,1
0,36.0,57,28,1,0,1,5,1,2,2,2,2,0,1,0,2,0,3.0,1,1
1,3.0,100,0,0,0,0,0,0,0,1,0,1,0,1,0,12,0,3.0,1,1
1,2.0,100,0,0,6,0,0,1,0,1,1,1,0,1,0,6,0,4.0,1,1
0,12.0,136,0,1,0,0,0,1,0,0,0,0,0,1,250,12,0,2.0,1,1
0,36.0,94,107,1,0,1,0,2,1,2,2,2,0,1,0,2,0,1.0,1,1
0,1.0,136,0,2,0,1,0,1,1,0,0,0,0,3,0,12,0,5.0,0,1
0,8.0,7,107,1,3,4,5,1,2,0,0,1,0,1,0,2,0,5.0,1,1
0,2.0,136,0,1,3,6,0,1,0,1,1,1,0,1,0,0,0,1.0,0,1
0,1.0,136,0,1,0,1,0,1,0,1,1,1,0,1,20,3,0,1.0,1,1
1,3.0,135,0,1,0,0,0,0,0,1,1,1,0,4,0,2,0,4.0,0,1
0,1.0,136,107,2,1,3,0,2,0,1,1,1,0,3,0,12,0,5.0,1,1
1,3.0,99,0,2,2,6,0,0,1,1,1,1,0,2,0,12,0,5.0,1,1
0,2.0,136,0,1,0,1,0,1,0,0,0,1,0,1,0,2,0,4.0,1,1
1,2.0,100,0,0,5,6,0,1,0,1,0,1,0,1,0,12,0,5.0,1,1
0,8.0,136,0,1,4,0,0,1,1,0,0,0,0,1,150,2,1,2.0,1,1
1,3.0,100,77,0,0,1,4,1,1,1,1,1,0,1,0,5,0,3.0,1,1
1,6.0,99,0,0,1,3,0,1,1,0,0,0,0,1,0,2,0,1.0,1,1
1,3.0,100,0,0,5,6,0,1,0,1,0,1,0,1,0,3,0,1.0,1,1
0,1.0,21,107,1,0,1,5,1,0,1,1,1,0,1,0,1,0,4.0,1,1
0,5.0,136,0,1,1,0,0,1,1,2,0,1,0,1,0,12,0,7.0,1,1
0,2.0,136,107,0,0,1,5,1,0,1,1,1,0,8,0,2,0,7.0,1,1
0,12.0,5,45,0,0,6,0,2,2,0,0,1,0,1,350,2,0,4.0,1,1
1,1.0,99,0,2,0,5,5,0,0,1,1,1,0,5,0,12,0,14.0,1,1
1,2.0,129,0,2,0,1,5,0,0,0,0,1,0,2,0,12,0,4.0,0,1
0,2.0,136,0,2,1,4,5,0,0,1,0,1,0,10,0,2,0,8.0,1,1
1,1.0,100,0,1,2,6,0,0,1,1,1,1,0,1,0,2,0,2.0,1,1
0,8.0,136,0,1,1,0,0,1,0,0,0,0,0,1,0,12,0,4.0,1,1
0,2.0,136,0,1,0,1,5,1,1,1,1,1,0,8,0,8,0,8.0,1,1
0,60.0,51,0,1,4,0,0,1,0,0,0,0,0,1,0,2,0,2.0,1,1
1,2.0,100,0,2,0,1,5,1,0,1,1,1,0,4,0,2,0,4.0,0,1
1,7.0,100,0,1,0,0,0,1,0,2,0,2,0,1,0,12,0,10.0,1,1
1,4.0,100,0,0,0,6,0,1,0,1,1,1,0,3,0,2,0,6.0,0,1
1,4.0,100,0,0,0,6,0,1,0,0,0,0,0,1,100,2,0,1.0,1,1
1,1.0,99,0,2,0,5,5,1,1,1,1,1,0,3,0,2,0,6.0,1,1
1,3.0,99,0,0,0,0,0,0,1,1,1,1,0,1,0,2,0,1.0,1,1
1,5.0,99,0,1,1,6,0,1,1,1,1,1,0,1,0,12,0,5.0,0,1
0,2.0,136,0,0,0,1,5,1,1,0,0,1,0,1,0,2,0,6.0,1,1
1,3.0,100,0,0,0,5,5,1,0,0,0,1,0,1,0,2,0,3.0,1,1
1,7.0,100,0,0,2,6,0,1,0,1,1,1,0,1,0,12,0,1.0,1,1
1,5.0,117,0,1,4,6,0,1,0,1,1,1,0,2,0,2,0,5.0,1,1
0,48.0,147,0,1,0,0,0,0,0,2,2,1,0,1,0,2,0,4.0,1,1
1,3.0,100,0,1,0,2,5,1,0,1,1,1,0,1,0,5,2,3.0,1,1
1,3.0,99,0,1,0,3,5,1,1,1,0,1,0,2,0,3,0,3.0,1,1
0,1.0,136,0,0,0,0,0,0,0,1,1,1,0,1,0,12,0,1.0,0,1
1,4.0,100,0,0,0,1,4,0,0,2,2,2,0,1,0,12,0,3.0,0,1
0,1.0,136,0,2,0,1,3,1,1,1,1,1,0,8,0,2,0,17.0,1,1
1,6.0,110,0,1,1,6,0,0,0,1,1,1,2,1,0,12,0,4.0,1,1
1,5.0,100,0,1,6,0,0,1,0,1,0,1,0,1,0,12,0,5.0,1,1
0,96.0,136,0,0,0,6,0,1,0,1,1,1,0,1,0,3,0,2.0,1,1
1,6.0,100,0,1,1,6,0,1,0,0,0,1,0,1,0,2,0,4.0,1,1
1,6.0,100,0,1,5,6,0,0,0,1,0,1,0,1,0,12,0,4.0,1,1
0,48.0,5,107,0,0,1,0,2,1,0,0,0,0,1,0,2,0,1.0,1,1
0,72.0,136,0,1,0,1,0,1,0,0,0,1,0,1,0,2,0,2.0,1,1
1,12.0,87,78,0,0,0,0,0,0,0,0,0,0,1,120,2,0,0.0,1,1
1,3.0,100,0,1,0,1,1,1,0,0,0,1,0,1,0,2,0,17.0,1,1
0,36.0,136,0,1,1,0,0,2,1,0,0,0,0,1,0,2,0,10.0,1,1
0,12.0,21,107,1,1,0,0,1,1,0,0,0,0,2,0,2,0,2.0,1,1
1,3.0,80,0,2,5,0,0,1,1,1,1,1,0,3,0,12,0,1.0,1,1
1,3.0,100,78,2,0,1,4,0,1,1,1,1,0,3,0,2,0,5.0,1,1
1,2.0,129,78,1,0,5,0,1,0,1,0,1,0,1,0,12,0,22.0,1,1
1,4.0,98,0,1,0,1,5,2,2,0,0,0,0,1,0,4,0,5.0,1,1
1,5.0,99,0,1,4,5,0,1,0,1,1,1,0,2,0,12,0,2.0,0,1
0,3.0,136,0,0,0,1,0,1,0,0,0,1,0,1,0,2,0,8.0,1,1
1,12.0,132,85,1,0,1,2,1,0,1,1,1,0,1,0,2,0,1.0,1,1
0,0.0,144,107,0,0,0,0,1,0,1,1,1,0,1,0,12,0,6.0,1,1
0,11.0,151,0,0,4,0,0,1,2,0,0,1,0,1,200,2,0,3.0,1,1
1,12.0,100,0,1,1,6,0,0,0,0,0,0,0,1,0,12,0,5.0,1,1
1,6.0,100,0,0,3,6,0,1,0,1,1,1,0,1,0,2,0,3.0,0,1
1,4.0,129,0,1,0,2,5,1,0,0,0,1,0,1,0,2,0,1.0,1,1
1,2.0,100,0,0,0,6,0,1,1,0,0,1,0,2,0,6,0,9.0,1,1
0,2.0,136,107,1,1,0,0,1,1,1,0,1,0,1,0,2,0,5.0,1,1
0,12.0,136,0,1,0,1,0,2,0,0,0,0,0,1,0,2,0,2.0,1,1
1,4.0,98,0,0,0,0,0,0,2,1,0,1,0,1,0,2,0,5.0,1,1
1,2.0,100,0,1,0,6,0,0,0,1,0,1,0,1,0,3,0,3.0,1,1
0,1.0,136,0,1,1,6,0,1,0,0,0,1,0,1,0,2,0,1.0,0,1
1,3.0,100,0,1,0,3,5,1,1,1,1,1,0,1,0,12,3,10.0,1,1
0,2.0,136,0,1,0,1,5,1,1,1,0,1,0,1,0,3,0,3.0,1,1
0,3.0,4,107,1,0,1,0,1,1,1,1,1,0,1,0,12,0,2.0,0,1
1,1.0,129,78,0,0,5,5,1,0,1,0,1,0,1,0,2,0,4.0,1,1
0,3.0,136,51,0,0,0,0,1,0,0,0,1,0,1,0,2,0,8.0,1,1
1,4.0,100,0,1,1,4,0,1,0,1,1,0,0,1,0,2,0,2.0,1,1
0,2.0,136,0,1,0,1,5,1,0,1,0,1,0,1,0,12,1,6.0,1,1
0,4.0,136,0,1,0,3,0,1,1,0,0,0,0,1,0,4,0,3.0,1,1
0,3.0,136,0,0,0,1,0,1,1,1,1,1,0,1,0,2,0,2.0,1,1
1,4.0,88,0,0,2,3,5,1,1,0,0,1,0,1,50,12,2,5.0,1,1
0,3.0,136,0,1,0,0,0,1,0,1,0,1,0,1,0,7,0,2.0,1,1
0,2.0,136,123,0,0,1,3,1,0,0,0,1,0,1,200,2,0,8.0,1,1
0,8.0,158,107,0,1,0,0,2,0,2,2,1,0,1,0,2,0,6.0,1,1
1,5.0,100,0,2,3,4,5,0,0,1,1,2,0,4,0,2,0,1.0,1,1
1,4.0,100,78,0,3,6,0,0,0,1,0,1,0,1,0,12,0,4.0,1,1
1,6.0,100,0,0,0,6,0,1,0,2,2,2,0,1,0,12,0,3.0,1,1
1,4.0,100,0,0,0,1,5,0,0,1,0,1,0,1,10,12,0,4.0,1,1
1,15.0,100,0,0,0,1,0,1,0,1,1,1,0,1,0,2,0,3.0,1,1
0,12.0,38,0,0,4,0,0,0,1,2,2,1,0,1,0,2,0,1.0,1,1
1,10.0,100,0,2,3,0,0,1,0,2,0,1,0,2,0,12,0,3.0,0,1
0,36.0,136,0,1,1,2,2,1,0,2,2,2,0,1,0,12,0,2.0,0,1
0,2.0,136,0,2,1,5,0,1,0,0,0,1,0,7,0,2,0,2.0,1,1
0,16.0,6,0,1,0,1,2,1,1,0,0,0,0,1,50,2,0,5.0,1,1
0,4.0,21,107,1,0,0,0,1,0,0,0,1,0,1,5,2,0,2.0,1,1
0,1.0,136,0,1,1,0,0,1,0,1,0,1,0,1,0,5,0,2.0,1,1
1,1.0,100,0,1,1,0,0,2,0,1,0,1,0,1,0,2,0,4.0,1,1
0,2.0,136,0,1,0,1,3,1,0,1,0,1,0,1,0,12,0,3.0,1,1
1,20.0,109,78,0,0,0,0,2,1,1,0,1,0,1,150,2,0,2.0,1,1
0,3.0,136,0,0,1,0,0,2,0,1,1,1,0,1,0,3,0,4.0,0,1
0,48.0,57,0,0,0,6,0,0,1,2,0,1,0,1,0,2,0,1.0,1,1
1,9.0,100,0,0,0,1,4,1,0,0,0,0,0,1,0,12,0,6.0,1,1
1,2.0,100,0,1,0,2,5,1,0,1,1,1,0,1,10,7,0,2.0,1,1
1,6.0,122,77,1,1,4,5,0,1,0,0,1,0,1,0,2,0,2.0,1,1
1,24.0,100,78,0,2,3,0,1,0,0,0,0,0,1,0,2,0,5.0,1,1
0,3.0,136,0,1,1,6,0,1,0,0,0,1,0,1,0,12,0,4.0,1,1
1,84.0,100,0,0,0,5,5,2,0,0,0,0,0,1,0,12,0,5.0,1,1
0,1.0,136,0,0,1,6,0,1,0,0,0,1,0,1,0,2,0,10.0,1,1
0,2.0,136,0,2,0,1,0,1,0,0,0,1,0,12,0,12,0,6.0,1,1
0,7.0,136,6,0,1,2,0,1,1,0,0,0,0,1,0,4,0,7.0,1,1
1,4.0,128,0,1,3,4,5,0,0,1,1,1,1,1,0,12,0,2.0,1,1
1,1.0,100,0,0,0,1,1,1,0,1,1,1,0,1,0,12,0,1.0,1,1
1,1.0,100,0,0,0,5,0,0,0,1,1,1,0,1,0,12,0,4.0,1,1
0,4.0,156,122,0,0,4,5,1,0,2,0,1,0,1,0,4,1,11.0,1,1
0,0.0,144,107,0,0,6,0,1,0,1,1,1,0,1,0,12,0,6.0,1,1
0,2.0,136,0,1,0,1,5,0,0,2,2,2,0,1,0,2,0,1.0,1,1
1,2.0,98,0,0,1,2,2,1,1,1,0,1,0,1,0,2,0,2.0,1,1
1,3.0,99,0,1,5,0,0,1,1,1,1,1,0,1,0,2,0,2.0,1,1
1,2.0,100,0,0,0,6,0,1,0,0,0,1,0,1,0,2,0,4.0,1,1
0,120.0,40,0,0,0,4,0,0,0,2,2,1,0,1,0,2,0,3.0,1,1
1,3.0,129,77,0,2,6,0,0,1,1,0,1,0,1,0,4,0,3.0,1,1
1,24.0,98,0,1,0,6,0,1,2,0,0,1,0,1,0,2,0,1.0,1,1
1,1.0,100,68,1,0,1,0,0,0,1,1,1,0,3,0,12,0,1.0,1,1
0,1.0,136,0,1,0,0,0,1,0,1,1,1,0,1,0,2,0,1.0,1,1
0,3.0,136,0,1,0,0,0,1,1,0,0,1,0,1,0,2,0,1.0,1,1
1,2.0,100,0,0,1,5,5,1,1,1,1,1,0,2,0,12,0,5.0,1,1
1,2.0,100,0,1,3,6,0,0,0,2,2,2,0,1,0,12,0,2.0,1,1
0,14.0,62,107,1,6,0,0,1,0,0,0,0,0,1,0,2,0,2.0,1,1
0,24.0,37,0,0,4,6,0,0,1,0,0,1,0,1,0,12,0,3.0,1,1
0,41.0,65,28,1,2,0,0,0,1,1,0,2,0,1,25,4,0,7.0,1,1
0,12.0,136,0,1,3,6,0,1,0,0,0,0,0,1,0,3,0,3.0,1,1
0,12.0,136,14,1,6,0,0,1,0,2,2,0,0,1,0,2,0,2.0,1,1
1,2.0,122,0,1,4,0,0,0,0,1,1,1,0,1,0,12,0,3.0,1,1
0,1.0,136,0,1,1,0,0,1,0,2,2,1,0,1,0,4,0,5.0,1,1
1,4.0,100,0,1,2,5,5,0,0,0,0,1,0,1,0,12,0,4.0,1,1
0,62.0,8,107,1,2,4,0,1,1,0,0,0,0,1,0,2,0,3.0,1,1
1,3.0,100,0,1,0,0,0,1,1,1,0,1,0,1,0,12,0,29.0,1,1
1,3.0,100,0,1,4,5,5,1,0,0,0,0,0,1,100,2,0,1.0,1,1
0,8.0,136,0,1,1,6,0,1,0,0,0,0,0,1,0,2,0,4.0,1,1
0,8.0,136,107,1,6,0,0,1,0,0,0,0,0,1,0,2,1,1.0,1,1
0,1.0,136,0,1,1,0,0,1,1,1,0,1,0,1,0,12,0,16.0,1,1
1,2.0,100,0,0,0,3,0,1,1,1,1,2,0,1,0,2,0,0.0,1,1
1,3.0,98,0,1,4,0,0,1,2,1,1,1,1,1,0,12,0,2.0,1,1
1,3.0,91,0,1,0,3,5,0,1,1,0,1,0,1,50,2,0,5.0,1,1
1,1.0,99,78,0,2,6,0,1,1,1,1,1,0,1,50,2,0,9.0,1,1
1,2.0,99,0,2,0,2,5,1,1,1,1,1,0,3,0,2,0,3.0,1,1
1,4.0,100,0,1,0,1,0,0,0,1,1,1,0,2,0,12,0,2.0,1,1
1,3.0,100,78,1,0,3,5,0,0,1,0,1,0,1,0,12,0,5.0,1,1
1,2.0,100,0,0,0,5,0,1,0,1,0,1,0,1,0,2,0,2.0,1,1
1,2.0,100,77,1,0,5,5,1,0,1,1,1,0,1,0,2,0,5.0,1,1
1,18.0,100,76,1,2,6,0,1,1,2,2,2,0,6,0,2,0,5.0,1,1
0,2.0,136,0,0,1,0,0,1,0,0,1,1,0,1,0,2,0,5.0,1,1
0,1.0,136,107,2,0,1,4,1,0,1,1,1,0,3,0,2,0,7.0,1,1
1,3.0,100,0,1,5,6,0,0,1,1,0,1,0,1,0,5,0,1.0,1,1
0,2.0,136,0,1,0,1,0,1,0,1,1,1,0,1,20,3,0,1.0,1,1
0,4.0,136,0,1,0,1,0,0,1,0,0,1,0,1,0,2,0,2.0,1,1
1,1.0,80,0,2,1,2,2,1,0,1,1,1,0,2,0,7,0,5.0,0,1
1,2.0,122,0,1,1,6,0,0,0,1,0,1,1,1,0,2,0,10.0,1,1
0,4.0,136,0,1,0,0,0,1,0,0,0,1,0,1,0,2,0,5.0,1,1
0,2.0,136,0,2,0,0,0,1,0,1,1,1,0,4,0,2,0,3.0,0,1
0,3.0,5,107,1,0,1,0,1,1,0,2,1,0,1,0,2,0,2.0,1,1
0,8.0,136,39,1,0,1,0,1,0,0,0,0,0,1,0,2,0,3.0,1,1
0,3.0,136,0,0,0,0,0,1,0,1,1,1,0,1,0,2,0,1.0,0,1
1,5.0,100,0,0,5,0,0,1,0,0,0,1,0,1,0,2,0,0.0,1,1
0,3.0,136,121,1,0,3,5,1,0,0,0,1,0,2,0,2,0,9.0,1,1
1,2.0,122,0,1,5,0,0,0,0,2,2,1,0,1,0,2,0,4.0,1,1
0,41.0,57,0,0,2,6,0,0,0,0,0,0,0,1,350,2,0,3.0,1,1
0,6.0,136,0,0,1,4,0,0,0,0,0,1,0,1,0,2,0,3.0,1,1
0,1.0,136,51,1,0,6,0,1,1,0,0,1,0,1,0,2,0,19.0,1,1
1,2.0,100,0,1,0,6,0,0,0,1,1,1,0,4,0,2,0,3.0,1,1
0,36.0,38,0,1,4,0,0,0,0,0,0,0,0,1,0,1,0,1.0,1,1
0,4.0,136,0,1,0,1,0,0,1,0,0,0,0,3,0,2,0,2.0,1,1
1,24.0,100,78,1,5,6,0,0,0,1,0,0,0,1,0,12,0,3.0,1,1
0,5.0,136,122,1,0,5,5,1,1,0,0,1,0,1,0,2,0,2.0,1,1
0,2.0,136,14,0,1,6,0,1,1,1,1,1,0,1,0,12,0,2.0,0,1
1,4.0,100,0,0,4,0,0,1,0,0,0,1,0,1,0,2,0,3.0,1,1
0,4.0,136,0,1,1,0,0,0,0,1,1,1,0,1,20,3,0,1.0,1,1
1,1.0,99,0,0,4,6,0,1,1,1,1,2,0,1,0,2,2,3.0,1,1
1,14.0,98,92,1,1,0,0,2,2,0,0,0,0,1,0,4,0,12.0,1,1
0,29.0,136,107,1,0,0,0,1,1,0,0,0,0,2,50,2,0,5.0,1,1
1,14.0,98,65,0,4,0,0,2,1,2,2,1,1,1,0,12,0,2.0,1,1
1,16.0,100,0,1,1,0,0,1,0,0,2,2,0,4,0,2,0,4.0,1,1
0,7.0,136,0,1,1,0,0,1,0,2,2,0,0,1,0,2,0,3.0,1,1
0,78.0,57,0,0,2,6,0,0,0,0,0,0,0,1,0,12,0,2.0,1,1
1,2.0,100,0,0,0,1,5,0,0,1,0,1,0,2,0,2,0,5.0,1,1
1,21.0,91,77,1,0,1,5,1,1,0,0,0,0,1,0,2,1,1.0,1,1
0,2.0,136,0,0,2,0,0,1,0,1,0,0,0,1,150,12,1,8.0,1,1
1,12.0,100,0,2,0,0,0,1,0,0,0,0,0,2,0,2,0,4.0,1,1
1,2.0,79,0,0,4,6,0,2,2,2,2,2,0,1,350,2,0,2.0,0,1
1,12.0,117,0,1,0,1,1,0,1,0,0,0,0,1,0,5,0,5.0,1,1
0,12.0,136,6,0,1,2,0,1,1,0,0,0,0,1,0,12,0,4.0,1,1
1,72.0,85,83,0,2,0,0,2,0,0,0,0,0,1,0,12,0,4.0,1,1
1,14.0,122,0,1,1,4,0,1,1,1,0,1,0,2,0,4,0,2.0,1,1
1,1.0,99,0,1,0,5,0,1,0,1,0,1,0,1,0,2,0,5.0,1,1
0,2.0,136,107,1,0,0,0,1,0,0,0,1,0,1,150,2,0,1.0,1,1
1,36.0,100,97,2,5,6,0,1,1,0,0,0,0,3,0,12,0,3.0,1,1
1,4.0,100,0,0,1,6,0,0,0,0,0,1,0,1,0,12,0,5.0,1,1
0,24.0,46,0,1,0,3,5,2,2,2,2,1,0,1,0,2,0,3.0,1,1
1,1.0,100,0,2,4,5,5,1,1,1,1,1,0,3,0,2,0,23.0,1,1
0,2.0,136,0,1,0,1,3,1,0,1,1,1,0,2,0,2,0,2.0,1,1
1,2.0,100,78,2,0,1,1,1,0,1,1,1,0,4,0,2,0,3.0,0,1
1,4.0,100,78,2,0,0,0,1,0,1,1,1,0,2,0,12,0,6.0,1,1
0,4.0,136,107,1,1,0,0,1,1,0,0,1,0,1,0,2,0,4.0,1,1
0,2.0,136,0,1,1,0,0,1,1,1,1,1,0,1,0,2,0,5.0,1,1
1,2.0,100,0,2,1,5,0,0,0,1,1,1,0,3,0,6,0,3.0,1,1
0,16.0,136,0,2,1,3,5,1,0,2,2,2,0,5,0,3,0,0.0,0,1
1,3.0,99,0,2,0,3,5,1,1,1,1,1,0,2,0,12,0,15.0,1,1
0,12.0,21,0,1,4,0,0,2,1,0,0,0,0,2,0,2,0,2.0,1,1
1,2.0,100,0,1,1,5,5,0,0,1,1,1,0,2,0,7,0,4.0,1,1
1,2.0,99,0,1,0,5,5,1,1,0,0,1,0,1,0,2,0,4.0,1,1
1,12.0,100,0,1,0,1,0,0,0,0,0,0,0,1,0,2,0,8.0,1,1
0,3.0,136,0,2,0,1,5,1,0,1,1,1,0,3,0,2,0,5.0,1,1
1,8.0,100,0,0,0,4,0,1,0,0,0,0,0,2,0,2,0,25.0,1,1
0,8.0,59,0,1,5,0,0,1,2,0,0,1,0,1,0,12,0,3.0,1,1
0,42.0,51,0,0,1,0,0,1,0,1,1,1,0,1,0,3,0,5.0,1,1
1,5.0,100,0,1,0,1,2,1,0,1,1,1,0,1,0,2,0,6.0,1,1
0,1.0,136,107,0,1,6,0,1,1,1,0,1,0,1,0,2,0,4.0,1,1
0,1.0,136,107,0,0,0,0,1,0,1,0,1,0,2,0,2,0,4.0,1,1
0,3.0,136,0,0,1,0,0,1,0,1,1,1,0,1,0,2,1,4.0,1,1
0,3.0,136,0,1,0,1,1,2,0,2,2,2,0,2,0,3,0,1.0,1,1
1,2.0,98,0,2,4,5,5,0,2,1,0,1,0,3,350,2,0,1.0,1,1
1,3.0,100,0,1,1,5,5,1,0,2,2,2,0,1,0,2,0,0.0,1,1
1,24.0,78,0,1,0,1,1,1,2,2,2,2,0,1,0,12,0,1.0,0,1
1,2.0,100,0,0,6,0,0,1,1,0,0,1,0,1,0,2,0,1.0,1,1
1,7.0,99,0,0,1,2,5,1,1,1,1,1,0,2,0,2,0,4.0,1,1
0,86.0,57,0,0,0,5,0,1,2,0,0,1,0,1,0,5,0,2.0,1,1
0,60.0,48,0,0,0,5,0,0,0,2,2,1,0,1,0,2,0,3.0,0,1
0,30.0,139,14,1,0,6,0,1,0,0,0,0,0,1,0,2,0,3.0,1,1
0,4.0,136,0,1,4,0,0,1,1,1,0,1,0,1,0,2,0,4.0,1,1
0,2.0,136,107,1,0,1,5,1,0,1,1,1,0,3,0,2,0,5.0,1,1
0,2.0,155,14,1,1,0,0,0,0,1,1,1,0,2,0,2,0,3.0,1,1
0,1.0,136,0,1,0,1,0,1,1,1,0,1,0,1,0,4,0,3.0,1,1
0,50.0,147,44,0,1,0,0,1,0,1,1,0,0,1,0,7,0,3.0,1,1
0,1.0,136,0,2,0,1,0,1,0,1,1,1,0,5,0,2,0,12.0,1,1
0,1.0,136,0,0,4,6,0,1,0,1,1,1,0,1,0,2,0,9.0,1,1
0,6.0,136,0,0,1,4,5,1,0,0,0,0,0,1,0,2,0,3.0,1,1
0,3.0,136,0,1,6,0,0,1,1,0,0,1,0,1,0,2,0,1.0,1,1
1,3.0,100,0,0,2,0,0,1,0,0,0,1,0,1,30,12,0,5.0,1,1
0,3.0,136,0,1,1,0,0,1,1,0,0,1,0,1,0,2,0,5.0,1,1
0,24.0,136,0,1,0,0,0,2,1,0,0,0,1,1,0,12,0,2.0,1,1
0,2.0,136,0,1,1,6,0,1,0,0,0,1,0,1,0,12,0,1.0,1,1
0,12.0,5,107,0,0,1,0,1,1,0,0,0,0,1,0,2,0,10.0,1,1
1,6.0,99,0,0,5,6,0,1,1,0,0,0,0,1,120,2,1,5.0,1,1
0,2.0,136,0,2,0,1,0,1,0,1,0,1,0,5,0,2,0,1.0,1,1
1,2.0,115,0,0,0,0,0,1,0,1,1,1,0,1,0,12,0,0.0,0,1
1,3.0,129,97,1,1,4,5,1,0,1,0,1,0,1,0,2,0,5.0,1,1
0,6.0,136,0,1,1,0,0,1,0,1,0,1,0,1,0,3,0,2.0,1,1
0,60.0,51,0,0,1,4,5,1,0,0,0,1,0,1,0,12,0,1.0,1,1
0,2.0,136,0,1,4,6,0,1,0,1,0,1,0,1,0,12,0,4.0,1,1
1,12.0,100,0,0,3,4,5,2,0,1,1,1,0,1,0,12,0,4.0,1,1
1,1.0,100,0,2,0,6,0,1,1,1,1,1,0,3,0,12,0,4.0,0,1
0,2.0,136,0,0,0,1,0,1,0,1,1,1,0,1,0,2,0,5.0,1,1
1,3.0,88,69,2,0,1,5,1,2,1,0,1,0,3,100,2,0,2.0,1,1
0,36.0,136,0,0,0,1,0,1,1,0,0,1,0,1,0,12,0,1.0,1,1
0,1.0,136,0,1,0,1,0,1,0,1,0,1,0,1,0,3,0,3.0,1,1
1,2.0,129,0,1,1,4,0,1,1,1,1,1,0,1,100,2,0,2.0,1,1
1,4.0,99,0,1,0,6,0,1,1,1,0,1,0,1,0,6,0,10.0,1,1
0,48.0,57,0,2,1,5,5,0,2,0,0,1,1,2,300,7,0,5.0,1,1
0,2.0,136,0,1,2,6,0,1,0,1,1,1,0,1,20,3,0,1.0,1,1
1,2.0,100,0,1,0,6,0,0,0,0,0,1,0,1,0,12,0,10.0,1,1
0,60.0,94,0,0,1,0,0,2,0,2,2,1,1,1,0,2,0,3.0,1,1
1,3.0,100,0,1,3,6,0,2,1,1,1,2,0,1,100,2,0,2.0,1,1
0,2.0,136,0,0,1,0,0,1,1,1,1,1,0,1,1,12,3,3.0,1,1
1,12.0,100,76,0,1,6,0,1,1,0,0,0,0,1,100,2,0,4.0,1,1
1,3.0,91,69,2,0,5,0,0,0,1,1,1,0,2,0,2,0,4.0,1,1
1,84.0,99,0,2,0,6,0,1,1,0,0,0,0,2,0,12,0,1.0,1,1
0,5.0,136,0,0,0,1,0,1,0,0,0,0,0,1,0,2,0,1.0,1,1
1,2.0,100,97,1,0,6,0,1,0,1,1,1,0,1,0,1,0,1.0,1,1
1,3.0,100,0,2,0,0,0,0,0,1,0,1,0,2,0,2,0,2.0,0,1
1,4.0,100,0,0,0,6,0,1,0,0,0,2,0,1,0,5,0,4.0,1,1
0,6.0,136,0,1,0,0,0,1,0,0,0,0,0,1,0,4,0,2.0,1,1
1,2.0,100,0,2,3,4,5,1,0,1,1,1,0,2,0,12,0,2.0,1,1
1,0.0,100,0,1,2,4,5,1,0,1,0,1,0,1,0,2,0,1.0,1,1
0,5.0,136,107,1,0,6,0,1,0,0,0,0,0,1,0,12,0,1.0,1,1
0,2.0,136,107,0,1,6,0,1,0,0,0,1,0,1,0,12,0,3.0,1,1
1,2.0,122,78,2,4,0,0,1,0,1,0,1,0,2,0,2,0,1.0,1,1
0,1.0,136,0,0,0,1,0,1,1,0,2,1,0,1,0,2,0,1.0,1,1
0,36.0,136,0,1,4,6,0,1,1,2,2,0,0,1,0,2,0,1.0,1,1
0,0.0,136,107,2,1,6,0,0,1,1,1,1,0,5,5,2,0,0.0,1,1
0,0.0,136,0,2,0,1,3,1,1,1,1,1,0,2,0,2,0,5.0,1,1
0,18.0,157,0,1,0,6,0,1,1,0,0,1,0,1,350,12,0,5.0,1,1
1,1.0,100,0,2,0,4,4,1,1,1,1,1,0,4,0,2,0,4.0,1,1
1,1.0,99,0,1,0,2,5,0,1,1,1,1,0,1,0,12,0,6.0,1,1
1,2.0,100,0,1,1,3,3,0,0,2,0,1,0,1,0,2,0,8.0,1,1
1,4.0,135,78,0,0,6,0,2,0,1,0,1,0,1,0,2,0,9.0,1,1
0,60.0,57,0,0,1,6,0,1,1,0,0,1,1,1,0,2,0,1.0,1,1
0,8.0,136,0,0,0,6,0,1,1,1,1,1,0,1,0,2,0,2.0,1,1
1,2.0,100,0,2,0,1,0,0,1,1,0,1,0,2,0,12,0,9.0,1,1
0,12.0,136,0,1,0,1,5,1,0,0,0,0,0,1,0,2,0,3.0,1,1
0,0.0,136,0,2,0,1,0,0,0,1,1,1,0,9,0,2,0,4.0,1,1
0,2.0,153,107,1,1,6,0,1,0,1,1,1,0,1,0,2,0,4.0,1,1
1,2.0,99,0,2,0,1,5,1,1,1,1,1,0,4,0,2,0,5.0,1,1
1,1.0,122,0,0,6,0,0,0,0,1,0,1,0,1,0,12,0,1.0,1,1
0,2.0,136,0,1,0,1,0,1,0,2,2,1,0,1,0,2,0,1.0,1,1
0,0.0,136,0,2,1,4,0,1,0,1,1,1,0,10,0,2,0,13.0,1,1
0,96.0,151,118,0,1,2,3,1,1,0,0,1,0,2,0,2,0,4.0,1,1
1,10.0,100,0,1,5,6,0,0,0,1,0,0,0,1,0,2,0,1.0,1,1
0,4.0,136,0,1,0,1,0,1,1,1,0,1,0,1,0,2,0,5.0,1,1
1,5.0,98,0,1,5,0,0,1,1,1,0,1,1,1,100,3,0,6.0,1,1
1,6.0,100,78,1,0,6,0,1,0,0,0,1,0,1,0,2,0,5.0,1,1
0,1.0,136,0,1,6,0,0,1,1,1,1,2,0,8,0,2,0,3.0,1,1
0,108.0,57,0,1,5,6,0,0,1,0,0,0,0,1,200,2,0,2.0,1,1
0,9.0,54,107,1,0,0,0,2,1,0,0,0,0,1,0,2,0,1.0,1,1
1,2.0,100,0,1,0,3,5,1,0,1,0,2,0,1,0,2,0,5.0,1,1
0,24.0,136,0,1,0,0,0,1,0,0,0,0,0,1,50,2,0,2.0,1,1
1,2.0,100,0,0,0,1,4,0,0,1,0,1,0,5,0,12,0,5.0,0,1
1,4.0,100,78,2,0,5,5,1,1,1,0,1,0,2,0,2,0,5.0,1,1
1,2.0,100,97,0,0,6,0,1,0,1,1,1,0,1,0,1,0,1.0,1,1
0,84.0,28,51,0,1,2,0,0,0,2,2,2,0,1,0,12,0,1.0,1,1
1,2.0,99,0,1,6,0,0,0,1,0,0,1,0,1,0,5,0,3.0,1,1
1,2.0,117,78,0,0,6,0,1,1,1,1,1,0,1,0,12,0,6.0,1,1
1,2.0,100,101,0,0,5,5,1,1,0,0,0,0,1,0,2,0,1.0,1,1
1,2.0,100,0,2,5,6,0,1,1,1,1,1,0,2,25,2,0,7.0,1,1
0,1.0,136,0,0,0,4,5,1,1,1,0,1,0,1,0,2,0,3.0,1,1
0,1.0,136,107,2,0,1,5,0,1,1,1,1,0,5,0,2,0,5.0,1,1
0,2.0,136,0,0,1,0,0,1,0,1,1,1,0,1,0,2,0,1.0,1,1
1,12.0,100,0,1,0,1,5,1,0,1,1,1,0,1,0,12,0,1.0,1,1
0,2.0,136,0,1,4,6,0,1,0,1,0,1,0,1,0,12,0,2.0,1,1
1,24.0,99,0,1,0,6,0,1,1,0,0,0,0,1,0,12,0,3.0,1,1
1,3.0,99,0,0,1,6,0,0,1,0,0,2,0,1,0,12,0,1.0,1,1
0,48.0,136,0,1,0,1,0,2,0,0,0,1,0,1,0,2,0,2.0,1,1
0,5.0,72,107,1,2,4,5,1,0,0,0,1,0,1,0,2,1,4.0,1,1
1,12.0,99,0,1,0,1,4,1,1,0,0,0,0,2,0,12,0,4.0,1,1
0,1.0,136,0,2,0,1,5,1,1,0,0,1,0,4,0,2,0,10.0,1,1
0,2.0,136,0,1,0,1,5,1,0,2,2,1,0,1,0,2,0,1.0,1,1
1,2.0,99,0,0,1,3,5,0,1,1,2,1,0,1,0,2,0,5.0,1,1
1,12.0,100,66,1,0,0,0,1,0,1,0,0,0,1,0,2,0,2.0,1,1
0,1.0,136,0,1,0,1,5,1,1,0,0,1,0,4,0,2,0,5.0,1,1
1,4.0,100,0,2,1,6,0,1,0,1,0,2,0,3,0,12,0,11.0,1,1
1,1.0,99,78,2,0,1,5,0,0,1,1,1,0,4,0,7,0,1.0,1,1
1,22.0,130,77,0,2,3,0,2,1,0,0,0,0,1,50,4,0,2.0,1,1
1,2.0,100,0,1,5,6,0,1,0,0,0,0,0,1,0,2,0,4.0,1,1
0,60.0,8,0,0,2,0,0,2,1,2,2,2,0,1,0,2,0,1.0,1,1
0,2.0,136,0,2,0,1,0,1,0,2,2,2,1,2,0,12,0,2.0,1,1
0,2.0,136,33,0,0,4,5,0,0,1,1,1,0,4,0,3,0,3.0,1,1
0,6.0,136,0,1,0,1,5,1,0,0,0,1,0,1,0,2,0,2.0,1,1
0,1.0,136,0,2,0,1,5,1,1,1,1,1,0,7,0,2,0,16.0,1,1
1,1.0,99,0,0,0,5,0,1,1,1,1,1,0,1,0,2,0,4.0,1,1
1,2.0,100,78,1,0,6,0,1,0,1,0,1,0,5,0,3,0,5.0,1,1
0,3.0,136,0,0,6,0,0,1,0,0,0,0,0,1,0,2,3,5.0,1,1
1,3.0,129,78,0,0,5,5,1,0,0,0,1,0,1,0,2,0,4.0,1,1
0,7.0,8,0,1,2,0,0,2,2,2,0,1,1,1,0,2,0,3.0,1,1
1,2.0,98,0,0,4,0,0,1,1,1,0,1,0,2,0,2,0,3.0,1,1
0,3.0,136,0,2,0,6,0,1,0,1,1,1,0,2,0,2,0,1.0,1,1
1,3.0,100,0,0,1,0,0,1,0,0,0,1,0,1,100,2,0,3.0,1,1
0,48.0,57,0,1,1,4,0,0,2,0,0,0,0,1,0,6,0,1.0,1,1
1,1.0,100,0,1,0,6,0,1,0,1,0,1,0,1,0,12,0,2.0,1,1
0,2.0,136,0,1,0,1,0,1,1,0,0,1,0,1,0,2,0,1.0,1,1
0,5.0,136,0,1,0,6,0,2,0,0,0,1,0,1,0,12,0,1.0,1,1
0,1.0,136,0,1,0,1,5,1,0,1,1,1,0,1,0,4,0,2.0,1,1
0,1.0,136,0,0,4,0,0,1,0,0,0,0,0,1,0,2,0,1.0,1,1
0,12.0,136,0,0,0,2,0,2,1,0,0,2,0,1,0,12,0,2.0,1,1
1,2.0,100,0,2,0,5,0,1,0,1,1,1,0,3,0,2,0,3.0,0,1
1,1.0,100,0,0,0,0,0,0,0,1,1,1,0,1,0,2,0,1.0,1,1
0,12.0,147,0,1,2,6,0,0,1,0,0,1,0,1,0,3,0,3.0,1,1
0,1.0,136,0,0,0,0,0,1,1,0,0,0,0,1,0,2,0,3.0,1,1
1,1.0,99,0,0,0,6,0,1,1,1,0,1,0,1,50,2,0,5.0,1,1
0,9.0,136,0,1,0,1,5,2,0,0,0,0,0,1,200,2,0,3.0,1,1
0,37.0,136,0,0,0,0,0,2,0,0,0,0,0,2,0,2,0,2.0,1,1
1,2.0,99,0,1,2,5,5,1,1,0,0,1,0,1,0,12,0,5.0,1,1
1,2.0,100,0,0,0,6,0,0,0,1,0,1,1,1,9,2,1,10.0,1,1
0,2.0,136,0,1,4,6,0,1,0,0,0,1,0,1,0,12,0,5.0,1,1
0,12.0,57,0,0,0,1,5,1,0,0,0,1,0,1,0,4,0,1.0,1,1
0,2.0,136,107,1,4,0,0,1,1,1,0,1,0,1,0,2,0,8.0,1,1
1,1.0,98,78,2,0,1,5,0,1,1,1,1,0,3,0,2,0,5.0,1,1
0,1.0,21,107,1,0,5,0,2,0,1,1,1,0,1,0,2,0,4.0,1,1
0,1.0,136,0,2,0,1,5,1,1,2,0,2,0,4,50,12,0,5.0,1,1
1,1.0,99,0,0,0,5,5,0,1,1,1,1,0,3,0,2,0,5.0,1,1
1,18.0,100,0,0,0,1,1,1,0,1,1,1,0,1,0,2,0,2.0,1,1
0,1.0,136,0,2,0,1,3,1,1,0,0,1,0,5,0,12,0,11.0,1,1
0,1.0,136,0,2,0,4,5,0,0,1,1,1,0,6,0,12,0,2.0,1,1
0,5.0,94,107,1,0,1,3,1,0,0,1,1,0,1,100,2,0,1.0,1,1
0,2.0,136,0,1,0,1,0,1,0,2,2,1,0,1,0,2,0,1.0,1,1
0,3.0,136,0,1,4,0,0,1,1,0,0,1,0,1,0,2,0,1.0,1,1
1,1.0,100,0,1,1,6,0,0,0,1,1,1,0,1,0,2,0,4.0,0,1
0,2.0,136,107,1,1,6,0,1,1,1,0,1,0,1,0,2,0,3.0,1,1
0,1.0,136,0,1,1,4,5,1,1,2,2,2,0,2,0,3,0,1.0,1,1
0,48.0,8,107,1,1,2,0,1,1,0,0,1,0,1,0,5,0,3.0,1,1
1,2.0,129,77,1,0,6,0,1,1,0,0,1,0,1,50,2,0,4.0,1,1
0,24.0,147,0,0,4,0,0,0,0,0,0,1,1,1,0,2,0,2.0,1,1
1,2.0,117,78,2,6,0,0,1,1,1,1,1,0,2,300,2,0,3.0,1,1
0,2.0,158,107,1,0,1,0,1,1,0,0,1,0,1,0,2,0,5.0,1,1
0,18.0,38,0,0,6,0,0,0,1,2,2,2,1,1,120,2,0,3.0,1,1
1,3.0,100,78,1,0,4,5,1,1,0,0,1,0,3,0,2,0,5.0,1,1
0,6.0,136,0,0,0,6,0,1,0,0,0,0,0,1,0,2,0,5.0,1,1
0,1.0,136,0,1,0,1,5,1,1,1,0,1,0,2,0,2,0,2.0,0,1
0,72.0,51,0,0,1,6,0,1,0,0,0,0,0,1,0,2,0,2.0,1,1
0,24.0,165,0,1,6,0,0,1,2,0,0,0,0,1,0,2,0,1.0,1,1
0,96.0,21,0,0,2,6,0,1,0,0,0,2,0,1,0,2,0,4.0,1,1
1,2.0,100,0,2,0,2,4,1,0,1,1,1,0,4,0,2,0,12.0,1,1
0,2.0,136,0,1,4,6,0,1,1,1,1,1,0,1,0,2,0,4.0,1,1
0,1.0,136,0,0,1,4,0,1,0,1,1,1,0,2,0,12,0,2.0,0,1
0,2.0,136,0,2,0,5,5,1,1,0,0,1,0,5,0,2,4,22.0,1,1
0,2.0,136,0,0,4,0,0,1,1,0,0,1,0,1,0,2,0,1.0,1,1
0,11.0,44,0,1,0,1,0,2,0,0,0,0,0,1,350,2,0,7.0,1,1
1,2.0,99,0,1,0,1,3,0,1,1,1,1,0,1,0,2,0,4.0,1,1
0,2.0,136,0,1,1,0,0,1,0,0,0,1,0,1,0,2,0,4.0,1,1
0,84.0,21,0,0,4,0,0,2,1,2,2,2,0,1,0,12,0,2.0,1,1
1,5.0,99,0,2,0,1,2,0,1,1,1,1,0,4,0,12,0,12.0,1,1
0,1.0,136,0,0,0,0,0,0,0,1,1,1,0,1,0,2,0,1.0,1,1
0,4.0,136,0,1,1,0,0,1,0,1,1,1,0,1,0,2,0,5.0,1,1
1,4.0,100,0,1,0,4,5,0,0,1,1,1,0,1,0,12,0,5.0,1,1
0,2.0,136,0,1,0,1,0,1,0,2,2,1,0,1,0,2,0,2.0,1,1
1,2.0,99,0,0,3,6,0,1,1,1,0,2,0,1,0,2,0,6.0,1,1
0,48.0,136,107,1,0,6,0,1,0,0,0,0,0,1,0,2,0,3.0,1,1
1,4.0,100,0,1,4,5,5,1,0,1,1,1,0,1,10,10,0,5.0,1,1
1,11.0,100,78,0,3,6,0,1,0,0,0,1,0,2,200,12,0,5.0,1,1
0,1.0,136,0,1,1,2,0,1,0,1,1,1,0,1,150,12,0,1.0,1,1
1,7.0,130,0,1,0,2,3,0,1,1,1,1,0,1,0,4,0,3.0,1,1
1,12.0,100,78,0,1,0,0,1,0,1,0,1,0,1,0,3,0,3.0,1,1
1,5.0,100,0,1,5,6,0,0,0,0,0,0,0,1,70,2,0,5.0,1,1
1,2.0,99,0,1,5,0,0,0,1,1,1,1,0,1,0,2,0,1.0,1,1
1,5.0,99,0,2,0,3,4,1,1,1,1,1,0,3,0,2,0,3.0,1,1
1,5.0,114,76,2,0,5,5,1,1,0,0,2,0,3,0,12,0,6.0,0,1
0,3.0,136,0,1,0,1,0,1,0,0,0,0,0,1,0,2,0,5.0,1,1
0,31.0,136,107,1,0,6,0,1,0,0,0,1,0,1,0,12,0,1.0,1,1
1,1.0,99,78,2,0,1,4,0,1,1,1,0,0,2,0,12,0,5.0,1,1
0,30.0,136,0,1,0,4,0,1,0,0,0,0,0,1,0,2,0,1.0,1,1
1,2.0,99,0,1,0,3,5,1,1,1,1,1,0,1,0,12,0,2.0,0,1
0,3.0,136,107,1,0,1,0,1,0,1,1,1,0,1,0,7,0,5.0,1,1
0,48.0,8,0,0,2,0,0,2,1,1,1,1,1,1,0,7,0,5.0,1,1
1,8.0,91,77,1,0,2,0,1,1,2,0,0,0,2,0,3,0,3.0,1,1
1,4.0,100,0,0,3,6,0,0,0,1,0,1,0,1,0,2,2,4.0,1,1
0,1.0,136,0,0,1,0,0,1,0,1,0,1,0,1,0,1,0,3.0,1,1
1,1.0,100,69,1,0,3,5,1,0,1,0,1,0,1,0,2,0,3.0,1,1
1,1.0,99,0,1,0,0,0,0,1,1,1,1,0,1,100,2,0,5.0,1,1
1,1.0,100,0,0,0,0,0,1,0,1,1,1,0,1,0,12,0,3.0,1,1
1,1.0,99,0,0,2,6,0,0,1,1,1,1,0,1,0,2,0,7.0,1,1
1,24.0,78,0,1,1,3,3,1,1,2,2,2,0,2,0,2,0,3.0,1,1
0,1.0,136,0,2,1,3,3,1,1,1,1,1,0,10,0,2,0,4.0,1,1
0,36.0,51,0,1,0,1,5,1,0,0,0,2,0,1,0,12,0,1.0,1,1
0,1.0,136,0,1,0,0,0,0,0,1,0,1,0,2,0,12,0,5.0,1,1
0,6.0,136,40,1,1,0,0,1,0,0,0,0,0,1,0,12,0,2.0,1,1
1,30.0,100,0,2,5,6,0,1,0,0,0,0,0,2,0,12,0,13.0,1,1
1,2.0,100,0,1,3,0,0,2,0,1,0,1,0,1,0,2,0,2.0,1,1
0,2.0,136,0,1,3,0,0,1,1,1,0,1,0,1,0,2,0,13.0,1,1
0,2.0,136,0,0,1,4,5,1,1,1,0,1,0,1,100,2,0,2.0,1,1
0,48.0,65,44,1,6,0,0,1,2,0,0,1,0,1,0,2,0,5.0,1,1
1,1.0,99,0,1,1,4,0,0,0,0,0,1,0,1,0,2,0,3.0,1,1
0,24.0,38,0,0,6,0,0,0,1,2,2,2,0,1,0,12,0,3.0,1,1
0,12.0,136,8,0,0,5,5,1,1,0,0,2,0,1,0,12,0,2.0,1,1
0,2.0,136,107,1,1,0,0,1,1,1,0,1,0,1,0,2,0,4.0,1,1
1,2.0,122,68,0,1,6,0,0,0,1,1,1,0,1,0,12,0,3.0,1,1
1,4.0,85,0,0,3,0,0,1,0,2,0,1,0,1,0,9,0,2.0,1,1
0,36.0,57,0,0,0,0,0,1,0,0,0,2,0,1,0,12,0,2.0,1,1
0,2.0,158,107,1,0,1,0,1,0,0,0,1,0,1,0,2,0,5.0,1,1
0,18.0,136,0,1,1,0,0,1,0,0,0,0,0,1,50,2,0,2.0,1,1
0,4.0,136,0,1,4,0,0,1,1,2,2,1,0,1,0,2,0,2.0,1,1
1,17.0,99,0,0,0,6,0,1,1,0,0,0,0,1,0,2,0,4.0,1,1
1,1.0,100,0,0,2,3,5,1,0,1,1,1,0,1,0,2,1,3.0,1,1
1,2.0,122,78,0,1,6,0,0,0,1,0,1,0,1,100,2,0,5.0,1,1
1,6.0,129,0,2,2,3,5,2,1,2,2,2,0,2,0,2,0,11.0,1,1
0,24.0,44,33,1,0,0,0,1,0,0,0,1,0,1,0,12,0,0.0,1,1
0,36.0,8,0,0,2,0,0,1,1,0,0,2,0,1,0,5,0,2.0,1,1
0,9.0,16,107,1,0,1,5,1,0,0,0,0,0,1,0,2,0,7.0,1,1
0,1.0,136,107,0,0,0,0,1,1,1,0,1,0,1,0,2,0,3.0,1,1
0,8.0,136,51,1,0,6,0,1,0,0,0,0,0,1,0,2,0,6.0,1,1
1,6.0,122,92,0,1,6,0,1,2,1,1,1,0,1,0,2,0,1.0,1,1
1,4.0,115,0,1,4,0,0,1,1,1,1,1,0,1,0,7,0,4.0,1,1
0,1.0,136,0,1,4,0,0,0,1,1,1,1,0,1,0,2,0,5.0,1,1
1,2.0,100,0,1,0,6,0,0,0,1,0,1,0,1,0,2,1,5.0,1,1
1,2.0,99,0,2,0,5,5,1,1,2,2,1,0,2,0,2,0,2.0,1,1
0,2.0,136,0,2,0,1,0,1,0,1,1,1,0,8,0,2,0,5.0,0,1
1,48.0,100,0,0,0,1,5,1,0,1,0,0,0,2,0,2,0,6.0,1,1
1,4.0,100,0,0,1,2,0,1,1,1,1,1,0,1,0,2,0,4.0,1,1
0,3.0,136,0,1,1,0,0,1,0,0,0,1,0,1,50,2,0,4.0,1,1
0,2.0,45,107,1,1,6,0,1,1,1,0,1,0,1,0,2,0,8.0,1,1
0,6.0,136,107,0,1,2,0,0,0,2,2,2,0,1,0,12,0,2.0,0,1
0,1.0,65,107,1,0,2,0,1,0,1,1,1,0,1,50,2,0,5.0,1,1
0,1.0,136,0,2,0,1,5,1,0,0,0,1,0,8,10,2,0,4.0,1,1
1,4.0,100,76,1,0,3,5,1,2,1,1,1,0,1,15,2,0,2.0,1,1
0,54.0,136,0,0,1,0,0,1,1,2,2,2,0,1,0,12,0,2.0,1,1
0,2.0,136,107,2,0,1,5,1,1,2,2,2,0,4,0,0,0,4.0,0,1
1,5.0,99,0,0,3,6,0,0,2,0,0,1,0,1,0,2,0,13.0,1,1
1,2.0,100,0,2,0,5,5,0,0,1,1,1,0,5,0,2,0,0.0,0,1
1,12.0,117,0,0,0,6,0,1,1,0,0,1,0,1,0,4,0,2.0,1,1
1,2.0,100,0,0,3,6,0,0,0,1,1,1,0,1,0,2,0,1.0,1,1
0,11.0,136,0,0,4,0,0,1,0,0,0,0,0,1,0,2,0,2.0,1,1
1,3.0,100,0,1,0,1,5,1,0,1,1,1,0,1,15,2,0,2.0,1,1
1,3.0,99,0,2,4,5,5,1,1,1,0,1,0,3,0,2,0,2.0,1,1
1,11.0,99,0,1,0,1,2,1,1,0,0,0,0,1,0,2,0,16.0,1,1
1,5.0,98,0,0,3,6,0,2,2,1,1,1,0,1,250,10,0,5.0,1,1
1,9.0,98,0,1,6,0,0,1,1,0,0,0,0,1,0,2,0,3.0,1,1
0,3.0,136,0,1,1,6,0,1,0,1,1,1,0,1,0,12,0,1.0,1,1
0,1.0,144,0,1,1,0,0,1,0,1,1,1,0,1,0,12,0,4.0,1,1
0,1.0,136,0,0,0,3,0,1,0,2,2,1,0,1,0,2,0,1.0,1,1
0,9.0,157,0,1,0,6,0,2,0,2,2,0,0,1,0,7,0,8.0,1,1
1,5.0,100,0,1,0,0,0,1,0,1,0,1,0,1,0,12,0,1.0,1,1
0,24.0,136,0,1,4,0,0,1,1,2,2,2,0,20,0,5,0,1.0,1,1
0,36.0,57,0,1,1,6,0,0,2,0,0,0,0,1,0,4,0,1.0,1,1
0,2.0,136,0,0,0,1,5,1,1,1,0,1,0,1,0,12,0,5.0,1,1
0,3.0,136,0,0,0,0,0,1,0,1,0,1,0,1,0,2,0,2.0,1,1
0,4.0,136,107,0,0,1,5,1,0,1,0,1,0,1,0,3,0,2.0,1,1
0,4.0,136,48,0,0,1,5,1,1,0,0,1,0,1,0,5,0,4.0,1,1
1,24.0,100,0,1,1,0,0,2,0,1,1,1,0,6,0,12,0,4.0,1,1
1,18.0,99,0,0,4,6,0,1,1,1,1,1,2,1,0,2,0,1.0,1,1
0,18.0,136,0,1,3,4,0,1,0,0,0,0,0,1,0,2,0,2.0,1,1
0,2.0,136,0,1,0,1,0,1,0,1,1,1,0,1,0,12,0,4.0,0,1
0,1.0,136,107,1,0,1,3,1,0,1,0,1,0,1,0,7,0,2.0,1,1
1,2.0,100,0,1,5,0,0,1,0,1,1,1,0,1,0,2,0,2.0,1,1
1,3.0,100,78,1,4,6,0,1,0,0,0,1,0,1,50,2,0,3.0,1,1
0,3.0,35,107,0,1,0,0,1,0,0,0,1,0,1,0,7,0,1.0,1,1
0,6.0,136,107,2,0,4,0,1,1,0,0,0,0,2,0,4,0,2.0,1,1
0,24.0,8,107,2,0,2,0,2,1,0,0,0,0,2,0,12,0,2.0,0,1
1,6.0,100,0,0,0,0,0,1,0,0,0,1,0,1,0,2,0,1.0,1,1
1,2.0,122,0,1,5,6,0,0,0,1,1,1,0,1,0,12,0,4.0,1,1
1,2.0,100,0,2,0,3,5,1,0,0,0,1,0,2,0,12,0,20.0,1,1
0,8.0,35,0,1,1,6,0,2,0,0,0,1,0,1,100,2,0,4.0,1,1
0,8.0,62,107,0,0,0,0,0,2,0,0,0,0,1,200,12,0,2.0,1,1
1,1.0,100,0,1,5,6,0,1,0,1,1,1,0,1,0,2,0,5.0,1,1
1,5.0,100,0,0,2,6,0,0,0,1,1,1,0,1,0,2,0,3.0,1,1
1,4.0,100,0,1,4,0,0,1,0,0,0,0,0,1,100,12,0,1.0,1,1
0,48.0,33,0,0,1,4,0,0,2,0,0,2,0,1,0,12,0,1.0,1,1
1,12.0,100,0,0,1,6,0,1,1,1,1,1,0,1,0,12,0,0.0,1,1
0,24.0,136,51,2,1,3,3,1,0,1,1,0,0,4,8,2,0,4.0,1,1
0,12.0,136,0,0,1,0,0,2,0,1,0,0,0,1,0,2,0,1.0,1,1
0,2.0,136,0,0,3,0,0,1,0,1,0,1,0,1,0,12,0,2.0,1,1
0,7.0,136,0,0,0,1,5,1,1,0,0,1,0,1,0,7,0,0.0,1,1
1,3.0,99,0,2,0,3,4,0,1,1,1,1,0,2,0,12,0,6.0,1,1
1,2.0,110,79,0,5,0,0,1,1,0,0,1,0,1,0,2,0,4.0,1,1
0,5.0,136,0,1,0,6,0,0,0,1,1,1,0,2,0,2,0,3.0,1,1
0,3.0,136,0,2,4,0,0,1,0,1,1,1,0,5,0,2,0,1.0,1,1
0,72.0,38,0,0,1,4,0,1,0,2,2,2,0,1,200,3,0,2.0,0,1
0,1.0,136,0,2,0,1,5,1,1,1,1,1,0,7,0,2,0,10.0,0,1
0,1.0,136,0,2,0,1,2,0,0,1,1,1,0,17,0,2,0,3.0,0,1
1,3.0,100,0,1,1,5,0,0,0,2,0,2,0,1,30,3,0,8.0,1,1
0,6.0,65,107,1,6,0,0,1,2,1,1,1,0,1,20,3,0,1.0,1,1
0,1.0,136,0,1,0,6,0,1,1,1,1,1,0,1,0,3,0,2.0,1,1
1,3.0,100,76,2,1,6,0,0,0,1,0,1,1,2,10,2,0,2.0,1,1
1,2.0,99,0,0,1,2,3,1,1,1,1,1,0,1,0,12,0,3.0,1,1
1,8.0,122,0,1,5,6,0,1,1,0,0,0,0,1,250,3,0,3.0,1,1
0,12.0,136,0,0,1,0,0,1,0,0,0,0,0,1,0,12,0,1.0,1,1
1,3.0,100,0,1,4,5,0,1,0,1,0,1,0,1,0,12,0,1.0,1,1
0,20.0,38,0,1,4,0,0,1,1,2,2,2,0,1,350,2,0,2.0,1,1
0,8.0,136,0,1,5,6,0,0,0,0,0,0,0,1,0,3,0,4.0,1,1
0,1.0,136,107,0,0,1,0,1,1,1,0,1,0,1,0,2,0,3.0,1,1
1,1.0,100,76,1,0,5,5,1,2,1,1,1,0,2,0,2,0,5.0,1,1
1,2.0,99,0,0,6,0,0,1,1,1,1,1,0,1,0,12,0,1.0,1,1
1,5.0,99,0,0,3,6,0,1,1,1,1,1,0,1,100,10,0,4.0,1,1
0,24.0,8,0,1,2,0,0,1,0,0,0,0,0,1,0,2,0,3.0,1,1
0,48.0,38,107,1,1,0,0,0,1,2,0,0,0,1,300,2,0,3.0,1,1
0,1.0,65,107,1,0,4,0,1,1,0,0,1,0,1,200,2,0,8.0,1,1
1,2.0,100,0,0,0,6,0,2,0,1,1,1,0,1,0,2,0,5.0,1,1
1,3.0,100,0,1,0,5,5,0,0,1,1,1,0,1,0,2,0,5.0,1,1
1,3.0,100,0,1,0,6,0,0,0,0,0,0,0,1,0,3,0,5.0,1,1
1,5.0,129,0,0,1,0,0,1,0,0,0,0,0,1,0,2,0,2.0,1,1
0,48.0,48,0,1,5,0,0,0,1,0,0,0,0,1,300,12,0,0.0,1,1
0,18.0,136,0,0,1,0,0,2,0,0,0,0,0,1,0,2,0,2.0,1,1
0,8.0,136,0,0,1,0,0,1,0,0,0,0,0,1,0,2,0,9.0,1,1
1,5.0,98,77,1,3,0,0,2,2,1,1,1,0,1,0,12,0,5.0,1,1
0,3.0,136,0,1,3,6,0,1,0,1,1,1,1,1,0,5,0,2.0,1,1
1,36.0,84,0,1,1,4,5,0,0,0,0,0,0,1,250,12,0,1.0,1,1
0,2.0,136,107,0,0,1,0,1,1,0,0,1,0,1,0,2,0,5.0,1,1
0,2.0,136,0,1,0,1,0,1,0,2,2,1,0,1,0,2,0,2.0,1,1
0,2.0,136,0,2,0,1,5,0,1,0,0,1,0,4,0,2,0,5.0,0,1
0,1.0,142,107,0,1,6,0,1,1,1,1,1,0,1,0,12,0,3.0,1,1
1,3.0,100,0,1,3,5,5,1,0,0,0,0,0,1,100,2,0,2.0,1,1
0,2.0,136,0,2,0,1,5,1,1,1,1,1,0,5,0,2,0,2.0,1,1
1,0.0,100,0,2,5,6,0,0,0,1,1,1,0,4,0,5,0,1.0,1,1
1,5.0,100,0,0,0,6,0,1,0,1,0,1,0,1,30,2,0,4.0,1,1
1,1.0,99,0,0,0,5,5,1,1,1,0,1,0,1,0,2,0,6.0,1,1
1,14.0,99,0,1,3,4,0,1,1,0,0,1,0,1,0,2,0,5.0,1,1
1,10.0,100,0,1,1,0,0,0,0,1,0,0,0,1,0,2,0,3.0,1,1
0,18.0,136,107,1,6,0,0,1,0,0,0,0,0,1,0,2,0,2.0,1,1
1,6.0,100,78,0,3,0,0,1,0,1,1,1,0,1,0,12,0,6.0,1,1
1,14.0,100,0,0,1,6,0,1,0,0,0,0,0,1,0,12,0,3.0,1,1
1,2.0,100,0,0,3,6,0,2,0,1,1,1,0,1,0,2,0,11.0,1,1
1,24.0,98,0,0,0,0,0,1,2,1,1,0,0,1,0,2,0,1.0,1,1
0,1.0,136,107,0,0,1,5,1,0,1,0,1,0,2,0,2,0,4.0,1,1
1,4.0,100,0,1,0,3,5,1,0,1,1,1,0,3,0,2,0,7.0,1,1
0,3.0,136,123,1,0,1,0,1,0,0,0,1,0,1,200,2,0,5.0,1,1
1,2.0,117,78,1,0,2,0,0,1,1,1,1,0,1,100,3,0,3.0,1,1
0,4.0,38,0,0,1,0,0,0,1,0,0,2,0,1,200,2,0,4.0,1,1
1,3.0,129,0,1,0,1,0,1,0,1,1,1,0,1,100,12,0,4.0,1,1
0,0.0,136,0,1,0,1,5,1,0,1,1,1,0,6,0,2,0,9.0,1,1
1,12.0,117,97,0,0,6,0,2,2,1,0,1,0,1,0,2,0,2.0,1,1
1,2.0,100,0,1,1,5,0,0,0,1,0,0,0,1,0,12,0,4.0,1,1
1,12.0,134,0,1,2,4,0,1,1,2,0,0,0,1,0,2,0,2.0,1,1
1,3.0,99,0,1,0,1,5,1,1,1,0,1,0,1,300,2,0,4.0,1,1
1,2.0,99,0,0,0,1,3,1,1,1,0,1,0,1,0,3,0,4.0,1,1
0,12.0,136,0,1,0,6,0,1,0,1,1,1,0,1,20,3,0,1.0,1,1
0,3.0,136,0,0,1,4,0,1,0,1,1,1,0,2,0,2,0,6.0,1,1
0,3.0,5,107,0,0,1,0,2,1,1,0,1,1,1,300,2,0,3.0,1,1
1,0.0,100,0,2,0,1,5,1,0,1,1,1,0,5,0,12,0,1.0,1,1
1,24.0,122,101,1,3,6,0,1,0,0,0,0,0,1,0,2,0,5.0,1,1
1,1.0,135,101,2,3,5,5,1,0,1,1,1,0,3,0,12,0,3.0,1,1
1,2.0,100,0,0,0,1,5,1,1,1,1,1,0,1,0,2,0,7.0,1,1
0,2.0,21,107,0,1,0,0,1,0,0,2,1,0,1,0,2,0,6.0,1,1
0,2.0,136,107,1,0,1,3,1,1,1,1,1,0,6,0,2,0,6.0,1,1
0,45.0,48,0,1,6,0,0,0,0,0,0,0,0,1,0,2,0,2.0,1,1
0,24.0,65,107,0,1,4,0,1,1,0,0,0,0,1,0,2,2,8.0,1,1
1,3.0,99,77,2,3,5,0,1,0,1,1,1,0,2,0,2,0,1.0,1,1
0,96.0,37,51,1,6,0,0,1,0,0,0,0,0,2,0,2,0,0.0,1,1
0,12.0,21,107,0,3,0,0,1,0,1,0,0,0,1,30,2,0,1.0,1,1
1,2.0,100,0,2,0,5,0,1,1,1,1,1,0,5,0,2,0,12.0,0,1
0,4.0,57,0,1,0,1,5,0,1,0,0,1,0,1,0,2,0,2.0,1,1
0,2.0,136,0,1,1,6,0,1,0,1,0,1,0,1,0,2,0,3.0,1,1
0,14.0,65,0,1,6,0,0,1,1,1,0,1,0,1,0,2,0,16.0,1,1
0,5.0,136,50,0,0,1,5,1,1,0,0,1,0,1,0,4,0,5.0,1,1
0,20.0,136,0,1,2,4,5,1,1,0,0,0,0,1,0,1,0,2.0,1,1
0,2.0,136,0,1,0,1,3,1,0,1,0,1,0,1,0,2,0,1.0,1,1
0,1.0,136,107,1,1,6,0,1,1,1,0,1,0,1,0,2,0,3.0,1,1
0,2.0,136,0,2,0,1,3,1,0,0,0,0,0,2,200,2,0,7.0,1,1
0,2.0,136,0,1,2,0,0,1,0,0,0,1,0,1,0,2,0,1.0,1,1
1,3.0,100,0,1,5,6,0,1,0,1,1,1,0,1,0,2,2,20.0,1,1
1,36.0,100,0,0,1,4,0,1,0,2,2,2,0,1,0,12,0,2.0,1,1
0,9.0,21,107,1,0,6,0,2,0,0,0,0,0,1,300,2,0,4.0,1,1
0,1.0,136,0,0,0,0,0,1,0,1,1,1,0,1,0,2,0,3.0,1,1
0,2.0,136,0,2,0,1,5,1,0,1,1,1,0,6,0,2,0,5.0,0,1
1,2.0,100,0,1,0,0,0,1,1,1,0,1,0,1,0,12,0,25.0,1,1
1,2.0,100,0,1,0,1,2,1,0,1,0,2,0,1,0,2,0,4.0,1,1
1,3.0,99,0,0,0,6,0,1,1,0,0,1,0,1,50,2,0,2.0,1,1
0,5.0,51,0,0,1,6,0,0,0,1,1,1,0,1,0,2,0,2.0,1,1
0,2.0,136,0,1,0,1,0,1,0,0,0,1,0,1,0,2,0,2.0,1,1
1,3.0,100,0,0,0,1,5,1,0,1,0,1,0,1,0,7,0,3.0,1,1
1,3.0,100,78,1,2,4,5,1,0,1,1,1,0,1,0,3,0,4.0,1,1
1,6.0,100,0,0,3,6,0,1,0,0,0,0,0,1,100,12,0,1.0,1,1
1,2.0,99,0,0,3,6,0,2,1,1,0,2,0,1,40,2,0,3.0,1,1
1,2.0,99,0,1,0,3,5,0,1,1,1,1,0,1,0,2,0,1.0,1,1
0,2.0,136,0,0,0,1,0,1,0,0,0,1,0,1,0,2,0,5.0,1,1
0,7.0,136,0,0,1,6,0,1,0,0,0,0,0,1,0,2,0,24.0,1,1
1,7.0,100,0,0,5,0,0,1,0,0,0,0,0,1,60,12,0,3.0,1,1
0,3.0,136,0,1,0,1,5,1,1,0,0,1,0,1,0,2,0,1.0,1,1
0,5.0,136,0,0,4,0,0,1,0,2,2,2,0,1,0,12,1,10.0,1,1
0,6.0,38,16,1,0,1,5,0,0,0,0,2,0,1,350,2,0,4.0,1,1
1,12.0,98,0,0,3,6,0,2,2,2,0,0,0,1,0,12,0,9.0,1,1
0,1.0,136,107,1,1,0,0,1,0,1,1,0,0,1,0,2,0,3.0,1,1
0,36.0,3,0,1,3,0,0,0,0,1,1,2,1,1,0,2,0,1.0,1,1
0,3.0,136,121,1,1,0,0,0,0,0,0,1,0,1,0,3,0,3.0,1,1
0,12.0,136,0,2,1,0,0,1,1,2,2,2,0,2,0,12,0,4.0,1,1
0,8.0,136,0,1,4,0,0,0,1,2,2,2,0,1,0,2,0,6.0,1,1
0,4.0,62,107,1,0,2,0,1,1,0,0,1,0,1,0,2,0,1.0,1,1
1,3.0,99,0,2,0,3,5,0,1,0,0,0,0,6,0,2,0,3.0,1,1
0,2.0,136,0,1,0,1,0,1,0,2,2,1,0,1,0,2,0,5.0,1,1
1,2.0,100,0,2,0,1,5,0,0,1,1,1,0,2,0,12,0,2.0,1,1
1,3.0,100,0,1,0,1,4,1,0,1,0,1,0,1,0,2,0,1.0,1,1
0,3.0,136,0,1,1,4,0,1,1,1,0,1,0,1,0,1,0,1.0,1,1
0,12.0,28,0,0,1,0,0,0,0,2,2,2,0,1,0,2,0,1.0,0,1
0,24.0,136,0,1,0,1,5,1,1,0,0,2,0,1,0,3,0,1.0,1,1
0,2.0,136,0,0,0,1,0,0,1,1,1,1,0,3,0,2,0,5.0,1,1
1,2.0,100,0,1,0,5,5,0,0,1,1,1,0,1,0,4,0,5.0,1,1
0,2.0,136,0,0,4,0,0,1,1,1,0,1,0,1,0,12,0,1.0,1,1
1,9.0,100,78,1,0,6,0,1,1,1,0,1,0,1,0,3,0,1.0,1,1
1,1.0,100,0,1,1,0,0,0,0,1,1,1,0,1,0,12,0,1.0,1,1
1,1.0,100,78,0,0,6,0,1,0,1,1,1,0,1,0,2,0,10.0,1,1
1,24.0,122,0,1,0,1,5,1,1,2,2,2,0,1,0,3,0,3.0,1,1
0,30.0,28,107,2,2,4,0,0,0,2,2,2,0,2,0,3,0,5.0,1,1
0,3.0,136,0,1,0,1,0,1,0,1,0,1,0,2,0,12,0,3.0,1,1
0,1.0,136,33,2,0,1,2,1,1,1,1,1,0,6,50,12,0,5.0,1,1
1,36.0,100,0,0,0,5,5,1,1,2,2,2,0,1,0,12,0,2.0,1,1
1,1.0,91,78,1,6,0,0,0,0,1,1,1,0,3,0,12,0,1.0,1,1
1,4.0,100,0,1,0,2,5,1,1,1,0,1,0,2,0,2,0,12.0,1,1
1,2.0,100,0,0,3,6,0,0,0,1,0,1,0,1,0,12,0,5.0,1,1
1,1.0,100,0,2,0,3,5,0,0,1,1,1,0,3,0,12,0,4.0,1,1
1,2.0,100,0,1,2,0,0,1,0,1,0,1,0,2,0,2,0,1.0,1,1
1,10.0,100,0,1,0,0,0,1,0,1,1,1,0,1,0,2,0,1.0,1,1
0,10.0,136,0,1,0,0,0,1,0,0,0,0,0,1,0,2,0,2.0,1,1
1,6.0,100,0,1,1,6,0,1,0,0,0,1,0,1,0,2,0,1.0,1,1
1,3.0,99,0,1,4,0,0,0,1,0,1,1,1,1,0,2,0,4.0,1,1
0,16.0,136,0,1,1,4,0,1,0,0,0,0,0,1,0,2,0,6.0,1,1
0,2.0,136,107,1,0,0,0,1,1,1,1,1,0,1,0,2,0,1.0,1,1
0,24.0,13,50,1,0,1,1,1,1,0,0,0,0,1,0,2,0,1.0,1,1
0,1.0,136,0,0,0,1,5,1,0,1,1,1,0,3,0,4,0,3.0,1,1
0,7.0,136,0,1,1,0,0,1,0,0,0,1,0,1,0,12,0,1.0,1,1
1,2.0,99,0,0,3,6,0,1,1,1,2,1,0,1,0,2,0,6.0,1,1
1,12.0,98,92,0,3,4,5,1,1,0,0,0,0,1,100,12,0,2.0,1,1
0,1.0,26,107,1,0,6,0,1,0,1,1,1,0,1,0,6,0,3.0,1,1
0,3.0,139,107,1,0,4,5,1,1,1,0,1,0,1,0,2,0,9.0,1,1
1,2.0,99,0,1,0,1,3,1,1,0,1,1,0,1,20,12,0,3.0,1,1
0,2.0,94,107,0,0,1,0,2,0,0,0,1,0,1,0,2,0,4.0,1,1
1,2.0,91,0,2,1,2,5,1,0,2,0,2,0,4,0,3,0,2.0,1,1
1,6.0,100,0,0,1,6,0,0,0,1,0,1,0,1,0,4,0,5.0,1,1
1,3.0,88,0,2,0,4,4,1,1,1,1,1,0,3,50,12,0,4.0,1,1
1,2.0,100,0,1,0,1,5,1,1,1,0,1,0,1,0,2,0,13.0,1,1
1,3.0,98,77,0,5,0,0,1,2,1,1,1,0,2,0,12,0,5.0,1,1
0,2.0,136,51,1,0,1,0,0,0,1,1,1,0,1,0,2,0,4.0,1,1
0,2.0,136,107,2,0,0,0,1,1,1,1,1,0,6,10,2,0,5.0,0,1
1,3.0,100,78,1,0,5,5,1,0,1,0,1,0,1,0,12,0,12.0,1,1
0,7.0,5,4,0,0,3,5,1,1,0,0,0,0,1,0,12,0,5.0,1,1
1,24.0,100,78,0,4,0,0,2,0,0,0,1,2,1,0,12,0,11.0,1,1
1,2.0,100,0,0,0,0,0,0,0,2,2,2,0,1,0,12,0,3.0,1,1
1,14.0,98,77,1,2,4,5,1,2,1,1,1,0,1,0,12,0,2.0,1,1
0,7.0,136,0,0,2,0,0,1,0,0,0,0,0,1,0,12,0,2.0,1,1
1,1.0,100,101,1,2,5,0,1,0,1,1,1,1,2,0,2,0,6.0,0,1
1,19.0,117,0,1,0,5,0,2,2,0,0,1,0,1,0,12,0,3.0,1,0
0,1.0,136,0,2,0,1,3,1,1,1,1,1,0,5,0,2,0,11.0,1,1
0,3.0,136,107,1,1,0,0,0,0,1,1,1,0,1,0,2,0,4.0,1,1
0,2.0,136,0,1,6,0,0,1,0,1,1,1,0,1,0,2,0,5.0,1,1
0,13.0,57,0,1,0,6,0,1,1,0,0,1,0,1,0,12,0,1.0,1,1
0,3.0,136,0,1,1,2,3,1,0,1,0,1,0,1,0,2,1,8.0,1,1
1,1.0,79,0,2,0,1,1,1,2,1,0,2,0,2,250,2,0,0.0,1,1
1,3.0,100,0,2,1,5,5,0,0,0,0,1,0,3,50,4,0,10.0,1,1
1,6.0,100,0,1,6,0,0,1,0,0,0,1,0,1,0,2,0,3.0,1,1
0,2.0,136,0,1,6,0,0,1,1,0,0,1,0,1,0,2,0,1.0,1,1
0,72.0,21,0,1,4,0,0,2,1,0,0,0,0,1,350,2,0,6.0,1,1
0,3.0,136,0,1,4,6,0,0,1,1,1,1,0,1,0,2,0,2.0,0,1
1,3.0,100,0,1,1,4,5,1,0,1,1,1,0,1,10,4,0,3.0,1,1
0,2.0,136,0,1,4,0,0,1,0,2,2,1,0,1,0,2,0,3.0,1,1
0,36.0,30,19,1,3,6,0,1,1,1,0,1,0,1,0,12,0,3.0,1,1
1,2.0,84,77,1,0,1,4,0,1,1,1,1,0,3,0,12,0,7.0,1,1
0,4.0,54,107,0,0,1,1,2,1,1,0,1,0,1,0,2,0,12.0,1,1
1,2.0,79,76,1,4,0,0,1,2,1,0,1,0,1,350,2,0,6.0,0,1
0,17.0,136,0,1,0,0,0,0,0,0,0,0,0,1,80,2,0,6.0,1,1
0,24.0,136,107,1,3,0,0,2,1,2,2,2,1,1,0,12,0,1.0,1,1
1,5.0,100,0,1,0,3,5,1,0,0,0,0,0,1,100,2,0,4.0,1,1
0,1.0,136,0,2,0,1,5,2,1,1,0,1,0,12,0,2,0,5.0,1,1
1,4.0,99,63,2,2,5,5,1,1,1,1,1,0,5,0,12,0,3.0,1,1
1,2.0,100,0,1,0,5,0,0,0,1,1,1,0,1,0,2,0,2.0,1,1
0,48.0,8,0,2,2,0,0,1,1,2,2,2,0,2,0,12,0,0.0,0,1
1,11.0,100,0,1,0,3,5,1,0,0,0,0,0,1,50,2,0,5.0,1,1
0,3.0,136,14,0,1,6,0,1,0,2,2,1,0,1,0,2,0,3.0,1,1
1,12.0,122,0,0,1,4,0,1,0,0,0,0,0,1,0,3,0,1.0,1,1
1,2.0,99,0,1,0,3,5,1,1,1,1,1,0,2,0,2,0,5.0,1,1
1,2.0,100,0,1,4,5,5,0,1,1,1,2,0,4,1,2,0,1.0,1,1
1,12.0,99,0,0,2,6,0,1,1,1,0,1,0,1,50,2,0,3.0,1,1
1,17.0,100,97,1,1,4,0,1,0,0,0,0,0,1,100,12,0,5.0,1,1
1,1.0,100,0,0,5,0,0,1,0,0,0,1,0,2,0,2,0,1.0,1,1
0,4.0,136,107,1,0,1,0,1,1,0,0,1,0,1,150,2,0,1.0,1,1
1,2.0,100,0,0,0,6,0,1,0,1,0,1,0,1,0,12,0,2.0,1,1
0,3.0,136,107,1,0,1,3,1,0,1,1,1,0,1,0,2,0,1.0,1,1
0,3.0,136,107,0,1,0,0,1,0,1,0,1,0,1,0,2,0,4.0,1,1
0,3.0,136,107,1,0,1,5,1,0,1,1,1,0,2,0,2,0,2.0,1,1
1,24.0,99,0,1,1,3,0,0,1,0,0,0,0,1,0,2,0,1.0,1,1
0,12.0,136,0,1,1,0,0,1,0,2,2,2,0,1,0,12,0,3.0,1,1
0,36.0,17,0,1,1,6,0,0,1,0,0,0,0,1,0,12,0,1.0,1,1
0,1.0,136,0,1,0,1,0,1,1,1,1,1,0,1,20,2,0,12.0,0,1
1,15.0,100,0,1,0,1,5,2,0,2,2,2,0,1,0,12,0,5.0,1,1
1,2.0,100,0,2,0,1,5,0,0,1,1,1,0,4,0,11,0,1.0,1,1
1,2.0,100,0,0,2,0,0,1,0,0,0,1,1,1,0,2,0,5.0,1,1
0,36.0,136,0,0,1,4,0,1,0,0,0,2,0,1,0,2,0,2.0,1,1
0,6.0,136,0,1,0,1,0,1,0,1,0,1,0,1,0,12,0,2.0,1,1
0,1.0,136,107,2,0,1,0,1,0,1,1,1,0,7,0,4,0,4.0,0,1
1,2.0,100,0,2,0,3,5,1,0,1,0,1,0,2,0,12,0,4.0,1,1
1,6.0,91,0,1,1,3,3,1,0,1,1,0,0,1,0,7,0,3.0,1,1
0,1.0,136,107,1,1,0,0,1,1,1,0,1,0,1,0,2,0,14.0,1,1
1,36.0,100,0,0,0,2,0,0,0,0,2,0,0,3,0,7,0,4.0,1,1
1,2.0,100,0,1,1,3,5,1,1,2,2,2,0,1,0,2,0,5.0,1,1
1,3.0,99,0,2,1,4,4,1,1,1,1,1,0,4,0,12,0,2.0,1,1
0,8.0,62,50,1,1,4,5,0,1,1,1,0,0,1,50,2,0,4.0,1,1
1,4.0,88,97,2,0,0,0,1,0,0,0,1,0,2,0,12,2,5.0,1,1
0,36.0,21,107,1,0,0,0,1,2,0,0,0,0,1,0,2,0,2.0,1,1
1,16.0,98,78,2,0,5,5,1,0,1,1,1,0,3,0,2,0,5.0,0,1
0,2.0,164,107,0,1,6,0,1,0,2,2,1,0,1,0,2,0,2.0,1,1
1,2.0,100,0,0,0,5,0,0,0,1,1,1,0,1,0,12,0,3.0,1,1
0,5.0,51,107,0,1,0,0,1,0,1,0,1,0,1,0,2,0,1.0,1,1
1,12.0,100,0,1,5,0,0,2,0,0,1,1,0,1,0,10,0,1.0,1,1
1,3.0,100,0,0,1,4,0,0,0,1,1,1,1,1,0,12,0,1.0,1,1
0,0.0,136,0,2,1,0,0,1,0,0,0,2,0,3,0,2,0,5.0,1,1
0,3.0,136,0,1,5,0,0,1,0,1,0,1,0,3,0,2,0,5.0,1,1
1,18.0,100,0,1,0,1,5,1,0,0,0,1,0,1,0,12,0,3.0,1,1
0,60.0,38,0,1,4,6,0,0,1,0,0,0,0,1,0,2,0,3.0,1,1
0,1.0,136,51,1,1,6,0,1,2,1,1,1,1,1,20,3,0,2.0,1,1
1,18.0,99,0,2,1,0,0,1,1,1,1,1,0,4,0,6,0,2.0,1,1
0,2.0,136,0,1,0,0,0,1,0,1,0,1,0,1,0,12,0,3.0,1,1
0,7.0,136,0,2,1,4,0,1,0,1,0,0,0,2,0,2,0,2.0,1,1
0,2.0,136,0,0,1,0,0,1,1,0,0,1,0,1,0,2,0,1.0,1,1
1,3.0,129,102,0,3,0,0,1,1,0,0,0,0,1,0,2,0,4.0,1,1
0,3.0,136,0,0,1,0,0,1,1,0,0,1,0,1,50,2,0,2.0,1,1
0,2.0,136,107,1,0,1,0,1,0,0,0,2,0,2,0,2,0,9.0,0,1
1,36.0,99,0,0,1,6,0,1,1,0,0,0,0,1,0,2,0,3.0,1,1
0,2.0,136,0,2,0,1,5,1,1,0,0,2,0,3,10,2,3,4.0,1,1
0,2.0,136,0,1,0,1,0,1,0,1,0,2,0,1,0,3,0,1.0,1,1
0,3.0,136,0,0,0,6,0,2,1,2,2,2,0,3,350,7,0,3.0,1,1
0,1.0,136,0,1,0,6,0,1,1,1,1,1,0,1,0,3,0,4.0,1,1
0,67.0,44,0,0,0,0,0,2,2,0,0,1,0,1,0,2,0,1.0,1,1
0,57.0,38,0,1,1,0,0,1,1,0,0,1,0,1,250,0,0,1.0,1,1
1,2.0,100,0,0,2,3,5,1,0,0,0,1,0,1,0,2,0,11.0,1,1
0,5.0,136,0,1,1,2,2,1,0,0,0,2,0,1,0,2,0,3.0,1,1
0,2.0,158,107,2,0,1,0,1,0,2,2,1,0,3,0,12,0,1.0,0,1
1,2.0,98,0,2,0,1,0,2,2,1,1,1,0,4,0,2,0,5.0,1,1
1,12.0,100,0,1,2,0,0,1,0,0,0,0,0,1,50,12,0,1.0,1,1
1,3.0,133,0,0,0,6,0,0,1,1,1,1,0,1,0,2,0,2.0,0,1
0,60.0,62,118,0,2,4,0,1,1,0,0,1,0,1,0,12,0,5.0,1,1
0,60.0,136,9,0,0,4,5,1,1,0,0,0,0,1,0,4,0,2.0,1,1
1,10.0,127,0,1,5,0,0,1,1,0,0,0,0,1,50,12,0,1.0,1,1
0,0.0,136,107,2,1,6,0,1,0,2,2,2,0,2,0,2,0,5.0,1,1
1,1.0,112,0,1,5,6,0,0,1,2,2,2,1,1,1,2,0,3.0,1,1
0,25.0,65,44,1,2,4,5,1,2,0,0,0,0,1,0,2,0,1.0,1,1
1,2.0,100,0,0,2,6,0,1,0,0,0,1,0,1,0,2,0,1.0,1,1
0,2.0,136,107,1,1,0,0,1,1,0,0,1,0,1,0,2,0,1.0,1,1
0,2.0,136,0,0,0,0,0,1,1,2,0,1,0,1,0,12,0,1.0,0,1
0,24.0,144,0,2,1,0,0,2,0,2,2,2,0,2,0,12,0,2.0,1,1
0,12.0,136,0,0,6,0,0,1,0,1,1,1,0,1,0,12,0,2.0,1,1
1,1.0,100,0,0,0,6,0,1,0,1,1,1,0,1,15,2,0,7.0,1,1
0,2.0,136,0,0,0,1,0,1,0,1,0,1,0,1,0,3,0,5.0,1,1
0,36.0,5,0,1,0,1,0,2,1,0,0,0,0,1,0,12,0,5.0,1,1
1,12.0,100,0,0,0,5,5,2,0,1,0,0,0,1,0,12,0,3.0,1,1
1,5.0,117,76,0,0,5,5,2,2,0,0,1,0,1,0,2,0,5.0,1,1
0,2.0,136,0,2,0,6,0,1,0,1,0,2,0,2,0,2,0,5.0,1,1
0,1.0,136,107,0,1,6,0,1,1,1,1,1,0,1,0,12,0,3.0,0,1
0,19.0,136,123,2,0,1,5,1,0,2,2,2,0,3,0,12,0,16.0,1,1
0,8.0,136,0,1,1,0,0,1,1,0,0,0,0,1,0,3,0,1.0,1,1
0,1.0,136,0,1,0,2,3,1,1,1,0,1,0,1,50,2,0,10.0,1,1
1,6.0,117,85,0,3,0,0,1,2,1,1,1,0,1,150,2,0,3.0,1,1
0,0.0,136,0,0,4,6,0,1,1,2,2,2,1,1,0,2,0,0.0,1,0
0,18.0,37,107,1,4,0,0,1,2,0,0,0,0,1,0,4,0,3.0,1,1
1,1.0,89,0,0,0,0,0,0,0,1,1,1,0,1,0,12,0,4.0,1,1
1,3.0,109,92,1,1,2,0,0,1,1,0,1,0,1,100,12,0,5.0,1,1
1,1.0,99,0,0,0,6,0,0,1,1,1,1,0,1,0,12,0,4.0,0,1
0,3.0,136,52,1,1,0,0,1,1,1,0,0,0,1,50,2,0,6.0,1,1
0,60.0,147,10,2,0,1,5,0,0,0,0,0,0,2,0,2,0,4.0,1,1
0,7.0,74,51,0,4,0,0,1,1,0,0,0,0,1,250,2,0,3.0,1,1
0,1.0,136,0,2,0,4,5,1,0,2,2,2,1,4,0,12,0,1.0,1,1
0,3.0,136,50,0,2,4,5,1,0,0,0,1,0,1,0,12,0,3.0,0,1
1,4.0,100,0,1,0,3,0,1,0,1,0,1,0,1,30,2,0,1.0,1,1
0,2.0,136,107,1,0,6,0,1,1,1,0,1,0,1,0,2,0,5.0,1,1
0,2.0,136,51,1,0,2,0,1,1,0,0,1,0,1,0,2,0,2.0,1,1
1,2.0,100,0,1,0,3,5,0,0,1,1,1,0,1,0,2,0,8.0,1,1
0,1.0,136,0,2,2,4,5,1,1,1,0,1,0,4,0,2,0,13.0,1,1
0,1.0,136,107,1,2,0,0,1,0,1,1,1,0,1,20,2,0,4.0,1,1
1,4.0,100,0,0,2,6,0,0,1,0,0,0,0,1,0,12,0,3.0,1,1
1,6.0,100,0,2,0,1,5,1,0,1,1,1,0,3,0,2,0,3.0,0,1
1,1.0,99,0,1,0,6,0,1,1,2,0,2,0,1,0,12,0,3.0,1,1
1,3.0,100,0,2,4,0,0,0,0,1,1,1,0,3,0,2,0,2.0,0,1
1,8.0,119,85,1,1,4,5,1,2,1,1,1,0,1,0,2,0,4.0,1,1
0,2.0,136,0,1,0,1,0,1,1,1,1,1,0,1,0,2,0,3.0,1,1
0,1.0,136,107,2,0,1,5,1,1,1,1,1,0,3,0,12,0,0.0,1,1
0,0.0,136,107,1,0,6,0,1,0,1,1,1,0,1,0,7,0,1.0,1,1
1,4.0,100,0,0,0,1,0,1,1,1,1,1,0,1,0,2,0,1.0,1,1
1,2.0,80,0,1,0,3,5,1,0,1,1,1,0,1,20,2,0,1.0,1,1
0,1.0,136,107,2,1,3,3,1,1,0,0,1,0,5,0,2,0,3.0,1,1
0,2.0,28,107,0,0,1,0,0,0,2,0,1,0,1,0,12,0,6.0,1,1
1,2.0,100,0,2,3,5,5,1,0,1,1,1,0,5,0,2,0,3.0,0,1
0,4.0,136,0,1,0,0,0,1,0,0,0,2,0,1,0,3,0,2.0,1,1
1,2.0,122,101,2,1,5,5,1,0,1,1,1,0,4,0,12,0,4.0,0,1
0,36.0,65,107,1,1,6,0,1,1,1,0,0,0,1,0,2,0,7.0,1,1
0,2.0,136,107,1,0,1,0,2,0,1,0,1,0,1,50,5,0,2.0,1,1
0,1.0,136,0,1,1,0,0,1,1,1,1,1,0,1,0,2,0,3.0,1,1
0,1.0,136,107,1,4,0,0,1,1,1,1,1,0,1,0,12,0,2.0,1,1
0,2.0,35,107,0,1,0,0,1,0,0,0,1,0,6,0,2,0,6.0,1,1
0,5.0,136,0,1,1,0,0,1,0,0,0,0,0,1,0,7,0,4.0,1,1
1,2.0,99,0,2,0,4,5,0,1,1,1,1,0,3,0,2,0,0.0,1,1
0,24.0,136,107,1,1,6,0,1,1,2,2,2,0,2,0,3,0,4.0,0,1
0,60.0,38,0,0,1,4,0,0,0,0,1,1,0,1,300,2,0,1.0,1,1
1,2.0,99,0,0,4,6,0,1,1,1,1,1,0,1,0,12,0,5.0,1,1
1,2.0,99,0,2,0,5,5,1,1,1,1,1,0,2,0,2,0,1.0,1,1
0,1.0,136,0,1,0,1,5,1,0,1,1,1,0,5,10,12,0,5.0,1,1
1,2.0,100,0,2,0,3,5,0,0,1,0,1,0,5,0,12,0,2.0,1,1
1,2.0,100,0,0,0,6,0,1,0,1,0,1,0,1,30,2,0,5.0,1,1
1,5.0,98,76,1,1,4,4,1,1,0,0,0,0,2,30,2,0,10.0,1,1
0,10.0,136,0,2,0,1,3,1,1,2,2,2,1,5,0,2,0,1.0,1,1
0,1.0,136,0,2,1,6,0,0,0,1,1,1,0,5,0,2,0,2.0,0,1
1,2.0,99,0,2,1,3,4,0,1,1,1,1,0,3,0,2,0,6.0,0,1
0,3.0,136,0,1,2,0,0,1,1,0,0,1,0,1,200,2,1,3.0,1,1
0,2.0,136,107,1,4,6,0,1,1,1,1,1,0,1,0,2,0,5.0,1,1
1,1.0,99,0,1,0,6,0,0,1,1,1,1,0,5,0,5,0,3.0,1,1
0,16.0,136,0,2,1,3,5,1,0,2,2,2,0,5,0,3,0,5.0,0,1
1,8.0,99,0,1,0,1,5,1,1,0,0,1,0,1,0,12,0,3.0,1,1
0,2.0,136,0,1,0,1,0,1,1,1,1,1,0,1,0,2,0,1.0,1,1
0,2.0,157,14,1,0,6,0,1,0,2,2,2,0,2,0,3,0,3.0,1,1
0,2.0,136,0,2,0,1,5,1,1,0,0,1,0,13,0,2,0,5.0,1,1
0,72.0,8,0,1,2,4,0,2,2,0,0,0,0,1,0,2,0,0.0,1,1
1,30.0,106,0,1,0,2,5,1,1,0,0,0,0,1,0,12,0,2.0,1,1
0,3.0,136,0,1,0,0,0,1,0,1,1,1,0,1,0,12,0,1.0,1,1
1,12.0,122,78,1,1,6,0,1,0,0,0,1,0,1,0,2,0,1.0,1,1
1,2.0,122,0,1,1,6,0,0,0,2,2,2,0,1,0,12,0,4.0,0,1
0,19.0,136,0,1,6,0,0,2,0,1,0,1,0,1,0,2,1,13.0,1,1
0,19.0,136,0,1,0,0,0,1,0,0,0,0,0,1,80,2,0,3.0,1,1
0,24.0,8,0,1,2,0,0,2,1,0,0,1,0,1,350,12,0,24.0,1,1
1,1.0,100,77,2,0,5,5,1,0,1,1,1,0,5,0,2,0,6.0,1,1
0,8.0,136,0,1,0,6,0,1,1,0,0,0,0,1,0,2,0,2.0,1,1
1,2.0,99,0,1,0,0,0,0,1,1,0,1,0,1,0,0,0,4.0,1,1
1,12.0,100,0,1,2,6,0,1,1,1,1,1,0,1,0,12,0,1.0,1,1
0,4.0,136,0,0,0,1,0,1,0,2,2,2,0,1,0,2,0,2.0,1,1
1,3.0,100,77,0,3,4,0,1,1,0,0,1,0,1,0,2,0,3.0,1,1
1,26.0,99,0,1,1,4,5,2,1,1,0,1,0,1,10,10,0,2.0,1,1
1,2.0,84,0,2,0,2,5,0,1,1,0,1,0,2,0,2,0,3.0,1,1
1,2.0,100,0,1,0,6,0,1,0,0,0,1,0,1,100,2,0,3.0,1,1
0,1.0,136,0,2,0,6,0,2,0,1,1,1,0,3,0,12,0,2.0,1,1
0,1.0,136,0,1,0,1,0,0,1,1,0,0,0,1,0,2,0,1.0,1,1
0,2.0,136,0,1,0,1,5,1,0,0,0,1,0,1,0,2,0,3.0,1,1
0,3.0,136,4,1,0,1,0,1,1,0,0,1,0,1,0,2,0,5.0,1,1
1,1.0,100,0,0,3,6,0,1,0,1,0,1,0,1,0,2,0,3.0,1,1
0,2.0,65,107,0,1,0,0,0,1,1,0,1,0,1,0,2,0,5.0,0,1
1,2.0,129,78,1,0,1,4,1,0,1,0,1,0,1,0,12,0,6.0,1,1
1,6.0,100,0,0,0,6,0,1,0,1,0,1,0,1,10,1,0,7.0,1,1
0,2.0,136,0,1,1,0,0,0,0,0,2,1,0,1,0,12,0,3.0,0,1
1,12.0,117,0,1,5,0,0,1,2,1,1,1,0,1,200,7,0,3.0,1,1
0,1.0,136,107,2,1,0,0,2,0,1,1,1,0,3,0,2,0,5.0,1,1
0,2.0,136,0,1,1,6,0,1,0,2,2,2,0,1,0,2,0,7.0,1,1
0,24.0,21,107,0,3,4,5,1,0,2,2,0,0,1,0,12,0,3.0,1,1
1,3.0,100,0,1,3,5,5,0,0,1,1,1,0,3,0,3,0,3.0,0,1
0,2.0,136,107,0,0,1,3,0,0,1,1,1,0,1,0,2,0,1.0,1,1
0,24.0,155,107,1,4,6,0,1,0,0,0,0,0,1,0,4,0,4.0,1,1
0,5.0,136,0,0,0,1,2,1,0,0,0,1,0,1,0,4,0,3.0,1,1
0,48.0,5,0,1,1,0,0,3,1,0,0,1,0,1,0,2,0,1.0,1,1
1,1.0,80,0,0,0,1,5,0,0,1,1,1,0,1,0,9,0,1.0,1,1
1,3.0,100,97,2,0,0,0,0,0,1,2,2,0,3,0,12,0,13.0,1,1
1,2.0,117,76,1,0,3,5,1,2,1,0,1,0,1,350,2,0,5.0,1,1
1,3.0,100,0,0,0,5,5,1,0,0,0,1,0,2,0,2,0,11.0,1,1
0,3.0,136,0,1,1,0,0,1,0,0,0,1,0,1,0,12,0,5.0,1,1
1,4.0,100,0,0,0,0,0,0,0,1,0,1,0,1,0,3,0,4.0,1,1
1,3.0,99,0,0,3,6,0,1,1,0,0,1,0,1,0,2,0,3.0,1,1
1,2.0,122,0,0,1,5,0,1,1,1,0,1,0,1,150,2,0,7.0,1,1
1,8.0,100,0,0,4,0,0,1,0,0,0,0,0,1,0,2,0,2.0,1,1
0,24.0,21,107,1,2,4,0,2,1,0,0,0,0,1,0,4,0,1.0,1,1
0,48.0,62,107,0,4,0,0,1,1,0,0,0,0,1,0,12,0,3.0,1,1
0,48.0,40,0,1,0,4,0,1,0,0,0,0,0,1,0,2,0,2.0,1,1
0,6.0,136,107,1,2,0,0,0,0,0,0,1,0,1,0,12,0,2.0,1,1
0,3.0,44,107,0,0,0,0,1,0,1,1,1,0,1,0,12,0,2.0,0,1
0,1.0,136,72,1,4,6,0,2,1,0,0,1,0,1,0,2,0,3.0,1,1
0,5.0,136,0,0,0,1,0,0,0,0,0,1,0,1,0,2,0,3.0,1,1
0,12.0,48,28,0,5,0,0,0,1,0,0,2,0,1,100,12,0,2.0,1,1
0,2.0,136,0,0,1,0,0,1,1,0,0,1,0,1,0,2,0,3.0,1,1
0,1.0,136,0,2,0,1,5,1,1,0,0,1,0,5,0,12,0,5.0,1,1
0,1.0,136,0,1,1,6,0,1,1,1,1,1,0,1,0,3,0,3.0,1,1
0,2.0,136,0,2,0,1,5,1,0,1,0,1,0,3,0,12,0,4.0,1,1
0,2.0,136,0,2,0,1,3,1,0,1,0,1,0,4,0,2,0,1.0,1,1
1,1.0,100,0,2,0,3,5,0,0,1,0,1,0,3,0,2,0,9.0,1,1
1,6.0,99,0,1,4,6,0,1,1,1,0,1,0,1,50,2,0,4.0,1,1
0,3.0,136,0,1,1,0,0,1,0,0,0,0,0,1,0,12,0,4.0,1,1
1,6.0,98,0,0,0,0,0,1,2,1,1,1,0,1,150,2,0,3.0,1,1
0,2.0,136,0,0,0,1,1,1,0,0,0,1,0,1,0,4,0,5.0,1,1
0,3.0,136,0,0,1,3,0,1,0,0,0,2,0,1,0,5,0,3.0,1,1
0,12.0,136,107,0,0,3,0,1,0,1,0,1,0,1,0,2,0,7.0,1,1
0,3.0,136,14,2,0,1,5,1,0,0,0,2,0,3,0,3,0,2.0,1,1
1,1.0,100,0,0,2,4,5,1,0,1,0,1,0,1,0,2,0,4.0,1,1
0,72.0,0,107,0,0,1,0,1,1,1,1,1,0,1,0,2,0,5.0,1,1
0,24.0,136,0,1,0,0,0,1,0,0,0,0,0,1,0,2,0,3.0,1,1
1,1.0,122,0,0,1,5,0,2,1,2,2,2,0,1,0,3,0,8.0,1,1
0,60.0,136,0,1,2,3,0,2,1,2,2,2,0,1,0,1,0,5.0,1,1
1,4.0,100,0,2,2,5,0,1,0,1,0,1,0,3,0,2,0,1.0,0,1
1,2.0,100,0,0,0,4,0,1,0,1,1,1,1,1,0,2,0,1.0,0,1
0,2.0,136,0,1,1,0,0,1,0,1,1,1,0,1,20,3,0,1.0,1,1
0,3.0,136,0,1,0,0,0,1,0,1,1,1,0,2,0,2,0,11.0,1,1
1,2.0,100,63,2,1,5,5,0,0,1,1,1,0,4,0,7,0,2.0,1,1
0,2.0,8,107,1,0,6,0,1,0,0,1,1,0,1,0,7,0,5.0,1,1
0,1.0,136,107,2,0,1,3,1,1,1,0,1,0,4,0,12,0,5.0,1,1
0,24.0,136,0,0,0,1,0,1,0,0,0,0,0,1,0,2,0,4.0,1,1
0,16.0,62,0,1,6,0,0,1,1,0,0,1,0,1,300,2,0,5.0,1,1
0,2.0,65,107,1,0,1,5,1,0,1,1,1,0,1,0,2,0,5.0,1,1
1,2.0,100,0,2,0,1,5,1,0,1,1,1,0,2,0,4,0,3.0,1,1
1,4.0,99,0,1,4,6,0,1,1,1,1,1,0,1,0,5,0,5.0,1,1
0,2.0,21,0,0,0,1,5,1,1,2,0,2,1,1,150,12,0,4.0,1,1
0,3.0,136,107,2,0,1,4,1,1,1,1,1,1,4,0,2,0,5.0,1,1
1,3.0,99,0,2,0,2,5,1,0,2,2,1,0,2,10,3,0,3.0,1,1
0,24.0,57,44,1,1,6,0,0,2,2,2,2,1,1,0,12,0,1.0,1,1
1,1.0,100,0,1,1,6,0,2,0,1,0,1,0,1,0,2,0,3.0,1,1
0,24.0,8,0,1,3,4,0,1,1,1,1,0,0,1,300,7,0,2.0,0,1
0,2.0,136,107,1,1,0,0,1,1,0,0,1,0,1,0,2,0,1.0,1,1
1,5.0,129,0,0,3,4,0,1,0,0,0,1,0,1,0,2,0,4.0,1,1
0,2.0,136,107,2,1,0,0,1,1,1,1,1,0,3,0,2,0,5.0,0,1
1,1.0,100,0,0,4,0,0,1,0,1,1,1,0,3,0,2,0,5.0,1,1
1,2.0,100,0,1,0,1,0,0,0,2,2,2,0,2,0,12,0,5.0,1,1
1,4.0,99,0,1,5,6,0,1,1,2,2,1,0,1,50,2,0,1.0,1,1
0,3.0,136,0,1,1,5,5,1,0,0,0,1,0,2,0,2,0,2.0,1,1
0,8.0,136,0,1,5,0,0,1,0,0,0,0,0,1,0,7,0,2.0,1,1
1,2.0,100,0,0,0,6,0,1,0,1,1,1,0,2,0,6,0,3.0,1,1
0,24.0,33,0,0,1,0,0,1,2,0,0,1,0,1,350,2,0,1.0,1,1
1,24.0,99,0,1,0,1,5,1,1,0,0,0,0,1,0,12,0,5.0,1,1
1,12.0,100,0,1,5,0,0,1,0,0,0,0,0,1,50,12,0,2.0,1,1
0,1.0,136,107,1,1,6,0,1,0,1,2,1,0,1,0,2,0,1.0,1,1
1,2.0,125,0,2,0,6,0,0,0,1,1,1,0,2,0,2,0,4.0,1,1
1,2.0,100,0,1,0,1,5,1,0,0,0,1,0,1,0,2,0,5.0,1,1
0,1.0,136,0,2,0,6,0,0,1,1,1,1,0,2,0,2,0,1.0,1,1
0,3.0,136,107,1,0,1,5,1,1,1,0,1,0,4,0,2,0,5.0,1,1
0,1.0,136,0,1,1,0,0,1,2,1,1,1,0,1,0,2,0,3.0,1,1
0,2.0,136,0,1,0,0,0,1,1,0,0,1,0,1,0,2,0,3.0,1,1
0,7.0,136,0,1,1,0,0,2,1,2,2,2,0,1,0,2,0,4.0,1,1
1,3.0,100,0,0,0,6,0,0,0,0,0,1,0,1,0,12,0,9.0,1,1
1,20.0,99,0,0,0,5,5,2,1,1,0,1,0,1,0,2,0,4.0,1,1
0,15.0,136,0,1,0,0,0,0,0,0,0,1,0,1,0,2,0,1.0,1,1
0,1.0,136,0,0,0,1,0,0,0,1,1,2,0,1,0,2,0,2.0,1,1
1,0.0,100,0,1,4,0,0,1,0,2,2,2,2,1,0,12,0,2.0,1,1
0,1.0,136,0,1,3,0,0,1,0,1,1,1,0,2,0,2,1,1.0,1,1
1,2.0,100,77,0,1,6,0,1,1,1,0,1,1,2,0,2,0,4.0,1,1
1,5.0,115,0,1,1,4,0,1,1,1,1,1,0,1,0,2,0,3.0,1,1
0,60.0,136,107,0,1,4,5,1,1,0,0,0,0,1,0,2,0,4.0,1,1
0,36.0,136,0,1,1,0,0,1,0,0,1,0,0,1,0,2,0,2.0,1,1
0,3.0,17,107,1,0,6,0,0,1,2,0,1,0,1,0,2,0,1.0,1,1
1,12.0,100,0,1,3,0,0,0,0,2,0,0,0,1,0,12,0,2.0,1,1
0,2.0,136,0,1,0,1,0,0,0,2,2,2,0,1,0,7,0,1.0,1,1
1,4.0,117,97,2,1,4,0,0,1,1,0,1,0,3,100,2,0,1.0,0,1
1,1.0,100,0,2,3,5,5,0,0,1,1,2,0,3,0,5,0,3.0,1,1
1,2.0,100,0,1,0,6,0,1,0,0,0,1,0,1,0,12,0,1.0,1,1
0,3.0,136,4,2,0,1,0,2,1,1,0,1,0,2,0,2,0,6.0,1,1
0,24.0,136,0,1,1,4,0,1,0,1,0,0,0,1,0,2,0,2.0,1,1
0,3.0,75,107,0,1,0,0,1,0,2,2,1,0,1,0,2,0,1.0,1,1
0,2.0,136,0,1,1,3,0,1,0,1,1,1,0,1,0,2,0,2.0,1,1
0,9.0,38,0,0,1,0,0,0,0,1,0,0,0,2,200,4,0,1.0,1,1
1,1.0,122,0,2,0,2,5,0,0,1,1,1,0,10,0,2,0,3.0,0,1
1,6.0,99,0,0,2,6,0,2,1,1,1,0,0,2,0,12,0,2.0,1,1
1,36.0,120,76,2,5,0,0,1,2,0,0,1,0,5,0,2,0,5.0,1,1
0,2.0,136,0,1,0,2,0,1,0,1,0,1,0,1,0,4,0,11.0,1,1
1,4.0,100,0,1,0,1,1,1,0,1,1,1,0,1,0,2,0,2.0,1,1
0,2.0,136,0,1,1,0,0,1,1,0,0,1,0,1,0,2,0,4.0,1,1
0,3.0,33,0,0,4,0,0,0,1,0,0,1,0,1,350,2,0,8.0,1,1
0,2.0,136,0,0,0,1,5,1,0,2,2,1,0,1,0,2,0,6.0,1,1
0,24.0,38,0,0,4,6,0,0,0,2,2,1,0,1,0,2,0,1.0,0,1
1,2.0,100,0,1,4,5,0,0,0,1,0,1,0,1,0,4,0,5.0,1,1
1,2.0,99,77,1,5,6,0,0,1,2,0,2,0,1,0,12,0,13.0,1,1
1,9.0,100,0,1,1,6,0,1,0,1,1,1,0,1,0,12,0,1.0,1,1
0,36.0,28,0,1,0,1,0,1,0,2,2,2,0,1,0,4,0,2.0,1,1
0,12.0,136,0,0,0,1,0,1,0,1,1,1,0,1,0,2,0,13.0,1,1
1,3.0,100,0,1,1,0,0,1,0,1,1,1,0,1,0,0,0,1.0,0,1
0,1.0,136,107,0,1,4,5,1,1,1,1,2,0,1,0,2,0,5.0,1,1
0,4.0,136,0,1,0,1,5,1,0,0,0,1,0,1,0,2,0,4.0,1,1
0,1.0,136,107,2,1,0,0,1,1,1,1,1,0,2,0,3,0,6.0,1,1
1,2.0,100,0,0,0,6,0,1,1,1,0,2,0,1,0,2,0,5.0,1,1
1,2.0,100,0,1,0,1,5,1,0,1,1,1,0,1,0,2,0,2.0,1,1
1,12.0,100,0,0,2,3,0,1,0,0,0,0,0,2,0,2,0,2.0,1,1
1,2.0,88,78,1,0,1,0,1,0,1,0,1,0,1,0,2,0,4.0,1,1
0,1.0,136,0,2,0,1,0,1,0,0,0,1,0,5,0,2,0,5.0,1,1
1,1.0,100,0,0,0,5,5,1,0,1,0,1,0,1,0,2,0,3.0,1,1
0,2.0,136,107,1,0,1,0,1,0,1,1,1,0,2,0,4,0,1.0,0,0
0,12.0,136,0,1,1,6,0,0,1,0,0,2,0,1,0,12,0,3.0,1,1
0,1.0,136,107,1,1,0,0,1,0,1,1,1,0,1,0,3,0,1.0,1,1
1,3.0,116,63,0,4,5,0,2,0,1,0,1,0,2,100,2,0,8.0,1,1
1,1.0,100,0,2,5,6,0,1,0,1,1,1,0,2,0,2,0,3.0,0,1
0,5.0,136,0,1,2,4,0,1,0,0,0,1,0,1,0,2,0,3.0,1,1
1,4.0,80,102,1,1,3,3,1,0,1,1,0,0,1,0,2,0,1.0,1,1
0,1.0,136,0,2,0,1,0,1,1,1,1,1,0,3,0,2,0,5.0,1,1
1,4.0,99,0,0,0,1,5,1,1,2,2,2,0,2,0,2,0,3.0,1,1
1,2.0,100,78,2,0,5,0,0,0,1,1,1,0,3,0,6,0,3.0,1,1
0,2.0,136,107,1,0,1,5,1,0,1,1,1,0,1,0,2,0,2.0,1,1
0,2.0,136,0,1,0,0,0,1,0,1,0,1,0,1,0,12,0,2.0,1,1
1,2.0,100,0,1,0,2,4,0,0,1,0,1,0,1,30,2,0,1.0,1,1
0,2.0,136,107,0,1,0,0,1,1,0,0,1,0,1,0,2,0,1.0,1,1
0,24.0,136,0,1,0,6,0,1,0,1,1,1,0,1,0,1,0,2.0,1,1
0,96.0,16,0,0,0,6,0,1,1,0,0,0,0,1,0,7,0,1.0,1,1
0,1.0,136,0,1,0,1,0,1,0,0,0,1,0,1,0,2,0,5.0,1,1
1,3.0,99,0,1,0,1,5,0,1,1,0,1,0,1,1,2,0,3.0,0,1
0,1.0,136,107,1,4,6,0,1,1,1,0,1,0,1,0,2,0,3.0,1,1
1,7.0,100,0,0,3,6,0,1,0,0,0,1,0,1,0,2,0,3.0,1,1
1,2.0,100,77,1,1,3,0,0,1,2,2,0,0,2,0,12,0,4.0,1,1
1,2.0,100,0,1,0,6,0,0,0,1,0,1,1,1,0,12,0,2.0,1,1
1,2.0,99,0,1,0,3,5,0,1,1,0,1,0,1,0,12,0,5.0,1,1
0,7.0,136,0,1,0,2,0,1,0,2,2,0,0,1,0,2,0,1.0,1,1
0,2.0,136,0,0,0,6,0,1,0,1,1,1,0,1,0,2,0,4.0,1,1
0,2.0,136,0,0,0,0,0,1,1,0,0,1,0,1,0,2,0,1.0,1,1
1,24.0,129,0,1,1,0,0,0,0,0,0,0,0,1,0,9,0,1.0,1,1
0,8.0,136,9,0,0,1,1,1,1,0,0,0,0,1,150,12,0,11.0,1,1
0,12.0,136,0,1,0,6,0,1,2,2,2,2,1,1,0,2,0,3.0,1,1
1,1.0,100,78,2,0,4,5,1,0,0,0,1,0,2,0,12,0,1.0,1,1
0,24.0,136,0,1,0,0,0,1,1,0,0,0,0,1,100,2,0,2.0,1,1
0,1.0,136,107,1,0,1,0,1,0,1,1,1,0,1,0,2,0,5.0,1,1
0,60.0,159,0,1,1,6,0,1,0,2,0,1,0,1,350,2,0,4.0,1,1
1,6.0,84,0,1,1,6,0,1,1,0,0,2,0,1,0,12,0,6.0,1,1
1,2.0,91,78,1,0,1,5,1,0,1,0,1,0,1,0,2,0,5.0,1,1
0,3.0,136,123,1,0,1,0,2,1,0,0,1,0,1,0,2,0,5.0,1,1
0,2.0,136,107,2,1,0,0,1,1,2,2,2,0,5,0,2,0,4.0,0,1
1,10.0,100,0,1,5,6,0,1,0,1,1,1,0,1,0,2,0,4.0,1,1
0,1.0,136,0,1,0,1,0,1,0,2,2,1,0,1,0,2,0,2.0,1,1
1,2.0,100,0,0,2,4,0,1,0,1,0,1,0,1,0,12,0,10.0,1,1
1,6.0,99,0,0,0,3,5,1,1,1,1,1,0,3,0,2,0,3.0,1,1
0,4.0,136,0,1,1,2,0,1,0,0,0,1,0,1,150,2,0,1.0,1,1
0,60.0,57,44,1,1,6,0,0,0,0,0,1,0,1,300,2,0,1.0,1,1
0,2.0,136,0,2,1,6,0,0,0,0,0,1,0,3,0,2,0,10.0,1,1
0,2.0,136,0,1,3,6,0,1,0,1,1,1,0,1,0,2,0,5.0,1,1
0,30.0,136,107,0,1,0,0,1,0,2,2,2,0,1,20,2,0,1.0,1,1
0,24.0,28,107,0,0,1,0,1,0,0,0,0,1,1,160,12,0,6.0,1,1
0,3.0,54,107,1,1,3,5,1,1,2,2,2,0,2,0,2,0,24.0,1,1
0,2.0,136,0,1,0,1,5,1,0,2,2,2,0,2,0,2,0,5.0,1,1
0,1.0,136,107,0,1,0,0,1,0,1,1,1,0,1,0,3,0,1.0,1,1
1,1.0,100,0,1,5,0,0,0,0,1,1,1,0,1,0,2,0,7.0,1,1
1,18.0,117,76,1,0,3,5,1,2,0,0,0,0,1,30,2,0,5.0,1,1
1,6.0,122,0,0,1,4,4,1,0,1,1,1,0,1,0,2,0,4.0,1,1
1,1.0,132,0,1,0,1,5,0,1,1,1,1,0,1,0,2,1,3.0,1,1
0,2.0,136,0,1,0,0,0,1,0,1,0,1,0,1,0,12,0,3.0,1,1
1,1.0,99,0,0,0,3,5,1,1,1,1,1,0,1,0,2,0,1.0,1,1
1,2.0,100,0,1,0,1,4,1,0,0,0,1,0,2,0,12,0,9.0,1,1
1,12.0,129,0,0,3,4,5,1,0,1,1,0,0,1,200,2,0,1.0,1,1
0,1.0,136,0,1,0,1,0,1,1,1,1,1,0,1,0,2,0,2.0,0,1
0,60.0,40,0,0,0,4,0,1,0,0,0,0,0,1,0,2,0,3.0,1,1
1,1.0,109,92,2,0,1,1,2,2,0,0,1,0,3,300,2,0,1.0,0,1
1,5.0,100,101,0,0,1,0,0,0,2,2,2,0,1,0,12,0,5.0,1,1
0,72.0,57,0,1,2,6,0,0,2,0,0,0,0,1,0,2,0,1.0,1,1
0,1.0,136,0,1,0,3,0,1,1,1,1,1,0,2,0,12,1,6.0,1,1
1,2.0,122,0,0,1,4,0,1,1,1,0,1,0,1,50,2,2,6.0,1,1
1,3.0,91,0,1,0,3,5,1,1,1,0,1,0,1,80,12,0,5.0,1,1
0,2.0,136,0,0,0,1,0,1,1,1,1,1,0,1,0,3,0,5.0,1,1
0,16.0,136,0,0,0,2,0,1,0,0,0,0,0,1,0,2,0,2.0,1,1
0,15.0,136,0,0,6,0,0,1,0,1,0,0,0,1,0,2,0,5.0,1,1
0,24.0,142,107,0,4,0,0,2,2,0,0,1,0,1,0,2,0,4.0,1,1
1,10.0,100,0,0,1,6,0,1,0,1,0,0,0,1,5,2,0,3.0,1,1
1,2.0,89,97,1,4,0,0,1,0,1,0,1,0,1,150,2,0,4.0,1,1
1,6.0,100,0,0,0,6,0,1,0,1,0,1,0,1,30,2,0,5.0,1,1
0,1.0,136,0,1,0,2,0,1,1,1,1,1,0,1,0,12,0,5.0,1,1
1,2.0,100,0,1,0,4,5,0,0,1,0,1,0,1,0,12,1,5.0,1,1
1,2.0,84,0,2,0,1,4,1,1,2,0,2,0,3,0,12,0,0.0,1,1
1,2.0,100,0,0,0,1,4,0,0,1,1,1,0,1,0,3,0,11.0,1,1
1,12.0,129,0,0,2,4,0,1,0,0,0,0,0,1,0,2,0,3.0,1,1
1,2.0,135,0,1,0,6,0,1,0,0,0,1,0,1,0,2,5,17.0,1,1
0,1.0,136,0,0,0,1,0,1,0,2,0,1,0,1,0,2,0,1.0,1,1
0,9.0,136,0,1,0,1,5,1,1,0,0,0,0,1,0,4,1,3.0,1,1
0,2.0,136,0,2,0,1,3,1,0,1,1,1,0,2,0,2,0,4.0,1,1
1,12.0,99,0,1,0,2,5,1,1,1,1,1,0,1,0,2,0,6.0,1,1
1,8.0,100,0,0,0,6,0,1,0,0,0,1,0,1,0,2,0,4.0,1,1
0,3.0,139,32,0,0,6,0,1,0,0,0,1,0,2,0,2,0,6.0,1,1
0,2.0,136,107,0,0,1,1,0,0,1,1,2,0,2,0,2,0,5.0,1,1
1,4.0,99,0,1,0,3,5,2,1,1,1,2,0,1,0,2,0,2.0,1,1
1,3.0,98,78,2,0,3,4,1,1,1,0,1,0,4,0,12,0,7.0,1,1
0,2.0,136,0,2,0,1,0,1,0,1,1,1,0,2,0,4,0,2.0,1,1
0,4.0,136,0,1,1,0,0,1,2,0,0,1,0,1,0,4,0,4.0,1,1
0,0.0,136,0,2,0,1,5,1,1,2,2,2,0,7,0,2,0,5.0,1,1
0,2.0,136,0,0,1,0,0,1,0,1,0,1,0,1,0,3,0,2.0,1,1
0,5.0,21,107,0,4,0,0,1,0,0,0,1,0,1,0,2,0,1.0,1,1
0,2.0,136,0,1,1,6,0,1,0,0,0,1,0,2,0,12,0,3.0,1,1
0,1.0,136,0,0,0,1,0,1,0,0,0,1,0,1,0,2,0,4.0,1,1
0,4.0,136,0,0,0,0,0,1,1,1,1,1,1,1,0,12,0,4.0,1,1
0,21.0,5,9,0,0,6,0,2,1,0,0,0,0,1,0,3,0,1.0,1,1
0,2.0,136,0,1,0,1,0,1,0,2,2,1,0,1,0,2,0,2.0,1,1
1,1.0,80,0,0,0,1,3,1,0,1,1,1,0,1,0,12,0,5.0,1,1
1,9.0,84,78,0,5,0,0,1,1,1,0,1,0,1,0,12,0,2.0,1,1
1,10.0,100,0,1,0,2,5,1,0,2,2,1,0,1,0,2,0,1.0,1,1
0,2.0,136,0,1,0,1,0,1,0,2,0,1,0,1,0,2,0,4.0,1,1
0,4.0,65,107,2,3,4,5,1,0,0,0,1,0,2,0,2,0,5.0,1,1
1,6.0,99,0,1,0,1,5,1,1,0,0,1,0,1,0,12,0,1.0,1,1
1,12.0,100,69,1,0,3,5,1,0,2,2,2,0,5,0,1,0,4.0,1,1
0,2.0,136,107,1,1,6,0,1,0,0,0,2,0,2,100,2,0,2.0,1,1
1,2.0,100,0,0,1,0,0,1,0,0,0,1,0,1,0,12,0,5.0,1,1
0,4.0,94,107,1,0,1,0,1,1,0,0,2,0,1,0,2,0,3.0,1,1
0,4.0,136,0,1,1,0,0,1,0,0,0,1,0,1,0,2,0,5.0,1,1
1,5.0,100,0,1,0,1,3,1,0,0,0,1,0,1,0,2,0,1.0,1,1
1,6.0,100,0,1,0,1,0,1,0,1,1,1,0,1,30,12,0,1.0,1,1
0,3.0,136,0,1,0,1,3,1,1,0,0,1,0,1,0,2,1,5.0,1,1
1,12.0,122,0,0,1,4,5,1,0,0,0,1,0,1,50,2,0,5.0,1,1
1,13.0,129,0,0,3,6,0,1,0,1,1,0,0,1,50,2,0,1.0,1,1
1,4.0,99,0,0,1,4,0,0,1,1,0,1,0,1,0,2,0,2.0,1,1
0,12.0,136,0,0,3,0,0,1,0,0,0,1,0,1,0,12,0,3.0,1,1
0,53.0,136,0,0,1,0,0,1,1,0,0,1,0,1,0,2,0,5.0,1,1
1,12.0,129,0,1,5,0,0,1,0,1,0,1,0,1,80,2,0,1.0,0,1
1,4.0,100,0,0,0,6,0,1,0,1,1,1,0,1,0,8,1,5.0,1,1
0,60.0,48,0,0,5,6,0,0,0,2,2,1,0,1,0,2,0,0.0,0,1
1,3.0,102,0,1,1,3,4,1,1,1,1,1,0,1,0,1,0,2.0,1,1
0,1.0,136,0,1,0,6,0,1,1,1,1,1,0,1,0,2,0,11.0,0,1
1,2.0,100,0,0,2,0,0,0,0,1,1,1,1,1,0,2,0,3.0,0,1
1,2.0,100,0,1,6,0,0,1,1,0,0,1,0,1,0,2,0,1.0,1,1
1,12.0,100,0,2,0,1,5,1,0,2,2,2,0,2,0,12,0,2.0,1,1
0,36.0,8,0,0,2,0,0,1,2,2,2,1,0,1,0,12,0,3.0,0,1
1,7.0,89,78,0,1,6,0,1,0,0,0,1,0,1,0,12,0,0.0,1,1
0,12.0,136,107,0,0,1,5,1,1,1,1,1,0,1,0,11,0,7.0,1,1
1,2.0,98,77,1,0,5,5,1,1,1,0,1,0,1,50,2,0,7.0,1,1
1,3.0,100,92,0,3,6,0,2,1,0,0,1,0,1,0,12,0,1.0,1,1
0,1.0,136,0,1,1,6,0,1,0,2,2,1,0,1,0,2,0,1.0,1,1
1,84.0,112,0,1,1,2,0,1,2,0,0,0,0,1,0,2,0,2.0,1,1
0,4.0,136,0,1,1,6,0,1,0,0,0,1,0,2,0,2,0,13.0,1,1
1,7.0,115,0,1,0,0,0,1,0,0,0,0,0,1,0,3,0,1.0,1,1
0,1.0,136,107,2,0,1,5,1,0,2,2,2,0,7,0,2,0,5.0,1,1
1,6.0,100,0,1,3,6,0,1,2,1,1,1,0,1,0,12,0,1.0,1,1
1,36.0,99,0,2,2,6,0,1,2,1,1,1,0,4,0,2,0,2.0,1,1
0,1.0,136,0,1,0,1,5,1,0,0,2,2,0,2,45,2,0,3.0,1,1
0,72.0,8,0,0,3,4,0,1,1,2,2,2,0,1,0,2,0,3.0,1,1
0,2.0,136,0,0,0,0,0,1,1,0,0,2,0,1,0,0,0,1.0,1,1
1,2.0,100,0,0,0,0,0,0,0,1,1,1,0,1,0,2,0,4.0,1,1
1,2.0,100,0,1,1,3,5,1,0,1,0,1,0,1,0,12,0,2.0,1,1
0,2.0,136,107,1,0,3,0,2,0,1,0,1,0,1,50,5,0,3.0,1,1
0,5.0,136,107,1,4,0,0,1,0,0,0,1,0,1,50,2,0,3.0,1,1
1,2.0,99,92,0,0,0,0,0,1,1,1,2,0,1,0,2,0,3.0,1,1
1,5.0,98,0,1,5,6,0,1,1,0,0,1,0,1,0,2,0,3.0,1,1
1,3.0,99,0,2,0,5,5,1,1,1,1,1,0,2,0,2,0,5.0,1,1
0,3.0,136,0,1,0,6,0,1,1,1,0,1,0,1,0,3,0,4.0,0,1
1,36.0,100,0,1,2,5,5,1,1,2,2,0,0,1,0,2,0,5.0,1,1
0,2.0,5,0,1,0,1,0,1,1,0,0,1,0,1,50,12,0,3.0,1,1
1,60.0,100,0,0,2,0,0,2,1,0,0,0,0,1,0,2,0,1.0,1,1
0,24.0,136,0,1,0,0,0,2,0,0,0,0,0,1,0,2,0,1.0,1,1
0,1.0,136,107,1,4,6,0,1,0,1,1,1,0,1,0,2,0,10.0,1,1
0,1.0,136,0,1,0,1,2,1,0,0,0,0,0,1,0,4,0,3.0,1,1
1,2.0,99,0,1,1,3,5,0,1,1,1,1,0,1,0,2,0,4.0,1,1
0,2.0,136,0,1,1,6,0,1,0,1,0,1,0,1,0,12,0,5.0,1,1
0,76.0,51,0,1,0,1,5,1,1,0,0,1,0,1,0,2,0,2.0,1,1
1,6.0,100,0,1,3,0,0,0,0,0,0,0,0,1,0,2,0,1.0,1,1
0,11.0,136,107,0,1,5,0,1,1,1,1,1,0,1,0,2,1,3.0,1,1
1,24.0,100,0,1,1,4,5,1,1,0,0,1,0,1,0,2,0,4.0,1,1
1,3.0,100,0,1,5,6,0,0,0,1,0,1,0,1,0,12,0,2.0,1,1
0,24.0,65,51,0,6,0,0,1,2,0,0,0,0,1,0,2,1,4.0,1,1
0,5.0,8,54,0,2,6,0,0,2,0,0,0,0,1,0,2,0,1.0,1,1
0,2.0,136,0,0,4,0,0,1,1,0,0,1,0,1,0,2,0,1.0,1,1
0,6.0,136,0,0,2,0,0,1,0,0,0,0,0,1,150,2,0,2.0,1,1
1,5.0,100,78,0,4,6,0,1,0,1,1,1,0,1,0,12,0,3.0,1,1
1,6.0,122,0,1,1,5,5,0,0,1,2,2,0,1,0,2,0,2.0,1,1
1,2.0,114,0,0,0,6,0,1,1,0,0,1,0,1,0,12,0,1.0,0,1
1,2.0,100,0,1,0,6,0,0,0,0,0,0,0,1,1,12,0,1.0,1,1
1,6.0,123,0,0,6,0,0,1,0,2,2,2,0,1,0,2,0,0.0,1,1
0,12.0,136,0,1,4,0,0,1,1,1,1,0,0,1,0,7,0,5.0,1,1
0,1.0,136,107,2,0,1,5,1,1,2,2,2,0,5,0,2,0,11.0,1,1
0,36.0,136,0,1,2,6,0,1,0,0,0,0,0,1,250,2,3,30.0,1,1
1,4.0,100,65,1,0,2,5,1,0,0,0,1,0,1,0,2,0,14.0,1,1
1,4.0,99,0,0,0,2,4,1,1,1,1,1,0,1,0,12,0,3.0,1,1
0,72.0,160,0,0,0,0,0,1,1,0,0,2,1,1,0,2,0,2.0,1,1
1,5.0,115,0,0,6,0,0,1,0,0,0,1,0,1,0,3,0,1.0,1,1
1,9.0,100,0,1,4,0,0,1,0,1,1,1,0,1,0,2,0,2.0,0,1
0,3.0,136,107,1,0,1,5,1,1,1,0,1,0,1,100,2,0,10.0,1,1
1,1.0,114,0,1,4,6,0,1,1,0,0,1,0,1,0,2,0,1.0,1,1
0,1.0,136,0,0,1,0,0,1,1,2,2,2,0,1,0,0,0,1.0,0,1
0,1.0,136,0,0,1,4,5,1,1,1,0,1,0,5,0,3,2,23.0,1,1
1,3.0,100,0,0,0,0,0,1,0,1,0,1,0,1,0,12,0,20.0,1,1
1,5.0,98,0,1,0,0,0,0,2,1,1,1,0,1,0,2,0,2.0,1,1
0,3.0,136,0,0,0,1,0,1,0,0,0,1,0,1,0,2,0,5.0,1,1
1,1.0,99,105,2,3,5,5,1,2,2,2,2,0,4,0,5,0,6.0,1,1
0,24.0,38,0,1,6,0,0,0,0,0,0,1,0,1,200,0,0,5.0,1,1
0,1.0,136,107,0,1,0,0,1,1,1,0,1,0,1,0,2,0,1.0,1,1
1,7.0,100,0,1,0,6,0,0,0,0,0,0,0,1,0,12,0,4.0,1,1
0,3.0,136,0,1,0,1,2,1,0,0,2,2,0,1,0,2,0,1.0,1,1
1,4.0,117,77,0,0,6,0,1,1,0,0,1,0,1,0,2,0,3.0,1,1
0,2.0,136,0,1,1,2,0,0,0,1,1,1,0,1,150,12,0,3.0,1,1
0,24.0,136,28,1,0,0,0,0,0,2,0,2,1,1,0,7,0,1.0,1,1
0,10.0,136,0,1,6,0,0,1,0,1,0,0,0,1,0,12,0,2.0,1,1
0,5.0,136,0,2,1,4,0,1,1,0,0,1,0,2,0,12,0,5.0,1,1
0,2.0,65,0,1,1,6,0,1,0,1,0,1,0,1,0,2,0,1.0,1,1
0,6.0,136,0,1,1,4,0,0,0,0,0,1,0,1,0,2,0,4.0,1,1
0,3.0,136,0,1,0,6,0,1,0,1,0,1,0,1,50,3,0,4.0,1,1
0,9.0,136,0,1,1,0,0,0,0,1,1,1,0,2,0,4,0,0.0,1,1
1,4.0,100,78,1,0,2,5,1,1,1,1,1,0,1,0,12,0,11.0,1,1
1,1.0,99,77,1,0,3,5,1,1,1,1,1,0,1,0,12,0,8.0,1,1
1,12.0,122,76,0,1,4,5,1,2,0,0,1,0,1,100,2,0,2.0,1,1
0,60.0,136,4,0,0,1,0,0,0,2,2,0,0,1,0,2,0,8.0,1,1
1,36.0,100,0,1,1,3,5,1,0,0,0,0,0,1,0,12,0,5.0,1,1
1,3.0,99,0,1,0,2,5,0,1,1,0,1,0,1,0,3,0,4.0,1,1
1,24.0,122,77,0,4,0,0,1,2,0,0,0,0,1,0,2,0,3.0,0,1
0,12.0,136,0,2,1,0,0,1,1,2,2,2,0,4,0,12,0,5.0,1,1
1,1.0,99,0,1,6,0,0,0,1,1,0,1,0,1,0,6,0,10.0,1,1
0,1.0,136,0,1,1,3,5,1,0,1,0,1,0,3,0,2,0,6.0,1,1
0,2.0,136,107,0,1,0,0,1,1,1,0,1,0,1,0,2,0,5.0,1,1
1,6.0,99,0,1,0,6,0,1,1,0,0,1,0,1,0,2,0,5.0,1,1
1,3.0,115,0,1,6,0,0,1,0,2,2,2,0,1,0,2,0,3.0,1,1
0,3.0,136,0,0,1,0,0,1,0,0,0,1,0,1,0,12,0,1.0,1,1
1,8.0,100,0,0,1,0,0,1,0,2,2,2,0,2,0,2,0,1.0,1,1
1,1.0,99,78,2,5,0,0,0,1,1,1,1,0,2,0,2,0,4.0,1,1
0,84.0,16,0,1,1,6,0,0,1,0,0,0,0,1,0,2,0,5.0,1,1
1,2.0,84,63,1,0,2,2,1,0,1,0,1,0,1,0,2,0,1.0,0,1
0,24.0,65,16,1,6,0,0,1,1,2,2,2,0,1,0,2,0,10.0,1,1
1,2.0,91,0,2,3,6,0,1,1,1,1,1,0,4,0,2,1,10.0,1,1
0,3.0,136,0,1,1,0,0,1,0,0,0,1,0,1,0,2,0,1.0,1,1
1,2.0,100,0,0,1,2,5,1,0,1,1,1,0,1,10,2,0,5.0,1,1
0,64.0,57,0,1,1,0,0,1,1,2,2,2,0,1,250,2,0,0.0,1,1
1,7.0,100,0,0,4,6,0,1,0,2,2,1,0,1,0,7,0,4.0,1,1
0,1.0,136,0,1,0,1,5,1,0,1,1,1,0,6,0,2,0,5.0,0,1
0,1.0,136,0,1,0,1,0,1,0,1,0,0,0,1,0,2,0,3.0,0,1
0,4.0,136,0,1,4,0,0,0,0,1,1,1,0,1,0,2,0,0.0,1,1
0,2.0,136,0,1,0,6,0,1,1,1,1,1,0,6,0,2,0,6.0,1,1
0,60.0,65,0,1,1,0,0,1,1,2,0,0,0,1,0,2,0,3.0,1,1
0,36.0,136,0,0,1,0,0,1,0,0,0,0,0,2,0,2,0,3.0,1,1
1,1.0,100,0,1,2,4,0,1,1,1,1,1,0,1,60,2,0,3.0,1,1
0,2.0,136,0,0,0,0,0,1,0,1,1,1,0,1,0,2,0,7.0,1,1
1,2.0,100,0,1,3,5,5,0,0,1,0,1,0,1,0,12,0,10.0,1,1
1,6.0,100,0,0,0,1,5,1,0,0,0,0,0,1,100,12,0,1.0,1,1
0,36.0,48,0,0,5,6,0,0,0,2,2,1,0,1,200,2,0,2.0,1,1
0,12.0,16,107,1,6,0,0,0,0,0,0,2,0,1,0,2,0,2.0,1,1
0,24.0,136,0,1,1,3,0,1,0,0,0,0,0,1,0,12,0,3.0,1,1
1,2.0,117,77,0,6,0,0,1,2,1,0,1,0,1,88,7,0,2.0,1,1
0,3.0,136,0,1,1,0,0,1,1,1,1,1,0,1,0,2,0,1.0,0,1
1,12.0,99,0,0,2,0,0,1,1,1,0,0,1,1,0,2,0,3.0,1,1
0,3.0,136,0,1,0,0,0,1,0,0,0,1,0,1,0,2,0,6.0,1,1
0,36.0,136,0,1,0,0,0,1,0,1,1,0,0,1,0,2,0,1.0,1,1
0,84.0,57,0,1,4,0,0,1,0,0,0,0,0,1,0,2,0,1.0,1,1
1,3.0,100,0,0,5,6,0,1,0,1,0,1,0,1,0,6,0,6.0,1,1
1,4.0,100,0,0,0,3,5,0,0,2,2,2,1,3,0,12,0,1.0,0,1
0,7.0,136,0,1,3,0,0,1,0,1,1,1,0,1,0,3,0,4.0,1,1
0,1.0,136,0,1,0,1,5,1,1,1,0,1,0,1,0,4,1,6.0,1,1
1,2.0,117,77,0,2,0,0,1,1,1,1,1,0,1,0,12,0,11.0,1,1
0,15.0,8,0,1,2,0,0,2,2,1,1,2,0,1,0,2,0,1.0,1,1
0,6.0,136,107,0,1,3,0,1,1,0,0,0,0,2,0,2,0,5.0,1,1
1,3.0,100,0,2,3,5,5,1,0,1,0,1,0,2,0,6,0,4.0,1,1
0,3.0,37,0,0,0,6,0,1,1,0,0,1,0,1,350,2,0,1.0,1,1
0,3.0,21,107,0,0,0,0,1,0,1,0,1,0,1,0,2,0,4.0,1,1
0,24.0,136,0,1,1,0,0,2,0,1,1,0,0,2,0,2,0,1.0,1,1
1,2.0,99,97,1,4,0,0,1,1,0,0,1,0,2,0,2,0,1.0,0,1
1,2.0,100,78,2,0,2,4,0,1,1,1,1,0,3,0,2,0,6.0,1,1
1,2.0,100,0,1,5,0,0,1,0,0,0,1,0,1,200,2,0,3.0,0,1
1,2.0,100,0,0,0,1,5,1,0,0,0,1,0,1,10,2,0,3.0,1,1
0,3.0,136,0,0,0,3,0,1,1,1,1,1,0,2,0,12,0,2.0,1,1
0,24.0,136,0,1,4,0,0,1,0,0,0,0,0,1,80,2,0,3.0,1,1
0,24.0,38,0,1,1,0,0,0,0,0,0,0,0,1,0,2,0,1.0,0,1
1,1.0,129,0,1,0,6,0,0,0,1,1,1,0,1,0,2,0,2.0,0,1
1,2.0,80,0,2,0,5,5,0,0,2,2,2,0,6,0,12,0,1.0,1,1
0,1.0,136,14,0,4,0,0,1,0,0,0,1,0,1,0,1,0,1.0,1,1
0,4.0,136,0,2,2,0,0,1,0,0,0,1,0,3,0,2,0,2.0,1,1
0,1.0,136,0,1,0,1,5,1,0,2,0,1,0,2,0,2,0,6.0,1,1
1,5.0,122,0,0,6,0,0,1,0,1,1,1,0,1,0,12,0,4.0,1,1
1,10.0,98,76,1,2,0,0,1,1,2,2,2,0,1,0,2,0,5.0,1,1
1,24.0,100,0,1,5,0,0,0,1,0,0,1,0,1,0,2,0,5.0,1,1
1,2.0,100,70,1,0,0,0,2,0,1,1,1,0,1,0,2,0,5.0,1,1
0,2.0,136,107,0,0,1,0,1,0,0,0,1,0,4,0,2,0,4.0,1,1
1,36.0,117,0,1,0,1,1,1,1,0,0,0,0,1,0,12,1,2.0,1,1
1,3.0,100,0,2,3,0,0,0,0,1,1,1,0,2,0,2,0,1.0,1,1
0,24.0,136,0,1,1,0,0,0,0,1,1,1,0,1,0,12,0,0.0,1,1
1,8.0,100,0,1,1,0,0,1,0,0,0,0,0,1,0,2,0,1.0,1,1
1,3.0,100,0,1,1,3,0,1,0,1,0,1,0,1,0,2,0,4.0,1,1
0,2.0,136,0,1,0,1,0,1,0,2,0,1,0,1,0,12,0,2.0,1,1
0,12.0,139,107,1,0,1,5,1,0,0,0,0,0,1,0,2,0,8.0,1,1
1,4.0,99,78,0,3,6,0,0,1,1,0,1,0,2,0,12,0,4.0,1,1
0,6.0,136,0,0,5,0,0,1,0,2,2,2,0,1,0,4,0,0.0,0,1
1,0.0,100,0,2,0,1,5,1,0,1,1,1,0,3,0,7,0,2.0,1,1
0,2.0,136,0,2,0,1,2,1,1,1,0,1,0,6,0,3,0,7.0,0,1
1,3.0,98,77,2,0,4,5,1,2,1,0,1,0,4,100,2,0,4.0,1,1
0,14.0,136,0,1,0,0,0,1,0,2,0,1,0,1,0,2,0,3.0,1,1
0,120.0,136,0,1,2,4,0,1,0,0,0,0,0,1,0,3,0,3.0,1,1
0,2.0,136,0,2,0,4,5,1,0,1,1,1,0,5,0,3,0,5.0,1,1
1,1.0,100,0,1,1,4,5,1,0,1,1,1,0,1,0,2,1,16.0,1,1
1,8.0,100,0,0,0,6,0,1,0,0,0,0,0,1,0,2,0,3.0,1,1
0,6.0,157,0,0,0,6,0,2,0,1,0,1,0,1,0,2,0,2.0,1,1
0,2.0,136,107,0,4,0,0,1,1,1,0,1,0,1,0,4,0,1.0,1,1
1,3.0,100,0,1,2,3,5,1,0,1,1,1,0,1,10,10,0,5.0,1,1
1,9.0,100,0,1,0,6,0,1,0,0,0,1,0,1,0,2,0,4.0,1,1
1,2.0,99,0,2,0,1,5,1,0,2,2,2,0,4,0,3,0,1.0,1,1
0,84.0,47,0,0,6,0,0,2,2,0,0,2,1,1,280,12,0,2.0,1,1
1,2.0,100,0,0,1,6,0,1,0,1,1,1,0,1,0,2,0,4.0,1,1
0,9.0,57,0,0,1,6,0,0,1,2,2,0,0,1,0,2,0,4.0,1,1
1,2.0,88,77,1,4,0,0,0,1,1,1,1,0,1,160,2,0,3.0,1,1
1,1.0,100,0,2,0,3,4,2,0,1,1,1,0,3,0,2,0,3.0,1,1
0,6.0,136,0,1,1,0,0,0,0,0,0,1,0,1,0,2,0,3.0,1,1
0,4.0,136,0,1,1,6,0,0,0,1,1,1,0,1,0,2,0,5.0,1,1
0,2.0,136,0,0,1,0,0,0,0,1,0,1,0,1,0,2,0,5.0,1,1
1,2.0,100,0,1,0,3,5,1,0,1,0,1,0,3,0,7,0,16.0,1,1
0,1.0,136,107,2,0,1,5,1,1,1,1,1,0,10,0,12,0,21.0,1,1
0,2.0,136,0,2,6,0,0,1,0,1,1,1,0,2,0,3,1,2.0,1,1
1,3.0,100,0,1,5,0,0,1,0,1,1,1,0,1,0,2,0,1.0,1,1
0,12.0,136,0,1,2,0,0,1,0,0,0,0,0,1,0,2,0,3.0,1,1
0,4.0,75,107,1,0,1,0,1,0,0,2,1,0,1,0,2,0,4.0,1,1
0,12.0,44,33,0,0,0,0,2,1,0,0,1,0,1,350,2,0,1.0,1,1
1,3.0,100,0,0,3,0,0,0,0,1,0,1,0,1,0,12,0,1.0,1,1
0,4.0,136,0,1,0,6,0,1,0,0,0,0,0,1,0,2,0,1.0,1,1
1,2.0,100,0,1,0,6,0,0,0,1,2,1,0,1,0,2,0,1.0,1,1
0,6.0,136,107,1,0,1,0,0,0,0,0,2,0,1,0,2,0,5.0,1,1
0,36.0,5,0,1,0,0,0,2,1,2,0,1,0,1,0,12,0,3.0,1,1
0,3.0,136,0,1,1,0,0,1,1,0,0,0,0,1,0,12,0,12.0,1,1
1,2.0,132,78,1,0,1,0,0,0,1,0,1,0,1,0,12,0,1.0,1,1
0,2.0,136,0,1,1,0,0,1,0,1,0,1,0,1,5,3,0,1.0,1,1
1,31.0,100,0,0,5,0,0,1,0,1,1,0,0,1,0,12,0,3.0,1,1
1,3.0,99,77,2,0,6,0,1,1,2,2,2,0,2,0,2,0,7.0,1,1
1,12.0,99,0,1,0,1,0,0,1,0,0,0,0,1,200,12,0,1.0,1,1
1,7.0,99,0,1,0,6,0,2,1,0,0,1,0,1,0,2,0,4.0,1,1
0,1.0,136,0,1,0,1,0,1,0,1,1,1,0,1,0,2,0,4.0,1,1
1,3.0,100,0,0,2,0,0,1,1,1,0,1,2,1,0,12,0,6.0,1,1
0,2.0,136,0,1,0,1,0,1,0,2,2,1,0,1,0,2,0,1.0,1,1
0,6.0,136,107,1,0,1,0,1,0,2,2,2,0,1,0,2,0,0.0,1,1
1,2.0,100,0,1,0,1,4,0,0,1,0,1,0,1,0,2,0,6.0,1,1
0,2.0,136,107,0,0,6,0,1,0,0,1,1,0,2,0,5,0,3.0,1,1
0,3.0,67,107,0,1,0,0,1,0,0,0,1,0,1,0,12,0,1.0,1,1
0,2.0,136,0,0,1,0,0,1,1,0,0,1,0,1,0,12,0,4.0,1,1
0,1.0,136,107,0,0,1,5,1,1,1,0,1,0,1,0,2,0,4.0,1,1
1,2.0,99,77,2,5,6,0,0,1,1,1,1,0,4,0,2,0,7.0,1,1
0,12.0,13,0,1,0,5,5,2,1,2,2,0,0,1,350,5,0,8.0,1,1
0,2.0,136,0,1,1,0,0,1,1,0,0,1,0,1,0,2,0,2.0,1,1
0,2.0,136,0,2,0,0,0,1,0,1,1,1,0,2,1,3,0,4.0,1,1
0,36.0,65,107,0,0,6,0,1,1,0,0,0,0,1,0,2,0,2.0,1,1
0,3.0,136,0,1,1,4,0,1,1,0,0,0,0,3,0,12,0,5.0,1,1
1,36.0,98,0,0,0,6,0,2,2,1,1,0,0,1,0,12,0,5.0,1,1
1,5.0,129,0,1,0,6,0,0,0,0,0,1,0,1,0,12,0,3.0,1,1
1,5.0,88,77,1,0,6,0,1,1,1,1,1,0,1,350,2,0,6.0,1,1
1,3.0,100,0,1,5,6,0,1,0,1,0,1,0,1,0,7,0,3.0,1,1
0,48.0,62,0,1,1,0,0,1,1,1,1,1,0,1,0,2,0,0.0,1,1
0,1.0,65,107,1,1,4,0,1,0,1,0,1,0,1,0,2,0,2.0,1,1
0,5.0,136,0,0,6,0,0,1,0,0,0,0,0,1,0,7,0,0.0,1,1
0,1.0,136,0,1,1,0,0,0,0,1,1,1,0,1,0,2,0,3.0,1,1
0,3.0,136,0,0,0,1,0,0,0,2,2,2,0,1,0,12,0,1.0,1,1
1,12.0,100,0,1,6,0,0,1,0,2,2,2,0,1,0,2,0,5.0,1,1
1,2.0,100,0,1,1,5,5,0,0,1,1,1,0,1,0,2,0,1.0,1,1
0,12.0,136,0,1,0,0,0,1,1,1,0,0,0,1,0,2,0,10.0,1,1
0,3.0,136,0,1,1,0,0,1,0,0,0,1,0,1,0,12,0,1.0,1,1
1,2.0,100,0,1,0,1,5,1,0,2,2,1,0,1,0,3,0,3.0,0,1
1,3.0,100,0,1,5,0,0,1,0,1,1,1,0,1,0,12,0,1.0,1,1
0,36.0,136,0,0,4,0,0,1,1,0,0,0,0,5,0,2,0,1.0,1,1
0,4.0,136,0,1,5,0,0,1,0,0,0,1,0,1,0,2,0,16.0,1,1
1,2.0,100,0,2,0,1,1,0,0,0,0,0,0,5,100,2,0,24.0,1,1
1,2.0,100,0,0,1,4,5,0,0,1,0,1,0,1,0,2,0,10.0,1,1
0,1.0,136,0,0,0,1,0,1,0,1,0,1,0,1,0,12,0,3.0,1,1
1,9.0,100,0,0,3,0,0,2,0,0,0,1,0,1,0,12,0,1.0,1,1
1,3.0,100,0,2,0,5,5,0,0,0,0,2,1,3,0,2,0,5.0,1,1
1,10.0,98,0,1,2,5,0,1,2,2,2,2,0,1,0,12,0,3.0,1,1
0,8.0,136,0,0,1,0,0,1,0,0,0,1,0,1,0,0,0,4.0,1,1
0,3.0,136,0,1,1,3,5,1,0,0,0,1,0,1,50,2,0,1.0,1,1
1,12.0,100,0,1,0,1,2,1,1,2,2,2,1,1,0,12,0,0.0,1,1
1,2.0,100,0,2,0,6,0,1,0,1,1,1,0,2,0,12,1,9.0,1,1
0,4.0,136,107,2,1,0,0,1,0,0,0,1,0,2,50,2,0,3.0,1,1
1,3.0,100,0,1,0,3,5,1,0,1,0,0,0,1,0,12,0,1.0,1,1
0,3.0,136,0,0,0,0,0,1,1,1,0,1,0,1,0,7,0,1.0,1,1
1,1.0,91,77,0,3,6,0,1,1,1,1,1,0,1,0,2,0,5.0,1,1
1,1.0,100,0,0,0,6,0,1,0,1,1,1,0,1,0,12,0,5.0,1,1
1,6.0,99,0,2,0,6,0,1,1,1,1,1,0,2,0,2,0,3.0,1,1
0,2.0,136,0,0,0,6,0,1,0,1,1,1,0,1,0,2,0,1.0,1,1
1,3.0,99,0,0,3,5,5,1,1,1,1,1,0,3,0,2,0,8.0,1,1
0,1.0,136,0,0,0,1,0,1,2,1,1,1,0,1,0,3,0,2.0,1,1
1,8.0,117,78,0,6,0,0,1,0,2,0,1,0,1,100,2,0,1.0,1,1
1,7.0,135,0,1,0,6,0,1,1,0,0,0,0,1,150,2,1,8.0,1,1
1,1.0,100,0,1,0,1,1,0,0,1,1,1,0,1,0,1,0,4.0,1,1
0,3.0,136,0,0,0,1,3,1,1,0,0,1,0,1,0,2,0,7.0,1,1
1,2.0,132,78,1,1,2,3,1,1,0,0,1,0,1,0,12,0,11.0,1,1
0,1.0,136,107,1,2,4,0,0,1,1,1,1,0,3,0,4,0,4.0,1,1
0,6.0,136,0,1,3,4,0,1,0,0,0,0,0,1,0,12,0,10.0,1,1
1,1.0,100,78,2,0,5,5,1,0,1,0,2,0,5,0,2,0,5.0,0,1
1,2.0,100,0,1,0,1,5,1,1,1,1,1,0,1,0,12,0,8.0,1,1
1,3.0,100,0,1,3,0,0,1,0,1,0,0,0,1,0,2,0,4.0,1,1
0,12.0,136,0,1,1,0,0,1,0,2,2,2,0,1,0,2,0,3.0,1,1
1,1.0,98,0,1,2,0,0,0,2,2,2,2,0,1,0,2,0,5.0,1,1
0,3.0,136,0,0,1,0,0,1,1,0,0,1,0,1,0,2,0,2.0,1,1
0,2.0,136,0,1,1,0,0,1,0,1,0,1,0,1,0,3,0,1.0,1,1
1,5.0,98,0,2,1,3,3,1,2,1,1,1,0,3,0,2,0,5.0,1,1
1,48.0,100,0,0,0,1,3,1,0,0,0,0,0,1,0,12,0,5.0,1,1
0,108.0,51,0,1,2,4,0,1,0,0,0,1,0,1,0,3,0,1.0,1,1
1,2.0,100,0,0,1,6,0,1,0,1,0,1,0,1,0,2,0,3.0,1,1
0,2.0,136,0,0,1,6,0,1,1,0,0,2,0,1,0,0,0,1.0,1,1
0,7.0,136,0,1,1,5,5,0,0,0,0,0,0,3,100,12,0,4.0,1,1
1,3.0,100,0,0,4,6,0,1,0,0,0,1,0,3,0,2,0,5.0,1,1
1,12.0,129,0,1,2,5,5,1,1,0,1,0,0,2,0,0,0,1.0,1,1
1,4.0,100,0,1,3,5,5,1,0,1,1,1,0,1,0,2,0,3.0,1,1
1,3.0,129,0,1,2,0,0,1,0,1,0,1,0,1,0,2,0,9.0,1,1
0,3.0,136,0,0,6,0,0,1,1,1,1,1,0,1,50,12,0,4.0,1,1
1,3.0,100,0,1,1,2,3,0,0,1,1,1,0,1,0,2,0,0.0,1,1
0,1.0,136,107,1,0,1,5,1,0,1,1,1,0,2,0,7,0,2.0,1,1
0,2.0,136,0,1,6,0,0,1,1,1,1,1,0,1,0,12,0,4.0,0,1
0,1.0,136,107,0,0,6,0,1,1,0,0,1,0,1,0,2,0,11.0,1,1
0,1.0,136,0,1,0,1,0,1,0,1,0,1,0,1,0,1,0,1.0,1,1
0,3.0,136,0,0,0,1,3,1,0,1,0,1,0,1,0,2,0,5.0,1,1
1,2.0,100,101,1,1,3,0,1,0,1,0,1,0,1,0,2,0,3.0,1,1
1,5.0,100,0,1,1,0,0,0,0,2,2,2,0,1,0,12,0,4.0,1,1
1,3.0,84,106,2,1,4,0,0,1,1,0,1,0,3,0,4,0,3.0,1,1
0,1.0,136,0,0,1,0,0,1,0,1,1,1,0,1,0,2,0,8.0,1,1
1,2.0,99,78,0,5,6,0,1,1,1,0,1,0,1,50,2,0,11.0,1,1
1,2.0,100,0,1,0,1,0,1,0,1,1,1,0,1,20,2,0,1.0,1,1
0,1.0,136,0,2,0,1,5,1,0,1,1,1,0,7,0,2,0,8.0,0,1
1,2.0,99,77,1,6,0,0,1,1,0,0,1,0,1,0,12,0,9.0,1,1
0,48.0,62,107,1,0,1,3,1,1,0,0,2,0,1,0,2,0,3.0,1,1
0,2.0,136,0,0,1,6,0,1,0,1,1,1,0,1,0,3,0,8.0,1,1
0,2.0,136,0,1,0,6,0,1,1,0,0,1,0,1,0,12,0,1.0,1,1
1,7.0,100,0,0,2,0,0,1,0,0,0,0,0,1,0,12,0,3.0,1,1
0,36.0,21,39,0,4,6,0,0,0,2,2,1,0,1,0,2,0,9.0,1,1
0,2.0,136,0,1,6,0,0,1,1,0,0,1,0,1,0,12,1,14.0,1,1
1,12.0,99,0,0,3,6,0,1,1,2,2,2,0,1,0,0,0,1.0,1,1
1,2.0,100,0,1,3,4,5,0,0,2,2,2,0,1,0,12,0,2.0,0,1
1,1.0,99,0,2,0,1,5,0,1,1,1,1,0,4,0,2,0,9.0,1,1
0,8.0,21,0,1,2,0,0,2,0,0,0,1,0,1,300,2,0,2.0,1,1
0,1.0,136,107,1,0,1,0,1,1,1,0,1,0,1,0,2,0,1.0,1,1
0,24.0,62,0,1,6,0,0,0,2,0,0,2,0,1,0,2,0,2.0,1,1
1,12.0,97,76,2,1,6,0,1,2,1,1,1,0,5,350,12,0,5.0,1,1
0,12.0,136,0,1,4,6,0,1,0,0,0,0,0,1,0,2,0,5.0,1,1
1,12.0,99,0,0,3,6,0,2,1,0,0,2,0,1,0,2,0,6.0,1,1
0,2.0,136,0,1,0,1,0,1,1,1,1,1,0,1,0,2,0,1.0,1,1
1,2.0,100,76,1,1,4,5,1,1,1,1,1,0,1,20,2,0,4.0,1,1
0,2.0,136,0,1,0,1,0,1,0,1,1,1,0,1,20,3,0,1.0,1,1
1,1.0,100,0,1,1,4,4,1,0,1,1,1,0,1,0,12,0,1.0,1,1
0,36.0,151,0,1,1,0,0,0,1,0,0,0,0,1,0,2,0,1.0,1,1
1,3.0,100,0,0,2,0,0,1,0,1,0,1,0,1,0,2,0,1.0,1,1
0,24.0,77,0,0,0,1,0,0,0,2,2,2,0,1,0,12,0,1.0,1,1
0,3.0,136,107,1,0,1,1,1,1,0,0,2,0,1,0,0,0,1.0,0,1
0,3.0,136,0,1,2,0,0,1,0,0,0,0,0,1,0,3,0,7.0,1,1
1,3.0,99,0,0,3,0,0,0,1,1,1,1,0,1,0,12,0,4.0,1,1
1,6.0,100,0,1,1,5,0,1,0,2,2,1,0,1,0,2,0,1.0,0,1
1,5.0,100,0,1,0,1,5,0,0,1,1,1,0,1,0,12,0,15.0,1,1
0,2.0,136,0,1,0,1,5,1,1,1,1,1,0,3,0,2,0,6.0,1,1
0,1.0,136,0,1,1,0,0,1,0,1,0,1,0,1,0,12,0,8.0,1,1
1,10.0,135,69,2,0,2,5,1,0,0,0,0,0,2,100,4,0,5.0,1,1
1,2.0,100,0,0,1,0,0,0,0,0,0,1,0,1,50,2,0,1.0,1,1
1,9.0,111,0,1,0,0,0,1,2,0,0,1,0,1,10,2,0,3.0,1,1
0,9.0,136,0,1,6,0,0,1,1,0,0,2,0,1,0,12,0,3.0,1,1
1,2.0,100,0,1,1,0,0,0,0,1,1,1,0,1,0,2,0,3.0,1,1
1,2.0,100,0,1,2,6,0,1,0,1,0,1,0,1,30,2,0,5.0,1,1
0,48.0,136,0,1,1,6,0,1,0,0,0,0,0,1,0,2,0,4.0,1,1
0,12.0,57,0,0,1,6,0,1,1,0,2,2,0,1,0,2,0,1.0,0,1
0,4.0,136,0,0,1,6,0,1,0,0,0,1,0,1,0,2,0,1.0,1,1
1,1.0,122,0,1,1,5,5,0,1,1,1,1,0,1,0,0,0,5.0,0,1
1,24.0,126,97,0,4,0,0,0,0,0,0,0,0,1,350,12,0,1.0,1,1
0,8.0,21,107,2,0,0,0,1,0,0,0,1,0,2,0,12,0,7.0,1,1
1,18.0,100,0,0,0,6,0,1,1,0,0,0,0,1,0,12,0,2.0,1,1
1,2.0,117,78,2,0,1,0,2,1,1,1,1,0,2,50,2,0,2.0,1,1
0,2.0,136,0,1,0,6,0,2,0,2,2,1,0,1,0,2,0,2.0,1,1
1,3.0,100,0,1,0,1,5,0,0,1,0,1,0,1,0,2,0,3.0,0,1
1,3.0,100,78,0,0,5,5,1,0,0,0,1,0,1,0,2,1,4.0,1,1
0,4.0,136,0,1,1,0,0,1,0,0,0,0,0,1,0,12,0,8.0,1,1
1,24.0,122,0,0,1,6,0,1,1,0,0,0,0,1,0,12,0,2.0,1,1
0,24.0,136,107,1,1,6,0,1,1,0,0,0,0,1,0,2,0,1.0,1,1
1,3.0,91,97,1,3,4,5,1,0,0,0,1,0,1,0,2,2,9.0,1,1
1,12.0,100,78,2,4,5,5,1,0,2,2,2,0,7,0,2,0,1.0,1,1
1,4.0,99,0,0,1,0,0,0,1,2,2,2,0,1,0,2,0,4.0,1,1
0,1.0,136,107,0,0,1,0,1,1,1,0,1,0,1,0,2,0,1.0,1,1
1,4.0,99,78,1,2,0,0,0,1,0,0,1,0,2,0,12,0,3.0,1,1
1,2.0,99,78,2,0,5,5,1,1,1,0,1,0,3,0,5,0,8.0,1,1
0,60.0,57,0,1,0,6,0,1,1,2,2,0,0,1,0,2,0,4.0,1,1
1,8.0,101,79,0,0,5,5,1,1,0,0,2,0,1,100,7,0,5.0,1,1
0,1.0,136,0,0,0,1,0,1,1,0,0,1,0,1,0,2,0,1.0,0,1
0,4.0,136,0,1,1,6,0,1,0,1,0,1,0,1,0,2,0,0.0,1,1
1,3.0,100,0,1,0,2,5,1,0,0,0,1,0,2,1,2,0,5.0,1,1
0,18.0,136,0,0,1,3,0,1,0,2,2,2,0,1,0,2,0,2.0,1,1
1,1.0,100,0,2,6,0,0,0,0,1,1,1,0,2,0,2,0,2.0,0,1
0,0.0,136,0,0,0,1,3,1,1,0,0,1,0,2,0,2,0,4.0,0,1
1,2.0,109,0,1,4,6,0,2,2,1,1,1,0,1,200,2,0,1.0,1,1
0,1.0,136,0,1,0,1,0,1,0,0,0,1,0,1,0,2,0,1.0,0,1
0,9.0,136,0,1,2,3,5,1,0,0,0,0,0,2,0,4,0,3.0,1,1
0,24.0,44,0,0,0,1,0,2,0,2,2,2,0,1,0,7,0,1.0,1,1
0,84.0,38,0,0,1,0,0,0,2,0,0,1,1,1,0,3,0,2.0,1,1
1,3.0,100,0,1,4,0,0,1,1,0,0,1,0,1,0,2,0,1.0,1,1
1,4.0,99,0,1,0,6,0,1,1,0,0,1,0,1,0,6,0,7.0,1,1
1,5.0,129,0,1,0,5,5,1,0,1,0,1,1,3,0,12,0,5.0,1,1
0,2.0,136,0,1,0,1,0,1,0,2,2,1,0,1,0,2,0,2.0,1,1
1,2.0,99,0,0,0,6,0,0,1,1,1,1,0,1,0,2,0,5.0,1,1
1,2.0,100,0,0,1,4,4,1,0,1,1,1,0,1,0,2,0,1.0,1,1
0,2.0,136,107,0,0,1,3,1,1,0,0,1,0,1,150,12,0,3.0,1,1
1,12.0,98,0,1,0,5,5,1,2,2,2,2,0,1,5,2,0,5.0,1,1
1,18.0,117,78,0,2,0,0,1,2,0,0,1,0,2,0,12,0,2.0,1,1
0,2.0,21,107,0,1,6,0,1,1,1,1,1,0,1,0,12,0,2.0,0,1
1,1.0,122,78,1,5,0,0,1,1,1,1,1,0,1,0,2,0,1.0,1,1
1,1.0,100,0,1,1,2,0,0,0,1,1,1,0,1,0,12,0,5.0,1,1
1,2.0,110,73,1,5,0,0,1,1,0,0,1,0,1,100,2,0,4.0,1,1
0,48.0,59,0,1,0,2,0,0,1,0,0,0,0,1,0,2,0,2.0,1,1
1,8.0,122,0,2,0,3,5,1,0,0,0,2,0,2,0,11,0,5.0,1,1
1,8.0,100,0,1,2,5,5,1,0,0,0,0,0,1,0,2,1,8.0,1,1
0,12.0,136,0,1,1,4,5,1,0,0,0,0,0,1,0,12,0,3.0,1,1
0,3.0,136,0,1,0,0,0,1,0,1,1,0,0,1,0,2,0,1.0,1,1
1,26.0,99,0,1,5,0,0,1,1,0,0,1,0,1,0,2,0,2.0,1,1
0,9.0,136,0,1,1,4,5,1,0,0,0,0,0,1,0,2,0,11.0,1,1
0,6.0,136,0,1,1,0,0,1,0,0,0,0,0,1,0,2,0,1.0,1,1
0,36.0,136,0,1,1,6,0,1,1,0,0,1,0,1,0,3,0,5.0,1,1
0,2.0,136,0,2,2,0,0,1,0,2,2,2,1,2,0,12,0,1.0,1,1
1,10.0,99,0,1,0,1,5,1,1,1,1,1,0,1,0,7,0,1.0,1,1
0,2.0,136,0,1,1,6,0,1,0,1,1,1,0,1,0,2,2,6.0,1,1
1,3.0,99,0,0,0,5,0,1,1,1,1,1,1,1,0,12,0,5.0,0,1
1,10.0,98,0,1,1,3,5,0,1,0,0,0,0,1,120,2,0,3.0,1,1
1,8.0,109,93,1,0,1,4,1,2,1,1,1,0,1,100,2,0,4.0,1,1
1,2.0,100,0,2,3,5,5,0,0,1,1,1,0,2,0,12,0,7.0,1,1
0,84.0,8,0,1,2,6,0,1,2,0,0,1,0,1,0,3,0,2.0,1,1
0,1.0,136,107,1,0,0,0,1,1,0,0,1,0,1,0,2,0,4.0,0,1
1,53.0,100,0,1,6,0,0,2,0,0,0,0,0,3,0,2,0,4.0,1,1
0,1.0,136,0,2,0,1,5,1,0,0,0,1,0,3,0,2,0,29.0,1,1
0,24.0,136,0,1,4,6,0,1,1,0,0,0,0,1,1,2,0,5.0,1,1
1,12.0,100,0,0,0,1,0,2,0,0,0,0,0,1,200,2,1,5.0,1,1
1,10.0,100,0,1,5,6,0,0,0,1,0,1,0,1,0,4,0,4.0,1,1
0,2.0,136,107,1,4,0,0,1,1,0,0,1,0,1,0,2,0,5.0,1,1
1,24.0,98,0,2,0,1,5,2,2,1,0,1,0,2,0,12,0,6.0,1,1
1,2.0,100,0,0,1,2,5,1,0,1,1,1,0,1,0,3,0,2.0,1,1
1,5.0,99,0,1,5,6,0,1,1,1,1,1,0,1,0,2,0,3.0,1,1
1,12.0,132,0,1,0,3,5,0,1,0,0,0,0,1,0,12,0,1.0,1,1
0,2.0,136,107,1,1,6,0,1,1,0,0,1,0,1,0,2,0,5.0,1,1
0,2.0,136,107,1,0,1,5,1,0,1,0,1,0,1,100,2,1,8.0,1,1
0,84.0,151,107,0,4,6,0,1,2,2,2,1,0,1,0,2,0,2.0,1,1
0,5.0,136,0,1,0,1,3,1,0,0,0,1,0,1,0,2,0,6.0,1,1
0,2.0,136,0,1,1,4,5,1,1,1,1,1,0,4,0,2,0,5.0,1,1
0,21.0,136,0,0,1,6,0,1,0,0,0,0,0,1,200,2,0,3.0,1,1
1,12.0,98,0,1,5,6,0,1,2,2,2,1,0,1,0,2,0,4.0,1,1
0,2.0,136,107,0,0,1,0,1,1,0,0,1,0,1,0,2,0,1.0,1,1
1,24.0,100,0,2,0,2,5,0,0,1,1,0,0,6,0,4,0,4.0,1,1
1,4.0,100,0,2,5,6,0,1,0,1,1,1,0,4,0,12,0,4.0,1,1
1,6.0,117,77,0,0,6,0,2,1,1,0,1,0,1,0,2,0,5.0,1,1
1,1.0,100,0,1,0,0,0,1,0,1,0,1,0,1,0,2,0,2.0,1,1
0,2.0,136,0,0,6,0,0,1,1,0,0,1,0,1,0,2,0,1.0,1,1
1,12.0,129,0,1,0,5,0,0,1,2,2,0,1,1,0,2,0,5.0,0,1
0,2.0,136,0,1,1,6,0,1,1,0,0,1,0,1,0,2,0,4.0,1,1
0,18.0,136,0,0,1,0,0,1,0,0,0,1,0,1,0,12,0,6.0,1,1
0,3.0,136,0,2,0,1,3,1,0,1,0,1,0,4,0,12,0,1.0,1,1
0,3.0,136,0,1,0,1,5,1,1,0,0,1,0,1,0,2,0,4.0,1,1
1,12.0,100,0,0,0,1,5,0,0,2,2,2,0,1,0,2,0,3.0,0,1
1,4.0,100,0,1,4,5,0,1,0,2,2,1,0,1,50,2,0,1.0,1,1
1,12.0,100,0,0,5,6,0,0,0,0,0,0,0,1,0,2,0,2.0,1,1
1,12.0,100,0,1,0,6,0,1,0,0,0,0,0,1,0,12,0,5.0,1,1
0,2.0,136,0,0,0,1,0,1,0,1,1,1,0,1,20,3,0,1.0,1,1
0,84.0,48,0,0,0,5,0,0,0,0,0,2,0,1,0,2,0,4.0,1,1
0,3.0,136,0,0,1,6,0,1,1,1,1,1,0,1,0,12,0,1.0,1,1
1,6.0,100,63,1,0,5,0,1,1,0,0,1,0,1,0,2,0,3.0,1,1
0,2.0,140,0,1,3,4,0,0,0,1,0,1,0,1,300,2,0,9.0,1,1
1,3.0,100,0,0,1,4,5,1,0,0,0,1,0,1,0,2,0,2.0,1,1
1,2.0,98,77,0,0,1,4,1,1,1,0,1,0,1,50,2,0,7.0,1,1
0,1.0,136,8,1,0,1,0,1,0,0,0,0,0,1,0,2,0,12.0,1,1
1,5.0,99,78,0,2,3,0,1,1,2,2,2,1,1,0,12,0,2.0,1,1
0,14.0,44,0,0,0,1,0,2,0,0,0,1,0,1,1,2,0,0.0,1,1
0,48.0,159,0,0,0,1,5,1,0,0,0,0,1,1,0,2,0,5.0,1,1
0,12.0,38,0,0,0,0,0,0,0,0,0,1,0,1,300,2,0,5.0,1,1
1,1.0,99,0,2,2,4,4,1,1,1,1,1,0,4,0,7,0,4.0,1,1
1,3.0,99,77,1,1,6,0,1,1,0,0,1,1,1,0,12,0,2.0,1,1
0,2.0,136,0,0,0,0,0,1,1,1,1,1,0,1,0,2,0,5.0,1,1
0,2.0,136,0,1,1,0,0,1,0,1,1,1,0,1,0,2,0,5.0,1,1
1,12.0,100,0,1,0,6,0,1,0,0,0,0,0,1,0,2,0,2.0,1,1
1,5.0,100,0,1,0,0,0,1,1,0,0,0,0,1,0,7,1,4.0,1,1
1,2.0,99,0,0,2,6,0,2,1,1,1,1,0,2,0,2,0,16.0,1,1
1,24.0,100,101,1,0,1,4,1,0,0,0,0,0,1,160,2,0,1.0,0,1
1,12.0,100,0,1,1,6,0,1,1,1,1,2,0,1,0,2,0,5.0,1,1
1,2.0,100,0,1,1,0,0,0,0,2,2,2,0,1,0,12,0,5.0,1,1
0,3.0,136,0,0,1,4,5,1,1,1,1,1,0,1,0,3,0,4.0,1,1
1,48.0,100,0,1,0,1,0,1,0,0,0,0,0,1,0,2,0,1.0,1,1
1,2.0,100,0,2,4,5,5,0,0,1,1,1,0,5,0,5,0,3.0,1,1
1,2.0,100,0,0,0,5,5,1,0,1,1,1,0,1,0,2,0,6.0,1,1
0,2.0,136,107,1,1,0,0,1,0,1,0,1,0,1,0,2,0,7.0,1,1
1,36.0,117,0,0,6,0,0,1,1,2,2,2,0,1,0,12,0,1.0,1,1
1,6.0,100,0,0,3,0,0,0,1,1,1,1,0,1,0,2,0,3.0,1,1
0,42.0,38,107,0,4,0,0,0,1,0,0,0,0,1,200,2,0,3.0,1,1
1,4.0,129,0,1,3,6,0,1,0,0,0,1,0,1,0,12,0,7.0,1,1
0,8.0,136,0,1,0,1,0,1,0,0,0,0,0,1,0,3,0,1.0,1,1
1,48.0,99,0,0,1,6,0,1,1,0,0,0,0,1,0,12,0,6.0,1,1
0,36.0,57,107,0,0,4,4,0,0,2,2,2,0,1,0,12,0,5.0,1,1
1,3.0,129,0,2,0,2,4,1,0,0,0,1,0,2,200,2,2,4.0,1,1
1,3.0,100,0,2,4,0,0,1,0,1,0,1,0,2,0,2,0,3.0,1,1
1,2.0,100,0,0,0,6,0,0,0,1,1,1,0,1,0,12,0,2.0,1,1
1,24.0,99,0,1,0,2,5,1,1,0,0,0,0,1,250,3,0,2.0,1,1
1,8.0,129,0,0,0,1,0,0,0,0,0,0,0,1,0,2,0,2.0,1,1
1,2.0,100,0,1,1,3,4,1,0,1,0,0,0,1,0,2,0,11.0,1,1
1,18.0,100,0,1,2,6,0,0,0,0,0,0,0,1,0,2,0,1.0,1,1
1,2.0,99,0,1,0,0,0,0,0,2,2,2,1,1,0,2,0,1.0,1,1
1,4.0,100,78,2,0,3,4,1,0,1,1,1,0,2,0,2,0,4.0,1,1
0,2.0,136,0,1,0,0,0,1,0,1,1,1,0,3,0,2,0,5.0,1,1
0,1.0,136,0,0,1,0,0,0,0,1,1,1,0,1,0,2,0,1.0,1,1
1,2.0,79,0,0,4,6,0,1,2,0,0,1,0,1,350,2,1,14.0,1,1
0,5.0,136,8,1,0,1,5,1,1,0,0,0,0,1,0,2,0,3.0,1,1
0,1.0,136,107,0,0,1,0,1,0,1,0,1,0,1,150,2,1,10.0,1,1
0,4.0,21,107,0,4,0,0,2,1,0,0,0,0,1,0,2,0,4.0,1,1
1,2.0,99,0,0,1,6,0,0,0,1,1,1,1,1,0,2,0,9.0,1,1
1,2.0,100,0,0,2,0,0,2,0,2,2,2,0,2,0,3,0,5.0,1,1
1,4.0,100,0,2,4,5,5,1,0,0,0,1,0,4,0,2,0,6.0,1,1
0,3.0,136,31,1,0,2,3,2,1,0,0,1,0,1,0,2,0,19.0,1,1
0,2.0,136,0,0,2,0,0,1,1,0,0,1,0,1,0,2,0,1.0,1,1
0,12.0,65,0,1,4,0,0,0,0,2,2,2,0,1,0,12,0,5.0,0,1
1,3.0,99,0,1,0,5,5,0,1,1,0,1,1,1,0,11,0,3.0,1,1
0,1.0,136,0,2,1,5,5,1,0,1,1,1,0,6,0,2,0,0.0,0,1
1,4.0,87,0,0,0,0,0,1,2,0,0,0,0,4,0,2,0,1.0,1,1
0,12.0,136,9,1,0,6,0,1,0,0,0,0,0,1,0,2,0,1.0,1,1
1,7.0,100,0,1,0,1,4,1,0,1,1,1,0,1,1,2,0,1.0,1,1
0,60.0,65,0,1,1,6,0,0,1,0,0,2,0,1,0,2,0,4.0,1,1
0,1.0,136,0,2,0,1,0,1,1,1,1,1,0,2,0,7,0,5.0,1,1
1,12.0,99,0,2,0,5,5,1,1,1,1,1,0,4,0,12,0,7.0,1,1
1,2.0,100,0,1,5,6,0,0,0,0,0,1,0,3,0,12,0,4.0,1,1
0,180.0,136,0,0,5,0,0,1,1,0,0,0,0,1,0,3,0,1.0,1,1
1,24.0,100,0,1,0,1,2,0,0,1,0,0,0,1,0,12,1,2.0,1,1
0,3.0,136,0,1,0,1,0,1,1,1,1,1,0,2,0,2,0,2.0,0,1
0,24.0,51,0,0,0,1,5,1,0,0,0,0,0,1,300,2,0,1.0,1,1
1,2.0,88,80,0,0,0,0,0,1,1,1,1,0,1,0,12,0,0.0,1,1
1,12.0,100,0,0,3,0,0,1,0,0,0,0,0,1,0,12,0,4.0,1,1
0,3.0,136,0,0,0,6,0,1,1,0,0,1,0,1,0,2,0,5.0,1,1
1,10.0,100,0,0,1,6,0,1,0,1,1,1,0,1,0,5,0,3.0,1,1
0,1.0,136,14,1,4,0,0,1,1,2,2,1,0,1,0,2,0,5.0,1,1
0,1.0,136,107,0,1,0,0,1,1,1,0,1,0,1,0,2,0,1.0,1,1
1,3.0,129,0,0,1,0,0,0,0,1,0,1,0,1,0,2,0,2.0,1,1
0,24.0,16,107,1,1,4,5,0,1,0,0,0,0,1,0,2,0,4.0,1,1
1,1.0,99,0,1,6,0,0,0,1,1,1,1,0,1,0,12,0,2.0,1,1
1,84.0,115,0,0,5,6,0,2,0,0,0,0,0,1,0,12,0,5.0,1,1
1,24.0,80,0,1,0,1,5,2,1,2,2,2,0,1,0,12,0,4.0,1,1
0,12.0,136,0,1,0,6,0,1,1,0,0,0,0,1,0,12,0,3.0,1,1
0,1.0,136,0,1,0,1,0,1,0,0,0,1,0,1,0,2,0,9.0,1,1
1,1.0,100,78,2,0,1,5,1,0,1,1,1,0,6,100,12,0,3.0,1,1
1,2.0,99,0,1,0,3,5,1,1,1,1,1,0,1,0,2,0,0.0,1,1
0,3.0,136,0,1,1,6,0,1,1,1,1,1,0,1,0,3,0,3.0,1,1
1,7.0,98,0,1,0,1,5,1,2,2,2,1,0,1,0,2,0,3.0,1,1
1,2.0,84,77,0,0,5,5,0,1,1,0,1,0,1,50,2,0,5.0,1,1
0,81.0,13,107,0,0,6,0,1,1,1,0,1,0,1,0,12,0,1.0,1,1
0,7.0,136,125,1,1,0,0,1,1,0,0,1,0,1,0,2,0,4.0,1,1
1,32.0,100,78,2,2,5,0,1,0,0,0,0,0,2,0,12,0,6.0,1,1
0,1.0,6,4,1,0,1,5,1,1,1,1,1,0,3,0,2,0,4.0,1,1
1,3.0,115,90,2,0,2,5,0,0,1,1,1,0,3,0,12,0,1.0,0,1
1,1.0,100,0,1,0,1,2,0,0,1,1,1,0,1,0,10,0,1.0,1,1
1,21.0,129,0,0,2,6,0,2,0,0,0,2,0,1,0,12,0,6.0,1,1
1,5.0,99,0,0,2,3,5,1,1,0,0,1,0,1,0,2,0,1.0,1,1
0,72.0,70,0,0,6,0,0,1,1,0,0,0,0,1,0,2,0,1.0,1,1
0,2.0,136,0,1,1,0,0,1,0,0,0,1,0,1,0,2,0,1.0,1,1
0,36.0,136,107,1,0,1,0,1,1,0,0,0,0,1,30,2,0,3.0,1,1
0,2.0,153,107,0,1,6,0,1,0,1,1,1,0,1,0,2,0,3.0,1,1
1,3.0,100,0,2,1,6,0,0,0,1,1,1,0,4,0,2,0,4.0,1,1
1,4.0,131,0,1,0,5,5,1,1,1,1,1,0,1,0,3,0,1.0,0,1
0,2.0,136,0,1,5,6,0,1,0,1,1,1,0,1,20,3,0,1.0,1,1
0,72.0,136,0,1,1,6,0,1,0,0,0,0,0,1,0,2,0,3.0,1,1
0,18.0,5,0,0,0,1,1,2,1,2,2,2,0,1,0,12,0,0.0,0,1
0,24.0,136,0,1,1,0,0,1,0,1,1,1,2,1,0,11,0,5.0,1,1
0,96.0,146,0,1,1,6,0,0,0,0,0,2,0,1,0,3,0,2.0,1,1
0,2.0,136,0,2,0,1,0,1,1,2,2,2,0,6,0,12,0,4.0,1,1
1,1.0,100,0,0,0,6,0,0,1,1,1,1,0,1,0,2,0,5.0,1,1
0,24.0,40,0,1,0,4,0,0,1,2,2,2,0,1,0,2,0,8.0,1,1
0,1.0,136,0,1,0,1,3,1,1,2,2,2,0,1,0,0,0,3.0,0,1
1,5.0,124,0,1,0,5,5,0,0,0,0,0,0,1,0,2,0,4.0,1,1
0,2.0,136,0,0,0,4,5,1,1,1,1,1,0,4,0,3,0,7.0,1,1
1,48.0,100,0,0,0,5,5,2,0,0,0,0,0,1,0,2,0,6.0,1,1
1,2.0,100,0,2,0,2,5,0,0,0,0,1,0,4,0,3,0,6.0,1,1
0,2.0,0,72,1,1,0,0,1,0,0,0,1,0,1,0,2,0,3.0,1,1
1,3.0,129,0,0,0,0,0,1,0,2,2,2,0,1,0,7,0,2.0,1,1
1,4.0,100,0,0,0,5,5,1,0,2,2,2,0,1,0,2,0,4.0,0,1
1,2.0,100,0,1,0,2,5,1,0,0,0,1,0,1,0,2,0,5.0,1,1
1,2.0,135,0,1,0,5,5,0,0,1,1,1,0,1,0,12,0,3.0,1,1
0,2.0,136,107,0,1,0,0,1,1,1,0,1,0,1,0,2,0,7.0,1,1
1,1.0,100,0,2,0,1,5,0,0,1,1,1,0,4,0,12,0,4.0,0,1
1,2.0,99,77,0,3,6,0,1,1,1,1,1,0,2,0,2,0,6.0,1,1
0,1.0,136,0,0,1,0,0,1,1,1,1,1,0,1,0,3,0,2.0,1,1
0,0.0,136,0,2,0,1,5,1,0,1,1,1,0,8,0,2,0,7.0,1,1
1,4.0,79,68,2,0,1,5,2,2,0,0,1,0,2,0,2,0,5.0,1,1
0,5.0,5,121,1,0,1,0,1,0,2,2,1,0,1,350,12,0,5.0,1,1
0,2.0,136,51,0,1,6,0,1,0,1,0,1,1,1,0,12,0,11.0,1,1
0,2.0,136,0,1,2,0,0,1,0,1,1,1,0,1,20,3,0,1.0,1,1
1,2.0,117,0,1,2,0,0,1,2,1,0,1,0,1,350,2,0,5.0,1,1
1,12.0,122,0,1,1,4,5,1,0,1,1,1,0,1,0,2,0,2.0,1,1
1,7.0,100,0,1,2,0,0,1,0,0,0,0,0,1,30,12,0,2.0,1,1
1,4.0,85,98,1,0,1,0,1,2,1,1,1,0,1,0,2,0,3.0,1,1
0,5.0,136,0,1,0,1,0,1,0,0,0,0,0,1,0,2,0,5.0,1,1
1,16.0,87,0,0,0,0,0,2,1,0,0,0,0,1,0,12,0,1.0,1,1
0,12.0,136,0,1,1,0,0,1,0,0,0,0,0,1,0,2,0,3.0,1,1
0,8.0,136,0,1,1,0,0,1,1,0,2,0,0,1,0,4,0,3.0,1,1
0,2.0,136,0,0,0,1,5,1,1,1,1,0,0,1,0,2,0,5.0,1,1
1,4.0,100,0,0,0,5,5,1,1,1,1,1,0,3,0,2,0,2.0,1,1
1,4.0,78,106,0,6,0,0,0,0,1,0,1,0,1,1,12,0,3.0,0,1
0,12.0,139,107,1,0,6,0,1,2,0,0,0,0,1,0,2,0,14.0,1,1
1,1.0,100,0,1,0,4,4,1,1,0,1,1,1,1,0,2,0,4.0,1,1
1,30.0,100,0,1,0,6,0,0,0,0,0,0,0,1,50,12,0,1.0,1,1
1,16.0,100,0,1,0,6,0,2,0,1,1,1,0,1,0,2,0,5.0,1,1
0,24.0,32,0,1,6,0,0,0,2,0,0,0,0,1,0,2,0,5.0,1,1
0,2.0,136,0,1,0,1,0,1,1,1,1,1,0,1,0,3,0,1.0,1,1
0,2.0,21,107,1,1,0,0,1,1,2,2,1,0,1,0,2,0,2.0,1,1
0,84.0,8,14,1,0,0,0,1,1,0,0,1,0,1,0,2,0,1.0,1,1
1,3.0,100,0,1,4,5,0,1,0,1,1,1,0,1,0,2,0,2.0,0,1
1,4.0,100,0,0,5,6,0,1,0,1,1,1,0,1,0,2,0,5.0,1,1
1,2.0,99,78,1,1,5,5,1,0,1,1,1,0,1,0,2,0,5.0,1,1
1,1.0,100,0,0,5,6,0,1,0,0,0,1,0,3,0,2,0,2.0,1,1
1,3.0,117,77,0,2,0,0,0,1,0,0,1,0,1,200,12,0,4.0,1,1
1,3.0,100,0,0,5,6,0,0,0,1,1,1,0,1,0,2,0,8.0,1,1
1,3.0,100,0,0,1,5,0,0,0,0,0,0,0,1,0,2,0,2.0,1,1
1,12.0,122,0,1,1,2,0,1,1,2,2,2,1,1,0,2,0,1.0,1,1
1,1.0,99,0,0,0,6,0,2,1,1,0,2,0,1,0,2,0,4.0,1,1
1,18.0,129,0,0,5,0,0,1,0,1,1,1,0,1,50,2,0,3.0,1,1
0,1.0,136,0,0,0,5,0,1,0,1,1,1,0,1,0,2,0,8.0,1,1
1,27.0,99,77,1,2,3,3,1,1,1,1,0,0,1,0,12,0,4.0,1,1
1,4.0,100,0,0,5,0,0,1,0,0,0,1,0,1,0,12,0,2.0,1,1
0,2.0,136,0,0,0,1,0,1,0,0,0,1,0,1,0,2,0,12.0,1,1
0,1.0,136,0,2,0,1,5,1,1,1,1,1,0,9,0,2,0,11.0,1,1
0,1.0,136,0,0,1,0,0,1,0,1,0,1,0,1,0,12,0,11.0,1,1
1,28.0,117,0,1,3,0,0,1,2,0,0,1,0,1,50,2,0,2.0,1,1
0,4.0,136,0,0,0,0,0,1,0,1,0,1,0,1,80,2,0,4.0,1,1
1,1.0,99,101,1,0,5,5,1,1,1,0,1,0,1,0,2,0,5.0,1,1
0,2.0,136,107,1,0,6,0,1,1,1,0,1,0,1,0,2,0,4.0,1,1
0,2.0,136,0,1,1,6,0,1,0,1,1,1,0,1,0,2,0,2.0,1,1
1,2.0,122,77,0,1,4,4,1,1,1,2,1,0,1,20,2,0,3.0,1,1
1,6.0,100,0,0,0,1,0,1,1,1,1,1,1,1,0,12,0,1.0,1,1
1,3.0,100,0,0,3,6,0,1,0,1,1,1,0,3,0,12,0,5.0,1,1
0,3.0,136,0,1,0,4,0,2,0,1,0,1,0,1,0,12,0,5.0,1,1
0,60.0,136,0,0,2,0,0,1,1,0,0,0,0,1,0,2,0,3.0,1,1
0,36.0,136,0,0,2,3,3,1,1,1,1,1,0,1,0,2,0,1.0,1,1
1,2.0,100,0,0,0,5,5,1,0,1,1,1,0,2,0,7,0,4.0,1,1
0,4.0,136,0,1,0,1,0,1,0,0,0,1,0,3,0,12,0,2.0,0,1
0,8.0,136,0,1,0,1,0,1,0,0,0,0,0,1,0,2,0,2.0,1,1
1,5.0,129,0,0,0,1,1,1,1,0,0,1,0,1,30,2,0,1.0,1,1
1,1.0,129,0,2,4,5,0,0,0,1,0,1,0,3,0,12,0,0.0,0,1
1,2.0,88,0,0,0,1,4,0,0,0,0,1,0,2,0,2,0,4.0,1,1
1,2.0,100,0,0,6,0,0,1,0,0,0,1,0,1,0,2,0,5.0,1,1
0,120.0,33,0,1,5,6,0,0,1,2,2,0,0,1,0,2,0,5.0,1,1
1,7.0,122,0,0,2,0,0,1,0,0,0,2,0,1,0,12,0,0.0,1,1
1,5.0,100,0,0,0,5,5,1,0,2,2,2,0,1,0,2,0,3.0,1,1
0,2.0,136,0,1,4,0,0,1,0,1,1,1,0,1,0,2,0,3.0,1,1
0,36.0,8,107,1,1,4,0,1,1,0,0,0,0,1,0,2,0,23.0,1,1
0,19.0,21,0,0,1,0,0,2,0,0,0,0,0,1,0,2,0,3.0,1,1
0,24.0,136,0,1,0,5,5,1,0,0,0,0,0,1,0,2,0,1.0,1,1
0,2.0,136,0,2,0,1,0,2,0,1,0,1,0,6,50,2,0,12.0,1,1
1,1.0,117,0,2,0,1,1,1,2,1,1,2,0,4,0,2,0,3.0,0,1
1,12.0,100,0,1,0,1,5,1,0,1,1,1,0,1,0,12,0,1.0,1,1
0,2.0,136,0,2,0,1,5,1,0,1,1,1,0,6,0,2,0,5.0,1,1
0,24.0,136,0,0,1,6,0,1,0,2,2,2,0,1,0,12,0,2.0,1,1
0,4.0,136,0,1,6,0,0,1,0,0,0,1,0,1,0,2,0,12.0,1,1
1,89.0,98,0,1,1,6,0,1,2,0,0,1,0,1,0,2,0,3.0,1,1
0,19.0,158,0,1,0,1,3,2,0,0,0,1,0,1,350,2,0,4.0,1,1
1,3.0,129,0,1,5,0,0,0,0,0,0,0,0,2,0,7,0,4.0,0,1
0,60.0,77,0,1,0,1,0,0,2,0,0,0,0,1,280,2,0,2.0,1,1
0,2.0,136,0,0,6,0,0,1,0,0,0,1,0,1,50,2,0,2.0,1,1
1,2.0,100,0,2,0,5,5,0,0,1,1,1,0,4,0,2,0,13.0,1,1
1,3.0,100,0,0,0,6,0,1,0,0,0,1,0,1,0,5,0,9.0,1,1
0,3.0,94,107,0,0,1,0,1,0,2,2,1,0,1,0,2,0,4.0,1,1
0,1.0,44,107,0,0,4,0,1,1,1,0,1,0,2,0,2,0,4.0,1,1
1,1.0,100,101,1,5,0,0,0,0,0,0,1,0,1,0,2,0,3.0,1,1
1,4.0,100,0,0,0,0,0,1,0,1,1,1,0,1,0,2,0,3.0,1,1
0,12.0,136,0,1,6,0,0,1,0,1,1,1,0,1,0,12,0,4.0,0,1
1,2.0,100,0,0,0,6,0,1,0,1,0,1,0,1,0,12,0,2.0,1,1
0,24.0,136,50,2,0,1,3,1,1,0,0,0,0,4,0,12,0,4.0,1,1
1,3.0,100,0,2,1,4,5,0,0,2,0,0,0,7,60,12,0,5.0,1,1
0,60.0,38,12,1,0,0,0,0,0,2,0,1,0,1,1,2,0,2.0,1,1
0,12.0,136,0,0,2,4,0,1,1,1,1,1,0,1,0,12,0,10.0,1,1
0,1.0,136,0,0,0,6,0,1,1,1,1,1,0,1,0,3,0,2.0,1,1
1,12.0,100,0,0,3,6,0,2,1,1,1,1,0,1,0,12,0,3.0,1,1
0,2.0,136,0,0,0,1,0,1,0,0,0,1,0,1,50,3,0,2.0,1,1
0,2.0,136,57,0,1,4,5,0,1,1,1,1,1,1,0,2,0,3.0,1,1
1,2.0,100,0,1,4,6,0,1,0,1,0,1,0,1,0,12,0,3.0,1,1
0,3.0,136,0,1,0,0,0,0,0,1,1,1,0,1,0,2,0,1.0,1,1
0,3.0,136,107,0,0,0,0,1,0,1,0,1,0,1,0,7,0,5.0,1,1
1,9.0,111,0,1,0,0,0,1,2,0,0,1,0,1,350,2,0,5.0,1,1
1,2.0,100,0,0,2,0,0,0,0,1,0,1,0,1,50,2,1,4.0,1,1
0,1.0,136,0,1,4,0,0,1,0,1,1,1,0,1,0,2,0,1.0,1,1
0,10.0,57,0,1,0,6,0,0,1,2,2,2,0,1,0,2,0,1.0,1,1
1,9.0,100,0,0,0,4,5,1,1,0,0,0,0,1,0,2,0,2.0,1,1
0,3.0,136,0,0,2,4,0,1,0,1,1,1,0,1,0,4,0,5.0,1,1
0,1.0,136,0,1,1,0,0,1,0,0,0,2,0,1,0,2,0,6.0,1,1
0,11.0,136,14,0,1,0,0,2,0,1,0,1,0,1,0,1,0,1.0,1,1
1,3.0,99,0,0,0,5,5,1,1,1,0,1,0,1,0,12,1,7.0,1,1
1,3.0,100,0,1,0,1,5,0,0,0,0,0,0,1,50,12,0,1.0,1,1
0,2.0,136,0,1,4,6,0,1,0,1,1,1,0,1,0,12,1,5.0,0,1
1,16.0,84,0,1,5,0,0,1,1,1,0,1,0,2,100,2,0,2.0,1,1
0,9.0,136,0,1,2,3,3,0,1,0,0,0,0,1,0,2,0,3.0,1,1
0,2.0,136,0,0,1,6,0,1,0,1,1,1,0,1,0,3,0,1.0,1,1
1,48.0,100,101,1,0,1,5,1,0,0,0,0,0,1,0,2,0,9.0,1,1
0,12.0,136,0,1,1,6,0,1,1,1,0,0,0,1,0,1,0,3.0,1,1
1,2.0,100,0,2,0,2,5,2,0,1,1,1,0,6,0,2,0,5.0,1,1
1,5.0,100,0,1,0,5,0,0,0,1,1,1,0,1,0,2,0,5.0,1,1
0,17.0,44,0,0,0,0,0,1,0,0,0,1,0,1,0,2,0,0.0,1,1
1,1.0,100,0,0,5,0,0,1,0,1,1,1,0,1,0,2,0,3.0,1,1
0,4.0,136,107,1,1,0,0,0,0,1,1,1,0,1,0,2,0,2.0,1,1
0,2.0,136,0,1,0,1,0,1,0,1,0,1,1,1,150,2,0,5.0,1,1
0,5.0,136,0,1,0,0,0,0,0,1,1,1,0,1,0,2,0,5.0,1,1
0,60.0,57,0,1,0,6,0,0,1,2,0,0,0,1,0,2,0,1.0,1,1
0,4.0,136,107,0,4,0,0,1,0,0,0,0,0,1,0,2,0,3.0,1,1
1,2.0,99,0,0,0,5,5,0,1,1,1,1,1,1,0,12,0,3.0,1,1
0,24.0,21,107,1,1,2,0,2,0,1,1,1,0,1,0,2,0,1.0,1,1
1,18.0,100,0,1,0,1,1,1,0,0,0,0,0,1,300,7,0,3.0,1,1
0,8.0,136,0,1,0,1,2,1,0,1,1,1,0,1,0,4,0,1.0,1,1
1,1.0,100,0,0,0,6,0,0,0,1,1,1,0,1,0,2,0,4.0,1,1
0,2.0,137,33,0,0,1,0,1,0,1,1,1,0,1,0,2,0,1.0,1,1
1,8.0,100,0,1,4,0,0,1,0,1,1,1,0,2,0,12,0,6.0,1,1
1,4.0,100,0,0,0,6,0,1,1,1,1,1,0,1,0,2,0,3.0,1,1
1,5.0,100,0,0,0,6,0,1,0,1,0,1,0,1,0,2,0,4.0,1,1
1,2.0,99,0,0,0,6,0,0,1,1,1,1,0,3,0,12,0,2.0,0,1
1,1.0,99,0,1,0,6,0,0,0,1,1,1,0,1,0,12,0,3.0,0,1
0,6.0,136,0,0,0,0,0,1,0,2,2,2,0,1,0,12,0,2.0,1,1
0,1.0,136,0,1,0,1,0,1,1,1,1,1,0,1,0,3,0,2.0,1,1
1,1.0,100,0,2,0,3,5,0,0,1,1,1,0,3,0,2,0,2.0,0,1
0,3.0,21,107,1,6,0,0,1,1,2,2,2,0,1,0,2,0,1.0,1,1
0,2.0,136,0,1,6,0,0,1,0,1,1,1,0,7,0,4,0,5.0,1,1
1,8.0,102,78,0,6,0,0,1,0,0,0,0,0,2,0,2,1,7.0,1,1
1,12.0,115,0,1,3,6,0,1,1,2,1,2,0,1,1,12,0,3.0,1,1
1,5.0,100,0,0,1,6,0,1,0,1,1,1,0,1,0,12,0,1.0,1,1
1,7.0,100,0,0,0,6,0,1,0,0,0,2,0,1,0,12,0,1.0,0,1
1,4.0,100,0,2,0,5,5,1,0,1,0,1,0,4,0,2,0,1.0,1,1
1,2.0,100,0,1,1,6,0,1,0,1,0,1,1,1,0,2,0,5.0,1,1
1,12.0,100,0,1,6,0,0,1,0,1,1,1,0,1,0,2,0,4.0,1,1
0,4.0,25,107,2,0,1,0,1,0,1,1,1,0,3,0,2,0,3.0,1,1
0,3.0,136,14,1,1,0,0,1,0,0,0,1,0,1,0,2,0,4.0,1,1
1,0.0,100,0,2,0,0,0,0,0,1,1,1,0,5,0,12,0,2.0,1,1
0,4.0,51,0,0,0,1,5,1,0,0,0,1,0,1,350,2,0,1.0,1,1
0,1.0,136,33,1,0,1,0,1,0,1,0,1,1,1,0,2,0,10.0,1,1
0,1.0,136,0,0,0,6,0,1,0,1,1,1,0,1,50,2,2,4.0,0,1
1,3.0,100,77,2,0,4,5,1,1,0,0,1,0,2,0,12,0,11.0,1,1
1,12.0,91,69,1,0,1,2,1,1,1,0,0,0,2,0,2,0,6.0,1,1
0,2.0,52,107,1,0,1,0,1,0,0,0,1,0,1,0,2,0,3.0,1,1
1,0.0,129,0,1,1,5,0,1,0,1,1,1,0,1,0,2,0,3.0,1,1
1,0.0,100,0,2,0,5,5,0,0,2,2,2,0,4,0,12,0,5.0,1,1
1,4.0,100,0,0,2,6,0,1,0,0,0,0,0,1,0,2,0,3.0,1,1
1,3.0,100,0,1,6,0,0,0,0,1,1,1,0,1,0,3,0,3.0,1,1
0,3.0,136,0,1,0,1,0,1,1,0,0,0,0,1,0,2,0,3.0,1,1
1,12.0,100,0,0,5,6,0,1,0,0,0,0,0,1,0,2,0,5.0,1,1
0,4.0,21,107,1,0,4,0,1,1,0,0,1,0,1,0,2,0,2.0,1,1
0,7.0,136,4,1,0,1,0,1,1,0,0,0,0,1,0,7,0,3.0,1,1
0,2.0,136,0,1,0,1,0,1,0,1,0,1,0,1,0,2,0,3.0,1,1
1,12.0,99,0,1,2,3,5,0,1,0,0,0,0,1,0,3,0,2.0,1,1
0,96.0,21,0,2,2,4,0,2,0,0,0,0,0,2,0,2,0,7.0,1,1
0,2.0,136,0,0,0,0,0,1,0,1,2,1,0,1,0,2,0,4.0,1,1
0,96.0,160,0,1,1,0,0,1,1,0,2,2,0,1,50,12,0,1.0,1,1
0,24.0,136,0,0,0,3,0,1,1,2,2,2,0,1,0,12,0,4.0,1,1
0,3.0,136,107,0,0,1,5,2,0,2,0,2,0,1,50,12,0,2.0,1,1
0,3.0,136,0,1,1,6,0,1,0,1,0,1,0,1,0,3,0,3.0,1,1
1,1.0,80,0,0,0,6,0,0,0,1,1,1,0,1,0,12,0,2.0,1,1
1,24.0,129,0,0,3,0,0,1,1,2,2,2,1,1,1,9,0,2.0,1,1
1,2.0,100,0,1,0,1,5,0,1,1,1,1,0,1,0,2,0,1.0,0,1
0,12.0,136,107,1,1,3,5,1,1,0,0,0,0,1,0,12,1,2.0,1,1
0,5.0,12,0,1,4,6,0,1,0,0,0,1,0,1,0,2,0,1.0,1,1
0,1.0,136,0,1,0,6,0,2,0,1,1,1,0,1,0,12,0,1.0,1,1
0,77.0,48,0,0,5,0,0,1,0,0,0,0,0,1,0,12,0,3.0,1,1
0,3.0,136,0,2,1,0,0,1,0,1,1,1,0,4,0,2,0,5.0,0,1
0,1.0,136,0,1,0,2,0,1,1,0,0,1,0,1,0,2,0,7.0,1,1
1,3.0,99,0,0,5,6,0,1,1,0,0,1,0,1,50,2,0,7.0,1,1
1,11.0,100,0,1,1,3,4,1,0,0,0,0,0,1,100,12,0,1.0,1,1
0,2.0,136,0,0,1,2,5,1,0,1,0,1,0,1,0,2,0,5.0,1,1
0,60.0,57,0,0,6,0,0,0,2,2,2,0,0,1,0,12,0,3.0,1,1
0,2.0,136,107,1,0,1,3,1,1,1,1,1,0,3,0,2,0,3.0,1,1
0,4.0,136,0,0,0,1,1,0,1,0,0,1,0,1,100,12,0,4.0,1,1
0,1.0,136,0,0,0,1,0,1,1,1,1,1,0,1,0,12,0,1.0,1,1
1,60.0,117,78,0,2,4,5,1,2,0,0,0,2,1,0,12,0,14.0,1,1
0,3.0,136,0,0,1,0,0,1,0,0,0,1,0,1,0,2,0,4.0,1,1
0,60.0,14,0,0,1,0,0,2,2,0,0,0,0,1,350,2,0,2.0,1,1
1,10.0,80,0,0,0,5,5,1,1,0,1,1,0,1,0,2,0,3.0,1,1
1,4.0,129,0,0,3,6,0,1,0,0,0,2,0,1,0,2,0,2.0,1,1
0,2.0,136,0,0,0,1,0,1,0,1,1,1,0,1,0,12,0,5.0,0,1
0,2.0,136,0,1,1,6,0,1,0,1,0,1,0,1,0,4,0,1.0,1,1
0,2.0,136,51,0,0,1,0,1,1,0,0,1,0,1,0,2,0,4.0,1,1
0,2.0,157,122,2,0,1,5,0,1,0,2,2,0,5,0,2,0,1.0,1,1
0,13.0,136,0,0,0,1,1,2,2,0,0,2,0,1,0,12,0,0.0,1,1
1,7.0,99,0,1,5,6,0,1,1,0,0,0,0,1,0,2,0,3.0,1,1
1,2.0,99,0,2,0,3,4,1,1,1,0,2,0,9,0,2,0,5.0,0,1
0,2.0,136,0,0,1,0,0,1,0,1,0,1,0,1,0,2,0,3.0,1,1
0,52.0,13,0,0,0,4,4,1,1,0,0,1,0,1,100,12,0,5.0,1,1
0,15.0,24,0,1,6,0,0,0,1,0,0,0,0,1,0,2,0,2.0,1,1
1,4.0,99,0,1,6,0,0,1,1,1,1,1,0,1,100,2,0,5.0,1,1
1,24.0,125,100,2,0,1,5,1,1,2,2,2,0,5,0,7,0,0.0,1,1
1,1.0,100,0,2,0,2,2,0,0,1,1,1,0,3,50,12,0,5.0,1,1
0,0.0,136,0,1,0,1,5,1,1,0,0,0,0,1,0,12,0,1.0,0,1
0,3.0,136,0,0,1,0,0,1,0,0,0,1,0,1,0,2,0,1.0,1,1
0,2.0,136,0,1,0,4,5,1,0,0,0,1,0,3,0,7,0,13.0,1,1
0,3.0,136,0,1,0,6,0,1,0,0,2,2,0,1,0,3,0,1.0,1,1
0,12.0,157,107,0,0,6,0,0,0,2,2,0,0,1,0,12,0,2.0,1,1
1,6.0,100,0,0,4,6,0,1,0,1,1,1,0,1,0,2,0,4.0,1,1
1,6.0,99,0,1,1,3,5,0,1,0,0,0,0,1,0,12,0,2.0,1,1
1,2.0,122,0,2,4,5,5,0,0,1,1,1,0,4,0,12,0,2.0,0,1
1,3.0,100,0,1,3,6,0,0,0,1,1,1,0,1,0,12,0,0.0,1,1
1,6.0,117,76,1,2,5,5,0,2,0,0,1,0,2,350,12,0,4.0,1,1
0,4.0,58,0,0,0,6,0,2,1,2,2,2,0,1,0,2,0,1.0,1,1
1,1.0,99,0,1,4,0,0,0,1,1,1,1,0,1,0,2,2,4.0,1,1
1,29.0,100,0,0,5,0,0,1,0,0,0,0,0,1,30,2,0,4.0,1,1
0,2.0,136,0,1,1,0,0,1,1,0,0,1,0,1,0,2,0,1.0,1,1
0,4.0,136,0,0,1,0,0,1,0,0,0,1,1,1,0,2,0,1.0,1,1
1,14.0,99,0,0,0,3,5,1,1,0,0,1,0,2,0,2,0,7.0,1,1
0,4.0,136,6,0,2,3,3,1,0,1,1,1,0,1,0,2,0,6.0,1,1
1,1.0,100,0,2,0,1,3,1,0,1,0,1,0,4,0,2,0,4.0,0,1
0,1.0,136,107,1,0,1,0,1,1,1,1,1,0,1,0,2,0,1.0,1,1
0,12.0,38,0,0,4,0,0,0,1,2,2,2,0,1,0,12,0,1.0,1,1
1,5.0,109,97,0,0,6,0,2,1,1,0,1,0,1,50,2,0,5.0,1,1
1,1.0,100,92,1,0,6,0,0,1,1,0,1,0,1,0,12,0,2.0,0,1
1,3.0,100,0,1,0,6,0,1,0,2,2,2,0,1,0,3,0,2.0,1,1
1,3.0,99,0,1,4,5,5,1,1,0,1,1,0,1,0,2,0,5.0,1,1
0,2.0,94,107,2,0,1,1,1,1,1,1,1,0,8,0,2,0,15.0,1,1
0,2.0,136,0,0,0,5,5,0,0,1,1,1,0,3,0,7,0,3.0,0,1
1,5.0,99,0,2,3,5,5,1,1,1,1,1,0,2,0,2,0,7.0,1,1
1,3.0,100,0,0,0,0,0,0,0,1,0,1,0,1,0,12,0,1.0,1,1
0,1.0,136,0,0,0,6,0,1,1,2,2,1,0,1,0,2,0,1.0,1,1
1,3.0,99,77,1,5,6,0,0,1,1,1,1,0,1,0,2,0,12.0,1,1
1,7.0,100,0,1,1,4,0,1,1,0,0,1,0,2,0,2,0,3.0,1,1
0,14.0,21,107,0,6,0,0,1,1,1,1,1,0,1,0,2,0,4.0,1,1
0,16.0,65,107,1,0,1,0,1,0,0,0,0,0,1,300,2,0,1.0,1,1
1,2.0,100,78,2,0,6,0,0,0,2,2,2,0,3,0,2,0,2.0,1,1
0,48.0,8,0,0,2,0,0,2,1,0,0,0,0,1,200,2,0,3.0,1,1
0,3.0,62,107,1,0,6,0,1,0,2,0,1,0,3,0,2,0,10.0,1,1
1,1.0,99,78,2,1,2,0,1,0,1,1,1,0,3,0,2,0,0.0,1,1
1,2.0,122,0,1,1,4,0,1,0,1,1,1,0,2,0,12,0,4.0,1,1
0,3.0,136,107,2,0,3,0,1,0,1,1,1,0,2,0,4,0,5.0,1,1
1,6.0,100,0,1,6,0,0,1,0,0,0,1,0,1,0,2,0,2.0,1,1
0,2.0,136,0,1,1,4,0,1,0,0,0,1,0,1,0,2,0,5.0,0,1
0,2.0,136,107,2,1,0,0,1,0,1,1,1,0,2,0,12,0,1.0,1,1
1,14.0,91,0,1,0,2,5,0,0,0,0,0,0,1,0,2,0,1.0,1,1
0,3.0,136,107,2,0,1,0,1,1,1,1,1,0,6,0,12,0,5.0,1,1
1,5.0,100,0,1,0,4,5,1,0,1,0,1,0,3,0,12,0,5.0,1,1
0,4.0,16,107,0,4,0,0,1,0,1,0,1,1,1,0,2,0,1.0,1,1
0,2.0,136,0,1,1,0,0,1,0,2,0,1,0,1,0,12,0,0.0,1,1
1,12.0,99,0,1,5,0,0,1,1,0,0,0,0,1,0,12,0,2.0,1,1
1,5.0,100,78,0,5,0,0,0,0,1,1,1,0,1,0,12,0,3.0,1,1
1,3.0,100,0,2,5,0,0,1,0,0,0,1,0,2,100,12,0,4.0,1,1
0,2.0,136,0,1,0,1,5,1,0,2,0,1,0,1,0,12,0,2.0,1,1
1,6.0,100,0,1,1,3,5,1,0,0,0,0,0,1,0,2,0,5.0,1,1
0,12.0,136,0,1,1,2,0,1,1,0,0,0,0,1,0,2,0,2.0,1,1
1,5.0,100,0,2,0,1,0,1,0,1,0,1,0,7,0,2,0,9.0,0,1
0,2.0,136,0,1,0,6,0,0,0,1,0,1,0,1,0,2,0,4.0,1,1
1,3.0,98,77,0,2,3,3,0,1,1,0,1,0,1,0,2,0,5.0,0,1
0,2.0,136,0,0,1,0,0,1,0,1,0,1,0,1,0,2,0,1.0,1,1
0,36.0,8,0,1,3,4,5,1,1,0,0,0,0,1,0,12,0,1.0,1,1
1,2.0,100,0,1,0,1,1,0,1,1,0,1,1,1,0,2,0,4.0,1,1
0,24.0,136,0,1,4,0,0,1,1,0,0,0,0,20,0,5,0,1.0,1,1
1,7.0,100,0,1,1,6,0,1,1,1,1,1,0,3,0,12,0,3.0,1,1
0,2.0,136,0,1,0,1,5,1,1,1,1,1,0,1,20,3,0,1.0,1,1
1,2.0,100,69,2,0,2,5,0,0,1,0,1,0,5,20,12,0,5.0,1,1
0,1.0,136,0,0,0,0,0,1,1,1,0,1,0,1,0,2,0,4.0,1,1
0,12.0,136,0,1,1,0,0,1,1,1,1,1,0,1,0,12,0,1.0,1,1
0,24.0,136,0,0,0,1,0,1,0,1,1,1,0,1,0,3,0,3.0,1,1
1,0.0,100,0,2,4,6,0,0,0,1,1,1,0,5,0,12,0,7.0,1,1
0,2.0,136,0,2,0,1,1,1,1,0,0,1,0,6,0,2,0,5.0,1,1
0,1.0,136,0,0,0,1,0,1,0,2,2,2,0,1,0,2,0,4.0,1,1
0,12.0,136,0,1,6,0,0,1,1,0,0,0,0,1,0,2,0,4.0,1,1
0,24.0,44,0,0,0,1,0,2,0,0,0,0,0,1,0,2,0,3.0,1,1
0,24.0,136,0,0,0,1,2,1,1,1,0,1,0,1,100,2,0,2.0,1,1
0,1.0,136,0,2,0,1,5,1,0,1,1,1,0,6,35,4,0,0.0,1,1
0,2.0,136,0,1,0,0,0,1,0,1,0,1,0,1,0,12,0,6.0,1,1
1,4.0,100,78,2,0,6,0,0,0,1,1,1,0,3,0,2,0,2.0,1,1
1,6.0,116,90,1,1,2,4,1,0,0,0,0,0,2,0,12,0,4.0,1,1
1,24.0,100,0,1,0,3,5,1,0,2,2,1,0,1,50,2,0,1.0,1,1
0,60.0,51,0,0,0,1,5,1,1,1,0,1,1,1,0,12,0,5.0,1,1
0,2.0,136,0,1,1,0,0,1,0,1,1,1,0,4,0,5,0,5.0,1,1
0,1.0,26,107,1,1,5,5,1,0,1,1,1,0,1,0,6,0,3.0,1,1
0,1.0,136,0,1,0,1,0,1,0,2,2,2,0,1,0,2,0,2.0,1,1
0,2.0,136,0,1,1,6,0,1,0,0,0,1,0,1,0,2,0,4.0,1,1
0,12.0,136,0,1,1,0,0,1,1,0,0,0,0,1,0,2,0,4.0,1,1
0,2.0,136,0,2,0,1,5,1,0,1,1,1,0,4,0,12,0,1.0,1,1
0,1.0,136,0,0,6,0,0,1,0,1,1,1,0,1,0,2,0,2.0,1,1
1,2.0,100,0,2,0,4,5,2,0,1,1,1,0,8,0,7,0,1.0,1,1
1,2.0,99,78,0,0,0,0,2,1,1,1,1,0,1,15,2,0,2.0,1,1
0,1.0,136,0,1,0,0,0,1,0,0,0,1,0,1,1,2,0,4.0,1,1
1,60.0,120,0,0,5,0,0,2,1,0,0,0,0,1,300,2,0,14.0,0,1
0,3.0,28,0,1,1,0,0,0,0,0,0,1,0,1,220,2,0,2.0,1,1
0,24.0,136,0,1,6,0,0,1,1,0,0,0,0,2,0,2,0,3.0,1,1
1,2.0,100,0,1,0,1,1,1,0,1,0,1,0,1,0,12,0,1.0,1,1
0,1.0,136,107,0,1,0,0,1,1,1,1,1,0,1,0,3,0,6.0,1,1
0,24.0,44,0,1,0,1,0,3,0,0,0,0,0,1,0,2,0,2.0,1,1
0,3.0,136,0,0,0,6,0,1,0,0,0,0,0,1,0,2,0,3.0,1,1
1,5.0,99,84,0,0,6,0,1,1,1,0,1,0,1,0,2,0,2.0,1,1
0,1.0,136,0,2,0,1,3,1,0,1,1,1,0,8,0,2,0,24.0,1,1
1,2.0,129,0,1,1,3,4,0,0,1,0,1,0,1,0,2,0,5.0,1,1
1,3.0,129,0,1,5,0,0,1,1,1,0,1,0,1,0,2,0,1.0,1,1
1,12.0,99,0,1,3,4,0,0,1,2,2,1,0,1,0,12,0,3.0,1,1
0,12.0,136,0,0,1,4,5,1,0,2,2,0,0,2,0,2,0,6.0,1,1
0,3.0,136,0,2,1,4,5,1,0,1,1,1,0,4,0,4,0,2.0,1,1
0,2.0,136,0,1,1,0,0,1,1,1,0,1,0,1,0,2,0,1.0,1,1
0,3.0,136,0,1,0,1,0,2,0,0,0,1,0,1,0,2,0,2.0,1,1
0,1.0,136,0,1,0,1,0,2,0,1,1,1,0,1,50,2,0,2.0,1,1
1,24.0,122,0,1,1,4,0,1,0,1,0,1,0,1,100,2,0,8.0,1,1
1,12.0,100,0,1,0,3,5,1,0,1,1,1,0,1,0,12,0,1.0,1,1
1,2.0,100,0,0,2,6,0,0,0,0,0,1,0,1,0,2,0,2.0,0,1
1,5.0,129,0,1,0,1,1,1,0,1,1,1,0,1,0,2,0,2.0,1,1
1,5.0,129,63,1,0,5,5,1,1,1,1,1,0,1,0,2,0,7.0,1,1
0,2.0,158,107,1,0,1,0,1,0,0,0,1,0,1,0,2,0,4.0,1,1
0,7.0,136,107,1,1,0,0,1,1,0,0,0,0,1,0,12,0,3.0,1,1
1,5.0,99,77,2,0,1,5,1,1,0,0,1,0,2,0,2,0,5.0,1,1
0,12.0,156,39,0,0,1,0,0,1,0,0,2,0,2,0,2,0,2.0,1,1
1,2.0,99,0,2,0,2,0,0,1,1,1,1,0,3,0,6,0,1.0,1,1
0,2.0,136,0,1,0,1,0,1,0,0,0,1,0,1,0,12,0,28.0,1,1
1,24.0,99,0,2,0,1,0,0,1,1,1,1,0,6,0,12,0,5.0,1,1
1,2.0,88,0,0,5,0,0,0,0,1,0,1,0,1,0,3,1,1.0,1,1
1,2.0,99,0,1,0,5,5,1,1,1,0,1,1,1,0,2,0,3.0,1,1
1,1.0,100,0,1,0,6,0,1,0,1,1,1,0,1,0,12,0,1.0,1,1
0,0.0,136,0,2,6,0,0,0,0,1,1,1,0,4,0,2,0,1.0,1,1
0,2.0,136,0,2,0,1,5,1,0,0,0,2,0,3,0,12,0,3.0,1,1
1,2.0,100,0,2,2,5,5,1,0,1,0,1,0,3,0,12,0,2.0,0,1
1,6.0,129,0,2,0,1,5,1,1,0,0,0,0,3,0,2,0,3.0,1,1
1,3.0,100,0,1,3,6,0,1,0,0,0,1,0,2,0,2,0,5.0,1,1
0,48.0,5,107,1,0,1,0,2,0,0,0,0,0,1,0,2,0,2.0,1,1
1,3.0,100,0,0,0,5,0,1,0,1,0,1,0,1,0,2,0,2.0,1,1
1,3.0,100,92,0,0,1,5,0,1,1,1,1,0,3,0,4,0,6.0,1,1
0,6.0,8,0,0,2,0,0,2,2,0,0,1,0,1,0,2,0,1.0,1,1
0,1.0,136,0,0,0,6,0,0,0,2,2,2,0,1,0,5,0,4.0,1,1
1,1.0,99,101,0,0,1,5,1,1,1,0,1,0,1,0,2,0,8.0,1,1
1,2.0,100,0,0,3,6,0,1,1,1,1,1,0,1,0,2,0,3.0,1,1
0,3.0,136,0,0,0,1,5,1,0,1,0,1,0,1,0,1,0,2.0,1,1
0,9.0,136,0,1,6,0,0,1,1,0,0,0,0,1,0,2,0,2.0,1,1
1,3.0,100,0,1,2,6,0,1,0,1,1,1,0,1,10,10,0,2.0,1,1
0,3.0,136,0,2,0,1,0,1,1,0,0,2,0,4,0,0,0,1.0,1,1
1,3.0,99,0,1,1,6,0,0,1,0,0,1,0,1,0,2,0,3.0,1,1
0,2.0,65,107,1,2,0,0,1,0,0,0,1,0,1,0,12,0,5.0,1,1
0,1.0,136,0,1,0,1,5,0,0,2,2,1,0,1,0,1,0,3.0,1,1
0,4.0,136,107,1,1,0,0,1,0,0,0,1,0,1,0,2,0,4.0,1,1
0,2.0,136,0,0,0,1,0,0,0,0,0,1,0,1,0,3,0,5.0,1,1
0,24.0,136,107,1,1,6,0,2,0,1,1,2,0,1,0,12,0,3.0,1,1
0,5.0,136,107,0,1,0,0,1,1,0,0,1,0,1,0,2,0,2.0,1,1
1,8.0,100,0,0,4,6,0,1,0,0,2,0,0,1,200,4,0,3.0,1,1
0,7.0,155,107,1,4,0,0,1,0,0,0,0,0,1,120,12,1,25.0,1,1
1,2.0,117,77,0,5,6,0,1,2,1,0,1,0,1,150,2,0,6.0,1,1
0,3.0,136,0,1,2,4,0,1,0,0,0,1,0,1,0,2,0,2.0,1,1
0,24.0,33,116,0,1,0,0,0,0,0,0,0,0,1,0,2,0,3.0,1,1
0,36.0,136,0,0,0,1,0,1,0,1,1,1,0,1,0,3,0,1.0,1,1
0,7.0,136,0,0,0,0,0,1,1,1,1,1,0,1,0,2,0,1.0,1,1
0,2.0,136,0,1,4,6,0,1,1,1,0,1,0,1,0,2,0,6.0,1,1
0,2.0,136,6,1,0,1,3,1,0,0,0,1,0,1,0,2,0,16.0,1,1
0,3.0,21,39,1,0,1,0,1,1,2,2,1,0,1,0,3,0,2.0,1,1
1,5.0,99,63,0,0,1,0,1,1,1,1,1,0,1,150,2,0,3.0,1,1
0,3.0,44,107,1,1,4,0,1,0,1,0,1,0,1,0,3,0,11.0,1,1
0,3.0,136,0,0,1,6,0,2,0,1,0,1,0,1,0,2,0,11.0,1,1
0,8.0,38,107,0,6,0,0,1,1,2,2,2,0,1,0,12,0,1.0,1,1
0,4.0,136,0,0,0,1,0,1,1,1,0,1,1,1,0,2,0,5.0,1,1
0,1.0,136,0,1,4,6,0,1,1,1,1,1,0,1,0,3,0,2.0,1,1
0,4.0,136,0,0,0,1,4,1,0,0,0,1,0,1,0,2,0,1.0,1,1
1,12.0,100,92,2,0,1,0,1,2,1,1,1,0,4,0,12,0,2.0,1,1
1,6.0,100,0,0,0,5,0,1,0,0,0,0,1,1,0,2,0,8.0,1,1
0,12.0,28,107,0,0,0,0,1,0,1,0,0,0,1,0,12,0,2.0,1,1
0,1.0,136,0,1,0,1,5,0,1,0,0,1,0,1,0,4,0,5.0,1,1
0,1.0,139,14,2,0,1,5,1,1,2,2,2,0,6,0,12,0,7.0,1,1
0,2.0,136,0,1,0,0,0,1,1,1,0,1,0,1,0,2,0,2.0,1,1
1,4.0,100,0,2,0,2,5,1,0,1,1,1,0,3,0,12,0,6.0,1,1
1,3.0,129,0,0,3,6,0,1,0,2,2,2,0,1,0,7,0,4.0,1,1
0,36.0,65,28,0,0,4,4,1,1,0,0,0,0,1,200,2,0,2.0,1,1
0,1.0,21,107,1,4,0,0,2,0,2,2,1,0,1,0,2,0,2.0,1,1
1,73.0,117,92,1,1,4,5,1,2,0,0,0,0,1,350,2,0,3.0,1,1
1,7.0,135,106,0,0,1,0,1,0,1,0,1,0,1,0,2,0,1.0,1,1
1,2.0,98,0,0,2,6,0,1,2,1,0,1,0,1,0,2,0,2.0,1,1
0,24.0,136,0,1,1,0,0,2,1,2,2,2,0,1,0,3,0,3.0,0,1
0,17.0,57,0,0,6,0,0,1,0,0,0,1,0,1,155,12,0,0.0,1,1
1,2.0,100,0,1,0,3,0,0,0,1,1,1,0,2,0,2,0,4.0,1,1
0,3.0,136,14,1,0,0,0,1,0,0,0,1,0,1,0,2,0,13.0,1,1
1,12.0,100,0,1,2,0,0,0,0,0,0,0,0,1,0,2,0,2.0,1,1
0,15.0,136,0,1,1,0,0,1,0,0,0,0,0,1,250,12,0,2.0,1,1
1,2.0,100,0,1,0,1,5,0,0,1,1,1,0,4,0,12,0,4.0,1,1
0,12.0,136,123,0,0,1,0,1,0,2,2,2,0,1,0,12,0,2.0,0,1
1,3.0,100,0,2,0,1,4,1,0,0,0,1,0,5,0,2,0,7.0,1,1
0,4.0,136,0,2,1,0,0,1,1,0,0,0,0,3,0,2,0,3.0,1,1
0,3.0,136,0,1,1,0,0,2,1,0,1,1,0,1,0,2,0,0.0,1,1
0,1.0,136,0,2,0,1,5,2,1,1,1,1,0,6,0,2,7,21.0,0,1
1,2.0,100,0,0,0,3,5,1,0,1,1,1,0,1,50,2,0,3.0,1,1
0,1.0,136,0,1,4,0,0,1,1,2,2,2,0,2,0,0,0,1.0,0,1
0,2.0,136,107,0,0,0,0,1,0,1,1,1,0,1,80,2,0,9.0,1,1
0,1.0,136,0,1,0,1,0,0,1,1,1,1,0,2,0,2,0,4.0,0,1
0,3.0,136,0,2,0,0,0,1,0,1,1,1,0,2,0,2,0,2.0,1,1
1,1.0,129,0,1,5,0,0,1,0,1,0,1,0,1,0,2,0,5.0,1,1
1,36.0,129,0,1,5,0,0,0,0,0,0,0,0,1,0,12,0,1.0,1,1
1,3.0,100,0,0,5,6,0,1,0,1,1,1,0,1,0,2,0,9.0,1,1
0,1.0,136,0,1,3,0,0,1,0,0,0,1,0,1,40,2,0,1.0,0,1
0,49.0,136,46,1,1,2,0,1,1,0,0,0,0,1,9,2,0,2.0,1,1
0,5.0,136,107,1,1,0,0,1,0,1,0,0,0,1,0,12,0,10.0,1,1
1,4.0,99,0,1,0,2,2,1,1,1,1,1,0,1,0,12,0,2.0,1,1
0,4.0,136,0,1,0,6,0,1,1,1,0,1,0,2,0,2,0,6.0,1,1
0,2.0,136,107,1,0,1,0,1,0,1,1,1,0,2,0,2,0,2.0,0,1
0,24.0,136,0,0,0,1,0,2,1,0,0,1,0,1,0,12,1,1.0,1,1
1,3.0,80,0,1,1,0,0,0,0,0,0,1,0,1,0,7,0,1.0,1,1
0,24.0,136,0,1,0,1,0,0,1,0,0,0,0,1,100,3,0,3.0,1,1
0,9.0,136,0,0,1,6,0,1,0,0,0,1,0,1,0,2,0,1.0,1,1
0,2.0,136,0,1,2,3,0,1,1,1,1,1,0,1,0,2,0,2.0,1,1
0,2.0,136,0,1,0,2,0,1,1,0,0,1,0,1,0,2,0,4.0,1,1
1,3.0,100,0,1,1,6,0,0,0,1,0,1,0,1,0,12,0,5.0,1,1
1,60.0,117,76,1,1,4,4,2,2,0,0,0,0,1,0,10,0,2.0,1,1
1,5.0,129,78,0,2,6,0,1,0,1,0,1,0,1,0,12,0,8.0,1,1
0,6.0,5,107,1,0,1,0,1,1,1,0,0,0,1,200,2,0,2.0,1,1
0,24.0,51,0,0,1,4,5,1,0,0,0,0,0,1,0,12,0,1.0,1,1
1,4.0,99,0,0,2,0,0,0,1,1,1,1,0,1,0,12,0,1.0,1,1
0,24.0,136,0,0,0,6,0,1,1,0,0,1,0,1,0,2,0,2.0,1,1
0,3.0,136,0,2,0,6,0,1,1,0,0,1,0,2,0,2,0,2.0,1,1
0,1.0,136,0,1,1,4,0,1,0,1,1,1,0,1,0,2,0,3.0,1,1
0,60.0,136,0,0,0,2,0,1,0,2,2,2,0,1,0,12,0,3.0,1,1
0,16.0,136,0,1,0,1,5,1,0,0,0,0,0,1,0,7,0,5.0,1,1
1,6.0,100,101,0,1,0,0,1,0,1,0,0,0,1,0,2,0,2.0,1,1
1,3.0,99,0,1,1,2,5,0,1,0,0,1,1,1,0,2,0,4.0,1,1
0,1.0,136,0,1,0,0,0,1,0,1,1,1,0,1,0,3,0,1.0,1,1
1,1.0,99,0,2,0,6,0,0,1,1,1,1,0,5,0,12,0,20.0,1,1
0,132.0,48,0,1,0,0,0,0,0,0,0,0,0,1,0,3,0,1.0,0,1
0,2.0,136,51,0,1,6,0,1,0,1,0,1,0,1,0,2,0,4.0,1,1
0,2.0,136,33,0,0,0,0,1,1,0,0,1,0,1,150,12,0,4.0,1,1
1,4.0,100,101,1,0,1,5,1,1,0,0,0,0,2,100,2,0,2.0,1,1
0,1.0,136,0,1,0,1,0,1,0,1,1,1,0,1,0,2,0,6.0,1,1
0,36.0,136,0,1,3,6,0,1,0,0,0,0,0,1,0,2,0,4.0,1,1
1,12.0,100,0,1,0,6,0,1,0,1,0,1,0,7,0,4,0,5.0,1,1
1,3.0,100,0,1,0,6,0,0,1,1,0,1,0,1,0,12,0,29.0,1,1
1,2.0,98,77,0,0,6,0,0,1,0,0,1,0,1,0,2,0,5.0,1,1
1,1.0,100,0,2,0,3,5,1,0,1,0,1,0,4,0,6,0,4.0,1,1
1,2.0,100,103,1,1,3,4,1,1,1,0,1,0,1,15,12,0,3.0,1,1
1,1.0,100,0,2,0,1,5,0,0,1,1,1,0,13,0,2,1,13.0,1,1
0,6.0,38,0,1,1,0,0,0,1,0,0,1,0,1,350,12,0,2.0,1,1
0,1.0,136,107,1,1,0,0,1,0,0,0,1,0,1,0,2,2,24.0,1,1
1,4.0,100,76,0,0,1,3,1,1,1,1,1,0,1,99,2,0,5.0,1,1
1,60.0,100,0,0,5,0,0,2,0,2,0,0,1,1,0,2,0,1.0,1,1
1,3.0,129,77,0,5,0,0,1,1,0,0,1,0,1,0,2,0,2.0,1,1
1,12.0,91,78,1,3,5,5,1,0,0,0,0,0,1,0,3,0,5.0,1,1
1,2.0,100,0,0,0,6,0,1,1,1,0,1,0,1,0,2,0,4.0,1,1
0,2.0,136,107,2,1,0,0,1,0,1,1,1,0,2,0,5,0,2.0,1,1
1,4.0,117,76,0,1,4,0,1,2,0,0,2,0,1,0,2,0,1.0,1,1
1,12.0,99,101,0,5,6,0,1,1,1,1,1,0,1,0,7,0,6.0,1,1
1,2.0,100,0,0,3,6,0,1,0,0,0,1,0,2,0,2,0,5.0,1,1
0,2.0,136,0,1,1,0,0,1,1,2,2,2,0,1,0,0,0,1.0,1,1
0,3.0,136,0,2,0,4,5,1,0,0,0,1,0,2,0,2,0,4.0,1,1
0,2.0,136,0,2,0,1,5,1,0,0,0,2,0,5,0,3,0,1.0,1,1
0,2.0,136,0,1,0,1,0,1,0,1,0,1,0,1,50,2,0,4.0,1,1
1,2.0,100,0,2,0,0,0,1,1,1,1,1,0,4,0,2,0,3.0,0,1
0,1.0,136,0,2,0,6,0,1,1,1,1,1,0,7,0,4,0,0.0,1,1
1,1.0,129,0,0,2,0,0,2,0,1,1,1,0,1,0,2,0,12.0,1,1
0,3.0,136,0,1,0,1,2,2,1,1,1,0,0,4,0,7,0,4.0,1,1
1,18.0,122,0,1,1,0,0,1,0,1,0,0,0,1,200,12,0,4.0,1,1
0,2.0,136,0,1,1,0,0,1,0,1,0,1,0,1,0,2,0,2.0,1,1
1,9.0,117,77,1,0,5,5,1,1,0,0,0,0,1,0,2,0,3.0,1,1
0,51.0,38,44,1,0,0,0,0,1,0,0,2,0,1,50,12,0,3.0,1,1
1,2.0,100,0,2,4,6,0,0,0,1,1,1,0,4,0,12,0,4.0,1,1
0,1.0,136,0,1,0,1,0,1,0,0,0,1,0,2,0,12,0,5.0,1,1
1,12.0,91,0,1,0,1,5,1,1,0,0,0,0,1,0,12,0,1.0,1,1
0,3.0,136,0,1,0,1,0,1,1,0,0,1,0,1,0,2,0,2.0,1,1
0,3.0,136,107,0,0,0,0,1,0,1,1,1,0,1,0,2,0,2.0,1,1
1,2.0,100,0,0,5,6,0,1,0,1,1,1,0,1,0,2,0,2.0,0,1
1,2.0,98,0,1,0,0,0,2,2,1,0,2,0,1,0,2,0,4.0,1,1
1,24.0,100,78,1,0,1,0,1,0,1,1,1,0,2,0,4,0,0.0,1,1
0,3.0,136,0,1,1,4,5,1,1,0,0,1,0,1,0,2,0,22.0,1,1
0,5.0,52,107,0,1,2,0,2,0,0,0,0,0,1,200,12,0,5.0,1,1
0,4.0,136,0,2,0,1,3,0,1,1,1,1,0,6,0,2,0,1.0,1,1
1,2.0,99,0,1,0,1,0,1,1,1,1,1,0,1,0,2,0,8.0,1,1
1,2.0,100,0,1,0,0,0,1,0,1,1,1,0,1,0,2,1,4.0,1,1
0,2.0,136,0,0,5,6,0,0,0,0,0,1,0,1,0,4,0,6.0,1,1
0,18.0,57,0,1,0,1,5,0,0,0,0,1,0,2,350,2,0,2.0,1,1
0,24.0,136,0,1,0,6,0,1,0,1,0,2,0,1,0,3,0,4.0,1,1
0,2.0,136,107,0,0,1,0,1,0,1,0,1,0,2,0,2,0,2.0,1,1
0,3.0,136,0,1,1,2,0,1,1,0,0,1,0,2,0,12,0,2.0,1,1
1,5.0,100,0,2,5,6,0,0,0,0,0,0,0,2,0,12,0,5.0,1,1
0,36.0,136,0,0,0,6,0,1,0,0,0,0,0,1,0,3,0,4.0,1,1
1,2.0,100,0,0,0,1,0,1,0,1,1,1,0,1,0,12,0,2.0,1,1
0,84.0,33,0,0,6,0,0,0,1,2,2,2,0,1,0,3,0,1.0,0,1
0,29.0,136,0,0,1,0,0,1,1,2,2,2,0,1,0,2,1,1.0,1,1
0,2.0,136,0,2,0,1,5,1,0,0,0,1,0,4,0,2,0,6.0,0,1
1,3.0,100,0,0,0,6,0,1,0,2,2,2,0,1,0,3,0,2.0,1,1
0,36.0,157,0,0,0,5,5,1,0,0,0,0,0,1,100,4,0,4.0,1,1
0,2.0,136,107,0,0,1,0,1,1,0,0,1,0,1,0,2,0,5.0,1,1
1,6.0,100,76,0,3,4,0,1,1,2,0,2,0,1,30,2,0,5.0,1,1
1,12.0,129,0,1,1,2,0,0,0,0,0,0,0,1,0,3,0,1.0,1,1
1,2.0,100,0,1,4,6,0,0,0,0,0,1,0,1,0,2,0,3.0,1,1
0,4.0,136,0,1,0,0,0,0,0,1,1,1,0,1,0,4,0,1.0,1,1
0,6.0,163,6,2,0,2,3,1,1,0,0,1,0,2,0,2,0,4.0,1,1
0,84.0,136,0,1,1,0,0,1,1,2,2,1,1,1,0,2,0,0.0,1,1
1,2.0,99,97,2,4,5,0,1,1,1,1,1,0,5,0,2,0,1.0,1,1
1,12.0,100,0,0,6,0,0,2,0,0,0,0,0,1,0,2,0,2.0,1,1
1,1.0,100,0,0,1,2,2,1,0,1,1,1,0,1,15,2,0,5.0,1,1
1,4.0,99,0,1,0,1,5,1,1,1,0,1,0,1,0,6,0,3.0,1,1
0,48.0,37,0,0,1,2,0,0,1,0,0,1,0,1,0,2,0,3.0,1,1
1,2.0,99,101,0,0,1,4,1,1,0,0,1,0,1,0,3,0,7.0,1,1
1,5.0,100,77,2,1,5,5,0,1,0,0,1,0,3,120,2,0,9.0,1,1
0,2.0,136,0,1,1,0,0,0,0,1,2,2,0,1,0,12,0,2.0,0,1
0,1.0,136,0,1,1,6,0,1,0,1,1,1,0,1,0,4,0,1.0,1,1
0,3.0,136,107,0,2,6,0,1,0,0,0,1,0,1,0,12,0,2.0,1,1
1,7.0,100,0,1,3,4,5,1,0,1,1,1,0,1,50,2,0,2.0,1,1
0,36.0,48,0,2,0,5,5,0,1,0,0,1,0,3,0,2,0,2.0,1,1
1,3.0,100,0,2,1,0,0,1,0,1,1,1,0,2,0,12,0,3.0,1,1
0,2.0,136,0,0,1,0,0,1,0,1,1,1,0,1,0,2,0,1.0,1,1
0,4.0,5,4,0,1,0,0,0,1,2,2,2,0,1,150,2,0,0.0,1,1
1,1.0,109,65,0,0,6,0,3,1,1,0,1,0,1,0,12,2,3.0,1,1
0,1.0,65,107,1,0,1,0,1,0,1,0,1,0,1,0,2,0,2.0,1,1
1,4.0,129,78,0,1,5,5,1,0,0,0,1,0,1,0,12,0,13.0,1,1
0,2.0,136,0,1,0,1,0,1,1,1,1,1,0,1,20,3,0,1.0,1,1
1,12.0,100,0,1,0,0,0,1,1,2,2,2,0,1,0,12,0,6.0,1,1
1,4.0,100,0,1,0,2,4,1,1,1,0,1,0,1,30,2,0,1.0,1,1
0,36.0,136,0,0,1,0,0,2,1,0,0,0,0,1,150,2,0,1.0,1,1
0,1.0,136,0,0,1,0,0,1,0,1,0,1,0,1,0,12,0,5.0,1,1
0,72.0,136,14,0,2,3,5,1,1,2,2,2,0,1,0,2,0,2.0,1,1
0,1.0,136,0,1,0,1,5,1,2,1,1,1,1,1,0,2,0,5.0,1,1
0,5.0,136,107,2,0,6,0,1,0,2,2,1,1,2,0,2,0,5.0,1,1
0,12.0,136,107,1,1,6,0,1,1,0,1,0,1,1,0,12,0,2.0,1,1
0,2.0,136,107,0,6,0,0,1,0,1,1,1,0,1,0,2,0,3.0,1,1
1,1.0,99,0,0,0,1,0,0,1,1,1,1,0,1,0,2,1,1.0,1,1
1,2.0,99,0,1,1,0,0,0,1,2,0,1,0,1,0,2,0,7.0,1,1
1,36.0,57,0,0,1,4,5,1,2,2,2,1,0,1,0,7,0,2.0,1,1
1,1.0,99,0,1,6,0,0,0,1,1,1,1,0,1,0,2,0,3.0,0,1
1,8.0,100,0,1,0,5,0,1,0,1,1,0,0,1,0,2,0,5.0,1,1
0,72.0,62,0,1,6,0,0,1,1,0,0,1,0,1,0,2,0,3.0,1,1
1,2.0,99,0,0,2,3,0,0,1,1,0,1,0,1,0,12,0,3.0,1,1
0,36.0,147,0,0,1,0,0,0,0,0,0,1,1,1,0,2,0,3.0,1,1
0,2.0,75,107,0,1,0,0,1,0,2,2,1,0,1,0,2,0,3.0,1,1
1,4.0,99,0,1,0,6,0,0,1,2,2,1,0,1,50,2,0,3.0,1,1
0,14.0,136,0,0,1,0,0,2,1,0,0,0,0,1,0,7,0,3.0,1,1
1,3.0,117,76,2,1,3,4,0,1,1,1,1,0,4,30,12,0,5.0,1,1
1,8.0,98,0,1,6,0,0,0,1,1,0,0,0,1,100,2,0,2.0,1,1
0,12.0,136,107,1,3,6,0,1,1,0,0,1,0,1,0,3,0,3.0,1,1
0,1.0,136,0,1,1,0,0,1,0,2,2,1,0,1,0,2,0,4.0,1,1
0,8.0,136,0,1,1,6,0,1,0,1,1,1,1,1,0,0,0,1.0,0,1
1,2.0,99,0,1,0,5,5,1,1,1,1,1,0,3,0,5,0,5.0,1,1
1,41.0,99,0,1,0,6,0,1,1,0,0,0,0,1,0,12,0,6.0,1,1
0,2.0,136,107,2,0,1,5,2,0,1,1,1,0,6,0,2,1,5.0,1,1
0,2.0,136,0,1,0,3,0,1,0,0,0,1,0,1,0,2,0,4.0,1,1
0,60.0,147,0,1,0,6,0,0,0,0,0,1,0,1,100,3,0,6.0,1,1
0,3.0,136,0,1,1,0,0,1,0,0,0,1,0,1,0,2,0,7.0,0,1
1,1.0,99,78,1,1,0,0,0,1,0,0,1,0,1,0,2,0,6.0,1,1
0,24.0,136,107,1,1,6,0,1,1,0,0,0,0,1,0,2,0,10.0,0,1
0,18.0,65,0,1,4,0,0,1,1,2,2,0,0,1,0,2,0,3.0,1,1
0,4.0,136,0,0,0,1,0,1,0,0,0,1,0,1,0,5,0,3.0,1,1
1,12.0,99,77,0,3,0,0,1,2,1,1,1,0,1,0,4,0,5.0,1,1
1,1.0,99,0,0,6,0,0,0,1,1,1,1,0,1,0,0,0,3.0,0,1
1,5.0,100,0,0,4,0,0,1,0,0,0,0,0,1,0,2,0,11.0,1,1
1,1.0,110,0,1,0,1,5,1,0,1,1,1,0,1,0,7,0,1.0,1,1
0,3.0,136,0,0,1,6,0,1,0,1,1,1,0,1,0,12,0,3.0,1,1
0,1.0,136,107,2,0,1,3,1,1,1,1,1,0,6,0,4,0,6.0,1,1
1,15.0,100,0,0,1,6,0,1,0,0,0,0,0,1,100,2,0,9.0,1,1
1,2.0,100,0,1,0,3,5,0,0,1,0,1,0,1,0,12,0,7.0,1,1
1,60.0,84,0,0,0,1,1,2,0,0,0,0,0,1,200,2,0,2.0,1,1
0,2.0,136,0,0,0,1,0,1,1,1,1,1,0,5,0,12,0,3.0,0,1
1,6.0,80,0,0,1,5,5,1,0,1,0,0,0,1,0,12,0,0.0,1,1
1,1.0,98,0,0,0,6,0,0,2,1,1,1,0,1,0,12,0,4.0,1,1
1,2.0,80,0,0,2,0,0,2,1,0,0,1,0,1,0,12,1,4.0,1,1
0,5.0,157,107,1,0,5,5,2,0,0,0,1,0,1,50,2,0,1.0,1,1
1,12.0,100,0,1,3,0,0,1,0,0,0,0,0,1,0,12,0,1.0,1,1
0,72.0,38,51,1,5,0,0,1,1,0,0,0,0,1,200,2,0,1.0,1,1
1,3.0,100,104,1,0,1,3,1,0,0,0,1,0,1,0,2,0,6.0,1,1
1,2.0,99,0,1,0,3,5,1,1,1,1,1,0,1,100,2,0,4.0,1,1
1,36.0,100,0,1,0,0,0,1,0,1,1,1,0,7,0,12,0,3.0,1,1
0,1.0,136,0,2,0,1,5,1,1,1,1,1,0,3,0,2,0,21.0,1,1
1,2.0,100,77,1,1,2,5,1,0,2,2,2,0,1,0,2,0,3.0,1,1
1,12.0,85,0,0,5,6,0,1,1,2,2,2,0,1,0,3,0,6.0,1,1
1,1.0,100,0,2,0,1,5,1,0,1,1,1,0,8,0,2,0,1.0,1,1
0,3.0,136,0,1,0,1,0,1,0,0,0,1,0,1,0,2,1,6.0,1,1
0,11.0,136,14,1,4,0,0,1,1,1,0,0,0,1,0,1,0,2.0,1,1
0,3.0,136,0,1,0,1,0,1,0,1,0,1,0,1,0,2,0,4.0,1,1
0,2.0,136,0,1,0,4,5,1,0,1,0,1,0,1,0,12,0,3.0,1,1
0,3.0,136,0,1,1,0,0,0,0,1,0,1,0,1,0,2,0,5.0,1,1
0,12.0,21,107,1,1,4,5,0,2,0,0,0,0,1,0,2,0,4.0,1,1
0,12.0,136,9,2,1,4,5,1,1,0,0,0,0,2,0,4,0,4.0,1,1
1,7.0,117,0,1,0,2,2,1,1,0,0,1,0,1,0,2,0,2.0,1,1
1,37.0,129,0,2,2,0,0,1,0,0,0,0,0,2,150,2,0,5.0,1,1
0,24.0,33,0,1,1,4,0,0,2,0,0,0,0,1,200,2,0,3.0,1,1
1,2.0,99,0,1,1,6,0,1,0,1,1,1,0,1,0,2,0,2.0,1,1
0,85.0,21,14,0,4,0,0,1,0,0,0,1,0,1,0,2,0,8.0,1,1
1,6.0,98,0,1,4,5,5,1,2,0,0,0,0,1,0,2,1,7.0,1,1
0,4.0,136,0,0,0,1,0,1,0,1,1,1,0,1,0,2,0,2.0,1,1
0,2.0,136,0,1,1,0,0,1,1,1,1,1,0,1,0,12,0,1.0,0,1
0,6.0,136,107,0,0,3,5,2,0,0,0,1,0,1,100,5,0,4.0,1,1
1,2.0,100,0,1,1,0,0,0,0,2,0,1,0,1,0,12,0,3.0,1,1
0,2.0,136,0,0,1,4,0,1,0,1,1,1,0,1,0,2,0,3.0,1,1
1,1.0,100,0,0,1,3,5,0,0,1,1,1,0,1,0,12,0,3.0,1,1
1,24.0,100,0,2,0,1,5,0,0,2,2,1,0,3,0,12,0,5.0,1,1
1,1.0,100,0,1,1,6,0,0,0,1,0,1,0,1,0,3,0,1.0,1,1
0,10.0,28,0,0,0,1,0,0,0,2,0,0,0,1,0,12,0,5.0,1,1
0,2.0,136,107,1,1,0,0,1,1,0,0,2,0,2,0,0,0,1.0,1,1
0,4.0,5,107,0,0,1,0,1,0,0,1,1,0,1,0,2,0,5.0,1,1
1,6.0,100,0,0,1,3,5,0,0,1,1,1,0,3,0,12,0,4.0,0,1
1,1.0,100,0,1,0,1,4,1,0,2,2,2,0,2,0,12,0,3.0,1,1
0,3.0,21,107,1,0,6,0,1,0,1,1,1,0,1,0,1,0,5.0,1,1
1,2.0,99,0,0,1,2,0,1,0,2,0,1,0,1,0,5,0,1.0,1,1
0,12.0,158,107,1,0,3,0,1,0,0,0,0,0,1,0,2,0,4.0,1,1
1,9.0,100,0,0,0,6,0,1,0,1,0,1,0,1,0,12,1,9.0,1,1
0,9.0,136,107,0,0,0,0,1,1,1,0,1,0,1,0,12,0,2.0,1,1
1,72.0,100,0,1,0,6,0,0,0,0,0,0,0,1,0,7,0,1.0,1,1
1,1.0,122,78,1,1,4,0,0,0,1,0,1,0,1,160,2,0,5.0,1,1
1,2.0,99,0,0,0,3,3,2,1,1,0,1,0,1,0,3,0,4.0,1,1
0,2.0,136,107,0,1,0,0,1,1,1,0,1,0,1,0,2,0,4.0,1,1
1,84.0,100,0,0,0,1,5,2,0,1,0,0,1,1,200,2,0,11.0,1,1
0,3.0,136,107,2,0,1,1,1,0,1,0,1,0,3,0,12,0,3.0,1,1
0,9.0,136,50,1,0,1,5,1,1,0,0,0,0,1,0,2,0,7.0,1,1
0,1.0,136,0,2,1,2,3,1,0,0,0,0,0,3,0,2,0,5.0,1,1
0,2.0,136,0,0,0,1,0,1,0,0,0,1,0,1,0,2,0,1.0,1,1
1,2.0,99,0,2,1,5,5,1,1,1,0,1,0,3,0,2,0,1.0,1,1
0,120.0,136,107,1,1,0,0,0,0,2,2,2,0,1,0,12,0,3.0,1,1
1,1.0,99,77,2,0,5,5,0,0,1,1,1,0,2,0,2,0,6.0,1,1
1,1.0,100,77,2,5,0,0,0,1,1,1,2,0,3,0,12,0,3.0,1,1
1,1.0,100,0,2,0,0,0,0,0,1,0,0,0,5,0,2,0,0.0,0,1
1,18.0,99,0,0,6,0,0,1,1,1,1,1,0,1,100,1,0,3.0,1,1
0,18.0,30,19,1,1,6,0,1,1,1,0,1,0,1,0,12,0,3.0,1,1
1,3.0,122,0,1,0,6,0,1,1,1,1,1,0,1,0,2,0,9.0,1,1
0,60.0,28,0,0,1,0,0,0,0,2,2,1,1,1,0,12,0,1.0,1,1
1,12.0,91,0,1,0,2,5,1,0,0,0,0,0,1,0,2,0,1.0,1,1
1,2.0,100,0,0,0,3,5,1,0,1,1,1,0,1,50,2,0,4.0,1,1
1,9.0,100,0,1,5,0,0,1,0,1,0,1,0,1,0,7,0,1.0,1,1
1,4.0,127,0,1,0,1,1,1,1,1,1,1,0,2,0,2,0,2.0,1,1
1,12.0,100,0,1,5,6,0,1,0,1,0,0,0,1,50,2,0,4.0,1,1
1,22.0,100,0,1,0,0,0,1,0,0,0,0,0,1,90,2,0,2.0,1,1
1,2.0,99,0,2,0,1,5,1,1,1,0,1,0,3,0,2,0,1.0,0,1
0,2.0,136,0,1,0,1,0,1,1,1,1,1,0,1,20,3,0,1.0,1,1
0,2.0,136,107,0,0,6,0,1,1,1,0,1,0,1,0,2,0,5.0,1,1
0,2.0,136,0,2,1,0,0,1,0,1,0,1,0,2,0,2,0,4.0,1,1
0,2.0,136,0,1,3,0,0,1,0,1,1,1,0,1,20,3,0,1.0,1,1
0,12.0,8,0,0,2,0,0,2,2,0,0,2,0,1,0,7,0,1.0,1,1
0,12.0,136,0,0,2,0,0,1,0,1,0,1,0,1,0,4,1,6.0,1,1
0,35.0,156,0,0,1,0,0,0,0,0,0,2,0,1,0,2,0,2.0,1,1
0,24.0,44,0,0,0,0,0,3,1,0,0,0,0,1,0,4,0,3.0,1,1
0,2.0,136,107,1,1,6,0,1,1,1,0,1,0,1,0,2,0,4.0,1,1
1,2.0,99,0,1,0,6,0,0,1,1,1,1,0,1,0,12,0,1.0,1,1
0,132.0,16,0,1,1,6,0,0,0,0,0,1,0,1,0,2,0,3.0,1,1
0,1.0,136,107,1,1,6,0,1,1,1,0,1,0,1,0,2,0,1.0,1,1
0,3.0,136,0,1,0,4,0,1,1,1,0,1,0,1,0,2,0,5.0,1,1
1,8.0,98,0,1,0,6,0,1,2,1,0,1,0,1,100,12,0,5.0,1,1
1,1.0,100,0,0,0,6,0,1,0,1,0,1,0,1,0,2,0,6.0,1,1
1,0.0,129,78,2,5,6,0,1,0,1,1,1,0,5,0,2,0,5.0,1,1
0,24.0,136,0,1,1,6,0,1,0,0,0,0,0,1,0,2,0,1.0,1,1
0,3.0,136,0,0,0,2,5,1,0,1,0,1,0,1,0,4,0,1.0,1,1
0,5.0,136,0,1,1,0,0,1,0,0,0,0,0,1,0,12,0,5.0,1,1
0,13.0,58,6,0,0,1,5,2,1,0,0,1,0,1,0,2,0,3.0,1,1
1,4.0,99,0,1,1,0,0,1,1,1,0,1,0,1,0,2,0,2.0,1,1
1,24.0,100,0,1,3,0,0,1,0,2,2,1,0,1,1,0,0,0.0,1,1
1,5.0,99,0,0,4,6,0,0,1,1,1,1,0,1,0,2,0,3.0,1,1
0,48.0,136,0,1,0,1,5,1,1,2,2,2,1,1,0,12,1,5.0,1,1
0,4.0,136,0,1,1,0,0,1,0,0,0,1,0,1,0,2,0,2.0,1,1
0,2.0,136,107,2,1,0,0,1,0,2,2,2,0,2,0,3,0,2.0,1,1
0,2.0,136,0,1,4,0,0,1,0,0,0,1,0,1,0,2,0,1.0,1,1
0,15.0,8,14,1,2,4,0,1,0,2,0,2,0,1,0,3,0,3.0,1,1
0,36.0,136,0,0,1,2,0,1,0,1,1,2,0,1,0,2,0,0.0,1,1
1,2.0,132,78,2,0,1,0,1,0,1,1,1,0,2,0,5,0,2.0,1,1
0,18.0,136,0,1,4,0,0,1,1,0,0,0,0,1,200,2,0,3.0,1,1
0,10.0,136,0,1,1,2,0,1,1,0,0,1,0,2,0,12,0,2.0,1,1
0,2.0,136,0,0,0,6,0,1,0,0,0,1,0,1,0,2,0,1.0,1,1
1,3.0,99,0,1,0,2,5,0,1,1,0,1,0,1,0,3,0,2.0,1,1
1,96.0,120,0,1,5,0,0,3,1,0,0,0,0,3,0,12,0,3.0,1,1
1,2.0,100,0,2,0,3,4,0,0,1,1,1,0,3,0,2,0,9.0,1,1
0,2.0,136,0,0,0,6,0,1,1,1,0,1,0,1,0,3,0,1.0,1,1
0,36.0,8,6,0,2,0,0,2,1,2,2,2,0,1,0,2,0,1.0,0,1
0,4.0,136,4,1,0,1,0,2,0,1,0,1,0,1,0,12,0,20.0,1,1
0,2.0,136,0,1,0,1,0,0,0,2,2,1,0,1,0,4,0,4.0,1,1
0,48.0,8,0,0,2,0,0,2,2,0,0,0,0,1,200,2,0,0.0,1,1
0,2.0,136,0,2,0,1,1,1,0,1,0,1,0,3,0,2,0,6.0,1,1
1,3.0,99,0,0,0,6,0,1,1,0,0,1,0,1,0,2,5,14.0,1,1
0,2.0,136,0,0,0,4,0,1,1,1,0,1,0,1,0,2,0,6.0,1,1
0,156.0,136,0,1,0,1,0,1,1,0,0,2,0,1,0,2,0,1.0,1,1
1,1.0,100,0,0,1,6,0,0,0,1,1,1,0,1,0,2,0,4.0,1,1
1,5.0,99,0,1,0,6,0,1,1,1,1,1,0,1,0,2,0,1.0,0,1
1,4.0,100,69,1,0,1,1,1,1,1,0,1,0,1,0,12,0,1.0,1,1
0,36.0,44,107,0,0,0,0,2,0,2,2,2,0,1,350,2,0,1.0,1,1
0,3.0,136,0,1,1,3,0,1,0,0,0,1,0,1,0,12,1,30.0,1,1
1,2.0,100,0,0,5,6,0,1,0,1,0,1,0,1,0,12,0,9.0,1,1
0,3.0,136,0,0,1,6,0,1,0,2,2,2,0,1,0,12,0,1.0,1,1
1,2.0,100,0,0,0,0,0,1,0,1,1,1,0,1,0,2,0,7.0,1,1
0,3.0,136,121,1,0,1,2,1,0,1,1,1,0,1,0,2,0,4.0,1,1
1,11.0,98,0,1,1,3,5,1,2,1,0,1,0,1,1,2,0,9.0,1,1
1,2.0,100,0,1,0,6,0,0,0,1,1,1,0,1,0,2,0,4.0,1,1
0,24.0,136,0,0,1,0,0,1,1,0,0,2,0,1,0,12,0,5.0,1,1
0,2.0,21,0,0,3,4,5,1,1,2,0,2,0,1,150,12,0,5.0,1,1
0,3.0,136,107,1,6,0,0,0,0,2,2,2,1,1,0,2,0,0.0,0,1
0,3.0,136,0,0,1,0,0,1,0,0,0,1,0,1,100,12,0,2.0,1,1
1,48.0,90,0,1,1,4,5,2,1,0,2,1,0,1,0,2,0,10.0,1,1
0,6.0,136,0,1,1,0,0,1,0,1,1,1,0,1,0,12,0,1.0,0,1
1,3.0,117,78,2,5,6,0,1,1,1,1,1,0,2,0,2,0,2.0,1,1
1,2.0,122,78,2,0,2,0,0,1,1,1,1,0,3,0,2,0,8.0,1,1
1,3.0,100,0,2,1,0,0,1,0,1,0,1,0,2,0,12,0,3.0,1,1
1,24.0,98,0,0,0,6,0,1,2,0,0,1,0,1,200,2,0,1.0,1,1
0,1.0,142,107,1,1,6,0,1,0,1,1,1,0,1,0,12,0,3.0,0,1
0,8.0,8,0,0,1,0,0,0,0,0,0,1,0,1,350,2,0,5.0,1,1
1,6.0,100,0,1,0,1,3,1,0,1,1,1,0,1,0,2,0,1.0,1,1
1,15.0,99,0,1,6,0,0,1,1,1,0,1,0,1,0,4,0,1.0,1,1
1,2.0,129,0,0,0,6,0,1,0,1,1,1,0,1,0,2,0,9.0,1,1
1,4.0,100,0,2,0,1,5,0,0,1,1,1,0,4,0,12,0,2.0,1,1
0,2.0,136,107,0,0,1,2,1,1,1,1,1,0,1,0,2,0,5.0,1,1
0,2.0,140,44,1,0,6,0,0,1,0,0,1,0,1,350,2,1,9.0,1,1
0,1.0,44,0,1,0,1,0,0,0,0,0,1,0,1,50,4,0,1.0,1,1
1,12.0,104,81,1,0,0,0,1,1,0,1,0,0,1,0,2,0,3.0,1,1
1,2.0,100,0,2,0,3,5,1,0,1,1,1,0,4,0,2,0,4.0,1,1
0,36.0,136,0,1,0,1,0,0,1,0,0,0,0,1,0,2,0,7.0,1,1
0,1.0,136,107,0,4,0,0,1,1,1,1,1,0,1,0,2,0,4.0,1,1
1,1.0,100,78,2,0,3,5,0,0,1,1,1,0,2,0,7,0,15.0,0,1
1,2.0,99,0,2,0,4,5,1,1,1,1,1,0,2,0,2,0,1.0,1,1
1,2.0,99,0,0,0,4,4,2,1,0,0,0,0,1,0,2,0,1.0,0,1
1,1.0,100,78,2,2,5,5,1,0,1,1,1,0,4,0,2,0,6.0,1,1
1,3.0,100,0,1,0,0,0,0,0,1,0,1,0,1,0,5,0,2.0,1,1
0,4.0,5,0,2,0,1,0,2,1,0,0,2,0,2,350,1,0,5.0,1,1
1,4.0,100,0,1,0,6,0,0,0,1,1,1,0,1,0,12,0,2.0,1,1
1,1.0,100,101,0,2,0,0,0,0,1,0,1,0,1,0,2,0,12.0,1,1
0,1.0,136,0,0,3,4,5,1,0,1,0,1,0,1,0,2,0,2.0,1,1
0,3.0,136,123,1,0,1,0,1,1,0,0,1,0,1,0,2,0,4.0,1,1
0,10.0,139,20,1,0,6,0,1,1,0,0,0,0,1,0,1,0,3.0,1,1
0,24.0,136,0,1,6,0,0,1,0,0,0,0,0,1,0,4,0,4.0,1,1
1,48.0,109,0,1,0,1,5,2,2,0,0,0,0,1,0,2,0,4.0,1,1
1,2.0,100,0,0,1,5,5,1,0,0,0,1,0,2,50,6,0,5.0,1,1
1,1.0,100,0,2,0,5,5,1,0,1,1,1,0,4,0,6,0,4.0,1,1
0,2.0,136,0,1,1,6,0,1,1,0,0,0,0,1,0,4,1,3.0,1,1
1,12.0,84,78,1,0,6,0,1,0,0,0,1,0,1,0,2,0,4.0,1,1
1,2.0,99,106,1,0,6,0,1,1,1,1,2,0,1,0,2,0,4.0,0,1
1,3.0,100,0,2,3,6,0,1,0,1,1,1,0,3,0,12,0,4.0,1,1
0,12.0,136,0,0,0,0,0,1,0,1,1,1,0,1,0,7,0,4.0,1,1
0,1.0,136,0,0,1,0,0,1,0,1,1,1,0,7,1,2,0,4.0,1,1
1,2.0,84,78,1,1,6,0,0,0,1,0,2,0,1,0,2,0,2.0,1,1
1,2.0,100,0,0,0,1,5,0,0,1,1,1,0,1,0,2,0,2.0,1,1
0,2.0,136,0,1,1,0,0,1,0,1,1,1,0,1,0,2,0,4.0,1,1
0,1.0,136,107,2,0,4,5,1,0,1,0,1,0,3,0,2,2,28.0,1,1
0,1.0,136,107,2,0,0,0,1,1,1,1,1,0,2,0,3,0,5.0,1,1
0,1.0,136,0,1,0,1,0,1,0,1,1,1,0,1,0,12,0,1.0,1,1
0,3.0,14,31,0,0,6,0,1,2,1,0,1,0,1,300,12,0,4.0,1,1
0,7.0,65,123,0,1,6,0,1,0,0,0,0,0,1,0,2,0,3.0,1,1
1,3.0,99,0,0,0,1,5,1,1,1,0,1,0,2,0,12,0,4.0,1,1
0,2.0,136,0,0,4,6,0,1,0,1,1,1,0,1,5,3,0,4.0,1,1
1,1.0,100,0,2,1,3,0,1,0,0,0,1,0,4,0,3,0,4.0,1,1
1,36.0,100,0,0,5,6,0,1,0,0,0,0,0,2,0,2,0,5.0,1,1
0,15.0,62,0,1,6,0,0,0,1,0,1,2,0,1,1,2,0,2.0,1,1
1,3.0,100,0,0,0,2,4,0,0,0,0,1,0,2,30,12,0,1.0,1,1
1,4.0,100,0,1,0,5,5,0,1,0,0,1,0,1,0,2,0,6.0,1,1
1,9.0,122,0,1,1,4,0,1,1,0,0,0,0,1,0,12,0,3.0,1,1
1,18.0,99,0,1,4,6,0,1,0,1,1,1,0,1,0,12,0,3.0,1,1
1,2.0,100,0,1,0,1,0,0,0,2,2,2,0,1,0,2,0,2.0,1,1
1,4.0,99,0,1,0,6,0,1,1,0,0,1,0,1,0,2,0,5.0,1,1
0,1.0,136,0,0,0,1,3,1,0,1,1,1,0,1,0,2,0,12.0,1,1
1,1.0,99,0,1,0,1,4,1,1,1,1,1,0,1,0,7,0,3.0,1,1
0,24.0,136,0,0,0,1,0,1,0,0,0,1,0,1,0,12,0,1.0,1,1
0,1.0,136,72,0,0,1,0,2,1,0,0,1,0,1,0,2,0,4.0,1,1
0,1.0,136,0,1,0,0,0,1,0,1,1,1,0,5,0,4,0,2.0,0,1
1,2.0,100,0,1,0,4,5,0,0,1,0,1,0,1,0,12,0,5.0,1,1
1,3.0,122,0,1,6,0,0,1,0,0,0,1,0,1,0,2,0,2.0,1,1
1,2.0,100,78,2,0,1,5,1,1,1,1,1,0,2,0,2,0,3.0,1,1
1,2.0,116,0,0,2,4,0,1,1,0,0,1,0,1,0,2,0,17.0,1,1
1,4.0,100,0,0,2,6,0,1,0,1,0,1,0,1,30,2,0,1.0,1,1
0,12.0,136,0,2,1,0,0,1,1,2,2,2,0,4,0,12,0,7.0,1,1
1,6.0,100,0,0,1,6,0,1,0,0,0,1,0,1,0,2,0,4.0,1,1
1,24.0,125,0,0,2,0,0,1,1,0,0,1,0,1,0,12,0,4.0,1,1
0,14.0,136,0,0,2,0,0,1,1,1,2,2,0,1,0,2,0,2.0,1,1
1,5.0,98,0,0,3,0,0,1,2,1,0,1,0,1,100,12,0,5.0,1,1
1,2.0,100,77,0,5,6,0,1,0,0,1,1,0,1,100,12,0,3.0,1,1
0,2.0,136,0,1,0,4,0,1,0,0,0,1,0,1,0,2,0,6.0,1,1
0,2.0,136,0,0,4,0,0,1,0,0,0,2,0,2,0,3,0,2.0,1,1
1,1.0,100,0,2,0,2,5,0,0,1,1,1,0,2,0,2,0,5.0,0,1
0,1.0,154,107,1,0,6,0,1,0,2,2,1,0,1,0,2,0,4.0,1,1
1,1.0,100,0,2,1,2,3,1,0,1,1,1,0,4,0,2,0,5.0,1,1
0,1.0,136,107,2,1,0,0,2,0,1,1,1,0,3,0,2,0,5.0,1,1
0,3.0,136,0,1,1,0,0,1,0,0,0,1,0,1,0,12,0,9.0,1,1
0,24.0,136,0,0,1,6,0,1,0,2,2,2,0,1,0,12,0,5.0,1,1
1,2.0,99,0,1,0,0,0,1,1,1,0,1,0,1,50,2,0,5.0,1,1
1,1.0,100,0,1,0,5,5,1,0,1,0,1,0,1,0,2,0,7.0,1,1
0,12.0,12,107,1,1,4,0,1,0,2,2,2,0,1,0,12,0,2.0,1,1
0,1.0,136,107,0,1,2,3,1,1,1,1,1,0,1,0,3,0,1.0,1,1
0,2.0,136,107,1,1,2,4,1,1,2,2,2,0,3,0,7,0,10.0,1,1
1,5.0,100,0,0,6,0,0,1,0,1,0,1,0,1,0,2,0,1.0,1,1
0,12.0,136,0,1,0,1,0,1,0,1,0,1,0,1,0,2,1,1.0,0,1
1,3.0,117,0,0,2,4,5,1,1,2,2,2,0,2,200,2,0,4.0,1,1
0,2.0,136,0,2,0,1,5,1,0,1,1,1,0,7,0,2,0,12.0,1,1
1,24.0,98,0,0,0,6,0,1,2,0,0,0,0,1,0,2,0,5.0,1,1
0,1.0,65,107,1,1,6,0,1,0,1,0,1,0,1,0,2,0,7.0,1,1
1,6.0,100,0,1,3,6,0,0,1,1,0,1,0,1,0,2,0,5.0,1,1
0,1.0,136,107,1,3,0,0,1,0,1,1,1,0,1,0,3,0,1.0,1,1
1,2.0,99,0,0,2,0,0,0,1,1,1,1,0,1,0,12,0,2.0,1,1
1,11.0,135,0,0,0,6,0,1,0,0,0,0,0,1,0,2,0,7.0,1,1
0,8.0,136,0,1,1,6,0,1,1,0,0,1,0,1,0,2,0,2.0,1,1
0,18.0,38,0,0,1,4,0,0,1,0,0,0,0,1,0,2,0,4.0,1,1
1,1.0,100,0,1,1,6,0,0,0,1,1,1,0,1,0,2,0,4.0,1,1
1,4.0,100,0,2,0,3,0,1,0,1,0,1,0,3,0,12,0,3.0,1,1
0,2.0,136,0,1,1,6,0,1,0,1,1,1,0,1,0,2,0,3.0,1,1
0,11.0,136,0,0,1,6,0,1,1,0,2,2,0,1,0,2,0,3.0,1,1
1,4.0,79,0,1,4,6,0,1,1,0,0,1,1,1,350,2,0,1.0,1,1
0,1.0,136,0,2,0,1,3,1,0,1,1,1,0,9,0,2,0,15.0,1,1
0,3.0,136,0,0,0,6,0,1,0,2,2,2,0,1,0,2,1,3.0,1,1
0,2.0,136,0,0,0,1,2,1,1,0,0,1,0,1,0,2,0,7.0,1,1
0,2.0,136,0,1,1,0,0,1,0,1,0,1,0,4,0,4,0,2.0,1,1
1,60.0,89,0,0,1,0,0,1,2,0,0,0,0,1,0,12,0,1.0,1,1
1,4.0,100,0,2,0,1,5,1,1,1,1,1,0,2,0,2,0,1.0,1,1
0,24.0,136,0,1,1,6,0,1,0,0,0,0,0,1,0,2,0,2.0,1,1
1,2.0,100,0,2,0,5,5,1,1,2,2,2,0,10,0,12,0,4.0,1,1
0,3.0,136,0,2,1,0,0,1,0,1,1,1,0,2,0,2,0,4.0,1,1
0,1.0,136,107,0,1,6,0,1,0,2,2,1,0,5,0,12,0,2.0,0,1
1,6.0,100,0,1,1,0,0,1,0,1,1,1,0,1,0,2,0,1.0,0,1
0,2.0,136,0,2,0,1,5,1,1,1,1,1,0,2,0,7,0,2.0,1,1
1,1.0,100,0,1,0,6,0,0,0,1,1,2,0,1,0,12,1,3.0,1,1
1,1.0,100,0,1,4,5,5,2,0,1,1,1,0,2,0,2,0,3.0,1,1
0,3.0,136,0,1,0,1,0,1,0,1,1,1,0,2,0,2,0,2.0,1,1
1,2.0,129,0,1,0,5,5,1,0,1,1,1,0,2,0,12,0,1.0,1,1
0,4.0,136,107,1,6,0,0,0,0,2,0,0,0,1,0,2,0,2.0,1,1
1,2.0,132,76,1,0,2,5,2,2,1,1,1,0,1,0,2,0,1.0,1,1
0,36.0,51,0,0,0,1,3,1,1,2,0,2,0,1,0,12,0,3.0,0,1
1,2.0,99,77,1,0,1,5,0,1,1,0,1,0,1,0,2,0,3.0,1,1
1,1.0,100,0,2,0,3,5,0,0,1,1,1,0,3,0,2,0,7.0,1,1
0,4.0,136,0,1,1,0,0,1,0,0,0,1,0,1,0,2,0,2.0,1,1
0,6.0,38,0,0,6,0,0,0,1,0,0,1,0,2,0,12,0,1.0,1,1
1,18.0,100,0,1,0,6,0,1,0,1,1,1,1,1,0,2,0,5.0,1,1
0,10.0,136,0,1,0,3,0,0,0,0,0,0,0,1,0,2,0,1.0,1,1
1,3.0,100,0,1,0,0,0,1,0,1,1,1,0,1,0,12,0,2.0,1,1
1,24.0,100,0,1,6,0,0,1,0,0,0,0,0,1,100,12,0,2.0,1,1
0,2.0,136,0,2,0,1,5,1,0,1,0,1,0,3,0,3,0,3.0,0,1
0,1.0,136,0,1,1,0,0,0,0,1,1,1,0,1,0,2,0,2.0,1,1
0,1.0,136,0,0,1,0,0,1,0,1,1,1,0,1,0,2,0,2.0,1,1
0,60.0,136,0,0,6,0,0,0,1,2,2,2,0,1,0,12,0,4.0,1,1
1,4.0,99,0,1,2,3,0,1,1,1,1,1,0,1,0,12,0,4.0,0,1
1,3.0,100,0,0,0,6,0,0,0,1,0,1,0,1,0,12,0,5.0,1,1
1,0.0,100,0,2,0,5,5,1,0,1,1,1,0,2,0,2,0,5.0,0,1
1,1.0,98,101,1,3,5,5,2,1,1,1,1,0,1,0,2,0,9.0,1,1
1,48.0,117,85,2,0,4,5,1,2,0,0,0,0,2,0,2,0,2.0,1,1
0,2.0,136,0,1,1,6,0,1,0,1,0,1,0,1,0,2,0,5.0,1,1
0,12.0,37,0,0,1,0,0,0,1,2,2,2,0,1,0,2,0,1.0,1,1
1,2.0,100,0,0,2,5,0,0,0,1,0,1,0,2,0,12,0,3.0,1,1
1,48.0,129,0,1,6,0,0,1,0,2,2,0,0,1,0,7,0,2.0,1,1
1,3.0,129,0,2,3,5,5,1,0,2,2,2,0,4,0,7,0,5.0,0,1
1,2.0,100,77,1,5,6,0,1,0,1,1,1,0,1,50,2,0,4.0,1,1
1,5.0,122,0,1,6,0,0,1,1,1,1,1,0,1,0,2,0,1.0,1,1
0,24.0,136,0,0,0,1,5,1,0,0,0,1,0,1,0,2,0,4.0,1,1
1,2.0,99,0,1,0,1,2,1,1,1,0,1,1,1,0,2,0,2.0,1,1
1,3.0,100,0,2,3,6,0,0,0,1,1,1,0,2,0,2,0,4.0,1,1
1,24.0,98,0,0,6,0,0,1,1,2,2,1,0,1,0,2,0,3.0,1,1
0,24.0,136,0,0,0,1,0,1,1,0,0,0,0,1,0,7,0,4.0,1,1
0,36.0,8,0,0,1,2,0,1,1,0,0,0,0,2,0,7,0,4.0,1,1
1,3.0,109,76,1,6,0,0,1,2,1,1,1,0,1,350,2,0,4.0,1,1
1,0.0,100,0,0,0,6,0,0,0,2,2,1,0,1,0,1,0,4.0,1,1
0,24.0,136,0,0,1,6,0,1,2,2,2,2,2,1,0,4,0,3.0,1,1
1,3.0,100,0,0,3,0,0,1,0,2,0,1,0,1,0,12,0,3.0,1,1
1,84.0,100,0,1,6,0,0,1,0,0,0,0,0,1,0,2,0,4.0,1,1
1,4.0,99,0,0,0,5,0,1,1,0,0,0,0,1,300,3,0,11.0,1,1
0,3.0,136,0,0,0,0,0,1,0,1,0,1,0,1,0,2,0,4.0,1,1
1,2.0,135,0,1,0,6,0,0,0,1,1,1,0,1,0,12,0,4.0,1,1
0,4.0,136,0,1,0,1,4,1,1,1,1,1,0,6,0,2,0,5.0,1,1
0,2.0,136,0,1,0,1,0,1,1,1,0,1,0,1,0,3,0,2.0,1,1
0,1.0,136,0,1,0,1,3,1,1,1,1,1,0,1,0,12,0,2.0,0,1
1,4.0,129,0,1,0,3,0,0,1,1,0,0,0,1,100,4,0,2.0,1,1
0,10.0,136,0,1,0,0,0,1,0,0,0,0,0,1,50,2,0,10.0,1,1
1,4.0,100,0,1,0,3,5,1,0,0,0,1,0,1,0,12,1,3.0,1,1
0,36.0,57,0,1,1,4,0,0,2,0,0,2,0,1,0,6,0,1.0,1,1
0,4.0,136,0,1,1,6,0,1,0,0,0,1,0,1,0,2,0,1.0,1,1
1,36.0,100,0,0,6,0,0,2,1,0,0,0,0,1,0,2,0,0.0,1,1
0,60.0,136,0,0,1,0,0,1,1,2,0,0,0,1,0,12,0,6.0,1,1
1,5.0,100,0,0,0,6,0,0,0,0,0,1,0,1,0,2,0,11.0,1,1
0,48.0,136,51,0,0,0,0,0,1,0,2,0,1,1,0,2,0,1.0,1,1
1,1.0,99,77,1,1,4,5,0,1,1,1,1,0,1,30,2,0,4.0,1,1
0,1.0,136,0,1,1,0,0,1,0,1,1,1,0,1,0,4,0,2.0,1,1
0,24.0,13,0,0,5,6,0,2,1,0,0,0,0,1,350,2,0,4.0,1,1
1,5.0,100,0,1,0,3,3,1,1,1,1,1,0,2,0,12,0,2.0,1,1
1,11.0,122,101,1,6,0,0,0,0,1,0,0,0,2,0,2,0,3.0,1,1
0,1.0,136,0,1,4,6,0,1,0,1,1,1,0,1,0,2,0,10.0,1,1
1,5.0,100,101,1,1,2,0,0,0,1,0,1,0,1,0,2,0,12.0,1,1
1,1.0,100,0,2,0,1,4,1,0,1,0,1,0,4,0,12,0,3.0,1,1
1,2.0,122,78,1,1,6,0,0,1,2,2,1,0,1,0,2,0,3.0,1,1
0,4.0,136,0,1,0,3,3,1,1,0,0,1,0,1,0,2,0,5.0,1,1
1,17.0,99,0,0,3,6,0,1,1,0,0,0,0,1,0,2,0,2.0,1,1
1,3.0,122,0,2,0,1,5,0,1,1,1,1,0,4,50,2,0,1.0,1,1
1,7.0,91,78,1,0,3,5,1,0,0,0,0,0,1,50,2,0,3.0,1,1
0,4.0,5,107,1,0,1,0,1,1,0,0,0,0,1,0,2,0,2.0,1,1
0,2.0,136,0,1,0,1,0,1,1,0,0,1,0,1,80,3,0,1.0,1,1
1,2.0,135,0,0,0,6,0,1,1,1,0,2,0,1,0,2,0,1.0,1,1
1,3.0,100,0,0,3,0,0,0,0,1,1,1,0,1,0,12,2,7.0,1,1
0,36.0,13,0,1,1,4,0,2,1,2,2,0,0,1,0,2,0,3.0,1,1
1,6.0,99,0,0,0,6,0,1,1,2,2,2,0,1,0,2,0,2.0,0,1
1,3.0,100,77,2,4,5,0,0,1,1,1,1,0,5,0,12,0,1.0,1,1
0,1.0,136,0,0,4,6,0,1,1,1,1,1,0,1,0,3,0,3.0,1,1
1,6.0,100,0,1,2,3,5,2,0,0,0,1,0,1,0,12,0,3.0,1,1
0,2.0,136,0,0,0,1,0,1,0,1,0,1,0,1,0,4,0,1.0,1,1
1,2.0,122,77,1,1,4,0,1,1,1,1,1,0,1,0,12,0,5.0,1,1
0,1.0,136,0,0,0,6,0,1,0,1,1,1,0,1,0,2,0,8.0,1,1
0,1.0,136,107,2,0,1,0,1,2,1,1,1,0,2,0,2,1,5.0,1,1
0,2.0,136,107,1,0,3,0,0,0,0,0,2,0,1,0,2,0,1.0,1,1
1,3.0,100,78,1,0,6,0,0,0,1,1,1,0,1,0,2,0,3.0,1,1
0,23.0,38,44,1,4,0,0,1,1,0,0,1,1,1,0,2,0,0.0,1,1
0,2.0,136,0,0,0,0,0,1,0,1,0,1,0,1,0,2,0,4.0,1,1
0,32.0,21,14,1,2,0,0,2,0,1,1,1,0,1,200,2,0,2.0,1,1
1,24.0,80,0,1,1,2,3,1,0,0,0,0,0,1,0,12,0,6.0,1,1
0,3.0,136,0,1,0,1,5,1,0,1,1,1,0,1,0,2,1,4.0,0,1
0,6.0,136,107,1,1,0,0,1,0,1,1,1,0,1,50,2,0,1.0,1,1
0,4.0,136,0,1,1,0,0,1,0,1,1,2,0,1,0,2,0,2.0,1,1
1,14.0,100,0,1,3,6,0,1,0,0,0,0,0,1,0,12,0,7.0,1,1
0,2.0,5,107,0,0,1,0,1,1,2,2,1,0,1,0,2,0,1.0,1,1
1,1.0,100,78,2,0,3,5,0,0,1,1,1,0,3,0,2,0,1.0,1,1
0,2.0,136,0,1,1,0,0,1,0,0,0,1,0,1,0,12,0,1.0,1,1
1,4.0,100,0,0,0,5,0,1,0,2,2,2,0,1,0,3,0,5.0,1,1
1,6.0,100,0,1,3,6,0,0,0,0,0,0,0,1,0,12,0,2.0,1,1
1,12.0,115,0,2,0,4,5,1,0,2,2,2,0,4,0,2,0,2.0,1,1
0,5.0,136,0,1,1,4,5,1,0,0,0,1,0,2,0,2,0,3.0,1,1
0,17.0,136,0,0,0,6,0,1,0,0,0,0,0,1,0,12,0,3.0,1,1
1,5.0,99,0,1,1,3,5,1,1,0,0,1,0,1,0,2,0,3.0,1,1
0,7.0,136,0,1,1,6,0,1,0,0,0,0,0,1,110,2,0,5.0,1,1
0,1.0,136,107,2,0,2,5,1,0,1,1,2,0,4,0,2,0,1.0,1,1
1,1.0,100,0,1,3,5,5,1,1,1,1,1,0,1,0,2,0,5.0,1,1
0,29.0,65,107,0,4,0,0,1,0,0,0,0,0,1,0,2,0,11.0,1,1
0,2.0,136,107,0,1,0,0,1,1,0,0,1,0,1,0,2,0,1.0,1,1
0,1.0,136,0,2,0,1,5,1,0,1,1,1,0,5,0,2,0,6.0,0,1
1,4.0,122,0,2,0,4,5,1,0,1,1,1,0,3,0,2,0,1.0,1,1
0,5.0,158,107,1,0,1,0,1,1,0,0,0,0,1,0,2,0,5.0,1,1
0,3.0,136,0,0,0,0,0,1,1,1,1,1,0,1,0,7,0,1.0,0,1
1,15.0,100,0,0,0,6,0,1,0,0,0,0,0,1,0,2,0,1.0,1,1
0,1.0,136,0,2,0,1,5,1,0,2,2,2,0,5,0,2,0,15.0,1,1
0,96.0,13,0,1,1,0,0,2,1,0,0,0,0,1,350,12,0,2.0,1,1
0,1.0,5,6,2,0,2,0,1,1,1,1,1,0,4,50,2,0,4.0,1,1
0,1.0,136,107,1,1,6,0,1,1,1,0,1,0,1,0,2,0,3.0,1,1
1,12.0,100,0,1,0,0,0,1,0,1,0,0,0,1,30,2,0,3.0,1,1
0,2.0,136,0,0,0,0,0,1,0,1,1,1,2,2,0,12,0,2.0,1,1
0,1.0,136,0,0,0,0,0,1,0,1,1,1,0,3,0,5,0,2.0,1,1
0,24.0,136,0,1,0,0,0,1,0,0,1,0,0,1,0,12,0,1.0,1,1
0,2.0,137,107,0,0,6,0,1,0,2,2,1,0,1,0,2,0,2.0,1,1
1,7.0,91,78,1,0,1,2,2,0,2,2,2,0,1,0,12,0,2.0,1,1
0,1.0,136,14,2,1,0,0,1,0,1,1,1,0,2,0,2,0,5.0,1,1
1,2.0,100,0,2,0,6,0,1,0,1,1,1,0,7,0,12,0,3.0,1,1
1,12.0,100,0,1,0,6,0,1,0,1,0,0,0,1,30,2,0,1.0,1,1
0,20.0,136,10,1,1,5,5,1,0,0,0,0,0,2,0,12,0,11.0,1,1
1,2.0,100,0,1,5,6,0,1,0,1,0,1,0,1,0,2,0,13.0,1,1
0,2.0,136,0,1,0,6,0,1,2,0,0,1,0,1,200,12,0,2.0,1,1
0,4.0,136,6,1,0,1,0,1,1,1,0,1,2,1,100,0,0,0.0,1,1
0,24.0,136,111,1,1,0,0,2,0,0,0,0,0,1,0,2,0,3.0,1,1
0,3.0,136,107,0,0,1,0,2,0,1,0,1,0,1,50,5,0,4.0,1,1
0,2.0,158,0,2,0,6,0,1,0,1,1,1,2,2,0,2,0,1.0,1,1
1,1.0,80,0,0,0,6,0,0,0,1,1,1,0,1,0,9,0,1.0,1,1
0,24.0,57,0,1,1,4,5,1,1,2,2,2,0,1,0,7,0,0.0,1,1
0,2.0,136,0,1,0,1,0,1,0,0,0,1,0,1,0,12,0,3.0,1,1
1,3.0,99,77,2,0,1,5,1,1,1,1,1,0,6,0,2,0,7.0,1,1
1,36.0,100,0,0,0,1,2,0,0,1,1,1,1,1,0,9,0,5.0,1,1
0,1.0,136,107,0,0,1,0,1,1,1,1,1,0,1,0,2,0,2.0,1,1
0,96.0,8,0,1,2,0,0,2,1,0,0,0,0,1,0,12,0,4.0,1,1
1,6.0,99,78,1,0,1,0,0,1,0,0,0,0,1,30,2,0,3.0,1,1
1,3.0,135,0,1,0,6,0,0,2,2,2,1,0,1,0,2,0,6.0,1,1
0,12.0,136,0,1,1,4,5,1,0,2,2,2,0,1,0,0,0,1.0,1,1
0,2.0,136,0,1,1,4,5,1,1,1,0,1,0,2,0,2,0,5.0,1,1
1,8.0,100,0,1,6,0,0,1,0,2,2,2,0,1,0,2,0,3.0,1,1
0,3.0,136,0,0,1,6,0,2,0,0,0,1,0,1,0,3,0,3.0,1,1
0,3.0,136,0,2,1,5,0,1,0,0,0,1,0,2,0,2,0,3.0,1,1
0,36.0,136,0,0,0,0,0,1,1,2,2,2,0,1,0,12,0,1.0,0,1
1,1.0,99,92,2,0,5,5,0,1,1,0,1,0,3,150,2,0,8.0,1,1
1,12.0,99,0,1,6,0,0,1,1,2,2,2,0,1,0,0,0,1.0,1,1
1,5.0,98,0,2,1,4,4,1,2,1,1,1,0,3,0,2,0,2.0,1,1
1,4.0,91,78,1,0,1,5,1,0,0,0,0,0,1,50,2,0,9.0,1,1
0,2.0,136,0,1,1,6,0,1,0,1,0,1,0,1,0,2,0,2.0,1,1
0,4.0,136,0,0,0,1,0,1,2,2,2,1,0,1,0,2,2,8.0,1,1
1,1.0,100,0,1,0,6,0,1,0,1,0,1,0,1,0,12,0,3.0,1,1
1,3.0,100,77,2,2,6,0,0,1,1,1,1,0,2,0,2,0,3.0,1,1
1,3.0,100,0,0,5,0,0,0,0,1,0,1,0,1,0,12,0,5.0,1,1
0,48.0,59,107,1,0,4,4,1,1,0,0,0,0,1,0,2,0,3.0,1,1
0,1.0,136,107,2,0,1,0,0,0,1,1,2,1,2,0,12,0,5.0,1,1
0,13.0,65,107,1,6,0,0,1,1,0,0,0,0,1,0,12,0,6.0,1,1
1,5.0,100,0,1,0,3,5,1,0,1,1,1,0,1,0,2,0,2.0,1,1
0,2.0,136,0,1,0,6,0,1,0,1,0,1,0,1,0,12,0,1.0,1,1
0,56.0,57,0,0,0,1,5,0,0,0,0,1,0,1,0,12,0,2.0,1,1
1,2.0,129,106,2,0,3,5,0,0,1,1,1,0,4,0,2,0,2.0,1,1
0,10.0,136,0,1,1,6,0,1,0,0,0,0,0,1,50,2,0,2.0,1,1
0,24.0,136,0,0,1,0,0,2,0,2,2,2,0,1,0,12,1,2.0,0,1
1,5.0,100,0,1,0,6,0,1,0,0,0,1,0,1,0,2,0,5.0,1,1
0,2.0,136,0,2,0,1,0,1,1,1,1,1,0,3,0,7,0,5.0,1,1
0,3.0,136,8,2,0,1,5,1,0,1,1,1,0,4,0,2,0,4.0,1,1
1,48.0,100,0,0,4,6,0,1,0,1,1,0,2,1,0,2,0,7.0,1,1
1,3.0,99,0,0,2,6,0,1,1,1,0,1,0,1,0,2,0,3.0,1,1
0,2.0,136,0,2,0,1,3,1,0,0,0,1,0,5,0,2,0,11.0,1,1
1,5.0,100,0,0,5,6,0,0,0,1,0,1,0,1,0,12,0,2.0,1,1
0,9.0,136,0,1,4,0,0,1,0,1,0,0,0,1,0,12,0,4.0,1,1
1,10.0,91,0,1,1,3,3,1,0,1,1,1,0,1,0,7,0,2.0,1,1
0,36.0,141,107,0,0,1,5,2,0,0,0,0,0,1,0,2,0,10.0,1,1
0,30.0,62,107,1,1,6,0,1,0,0,0,0,0,1,0,3,0,2.0,1,1
1,3.0,100,78,2,0,1,5,0,0,1,1,1,0,5,0,2,0,2.0,1,1
1,34.0,117,0,1,4,5,5,0,1,2,2,2,0,1,0,7,0,5.0,1,1
1,2.0,134,0,2,0,6,0,0,0,0,0,2,0,2,0,9,0,2.0,1,1
1,2.0,99,0,1,0,4,0,1,1,1,1,1,0,1,0,2,0,4.0,1,1
1,8.0,100,101,1,5,6,0,1,0,1,1,0,0,1,0,2,0,2.0,1,1
1,5.0,100,78,2,6,0,0,1,0,1,2,2,0,2,0,3,0,4.0,1,1
0,3.0,136,0,1,0,6,0,1,0,1,1,1,0,1,0,3,0,2.0,1,1
0,2.0,136,0,0,0,1,3,1,1,1,0,1,0,3,0,2,0,14.0,1,1
0,50.0,136,107,1,4,6,0,1,1,1,1,1,0,1,0,2,0,4.0,1,1
1,2.0,98,0,0,0,6,0,1,1,1,1,1,0,1,0,12,0,3.0,1,0
0,2.0,158,107,1,0,1,0,1,0,0,0,1,0,1,0,2,0,3.0,1,1
0,1.0,136,0,2,0,1,5,1,1,1,1,1,0,4,0,2,0,9.0,1,1
0,1.0,136,0,1,0,1,0,1,0,2,2,1,0,1,0,2,0,3.0,1,1
0,2.0,136,0,0,1,6,0,1,0,0,0,1,0,5,50,2,0,1.0,1,1
1,2.0,100,0,0,1,6,0,0,1,1,1,1,0,1,20,2,0,3.0,1,1
1,2.0,100,0,2,0,1,5,1,1,1,1,1,0,5,0,2,0,3.0,1,1
1,3.0,100,0,2,3,0,0,1,0,1,1,2,0,2,0,2,0,1.0,1,1
0,84.0,57,0,1,1,2,5,0,0,0,0,1,0,1,0,2,0,1.0,1,1
0,48.0,136,0,1,1,0,0,1,0,0,0,0,0,1,0,2,0,1.0,1,1
1,8.0,129,0,1,0,2,5,1,1,0,1,0,0,1,150,2,0,5.0,1,1
0,2.0,136,107,0,1,6,0,1,1,1,1,1,0,1,0,2,0,5.0,1,1
1,2.0,117,0,0,0,6,0,1,2,1,0,1,0,1,350,2,0,5.0,1,1
1,1.0,102,0,2,0,5,5,1,0,1,1,1,0,3,0,2,0,1.0,0,1
1,4.0,99,0,2,1,4,5,1,1,0,0,1,0,2,0,12,0,11.0,1,1
0,24.0,57,0,0,1,6,0,0,1,0,1,1,0,1,100,2,0,3.0,1,1
1,2.0,100,0,2,2,6,0,1,0,1,1,1,0,2,30,2,0,2.0,1,1
0,3.0,136,0,1,0,1,0,1,0,0,0,1,0,1,0,12,0,3.0,1,1
1,2.0,100,0,2,2,5,0,0,0,1,1,1,0,2,0,2,0,4.0,1,1
1,7.0,100,0,0,0,5,0,1,0,0,0,0,0,1,0,2,0,1.0,1,1
1,147.0,122,0,1,1,4,0,2,1,0,0,0,0,1,0,2,0,1.0,1,1
0,3.0,136,0,0,6,0,0,1,0,2,0,1,0,1,0,12,0,11.0,1,1
0,2.0,136,0,2,1,3,5,0,0,2,2,2,0,3,0,4,1,3.0,1,1
0,7.0,48,28,1,0,1,0,1,1,0,0,1,0,1,100,12,0,2.0,1,1
0,24.0,13,0,1,5,6,0,2,1,2,2,0,1,1,300,2,0,3.0,1,1
1,6.0,100,0,1,0,6,0,0,0,1,0,1,0,1,0,4,0,5.0,1,1
1,2.0,100,0,2,0,2,5,1,0,1,1,1,0,4,0,2,0,2.0,1,1
0,2.0,136,0,1,2,0,0,1,1,1,1,1,0,1,0,2,0,21.0,1,1
1,2.0,99,0,0,0,6,0,1,1,0,0,1,0,1,0,2,0,8.0,1,1
1,4.0,100,0,2,0,2,4,0,0,1,1,1,0,3,0,2,0,8.0,1,1
1,1.0,100,0,0,0,5,5,1,0,1,0,1,0,1,0,2,0,3.0,1,1
0,3.0,136,0,1,2,4,5,1,1,2,2,1,0,1,0,7,0,1.0,1,1
0,1.0,136,0,0,1,2,0,1,0,1,1,1,0,1,0,2,0,1.0,1,1
1,1.0,87,0,0,0,0,0,0,1,1,1,2,0,1,0,12,0,3.0,1,1
0,3.0,136,0,1,0,3,5,0,0,1,2,2,0,3,0,2,1,4.0,1,1
0,2.0,136,0,2,0,1,0,2,0,1,0,1,0,2,50,2,0,20.0,1,1
0,4.0,136,0,1,3,6,0,1,0,0,0,2,0,1,0,12,0,5.0,1,1
1,1.0,100,0,2,0,4,5,0,0,1,0,1,0,3,0,12,0,3.0,1,1
1,1.0,99,77,2,0,1,5,1,1,1,1,2,0,2,0,4,0,3.0,0,1
1,1.0,98,77,1,0,2,5,1,1,1,1,1,0,1,50,2,0,5.0,1,1
1,6.0,99,77,1,5,6,0,1,0,2,2,2,0,1,0,12,0,3.0,1,1
1,2.0,100,0,2,0,1,0,1,0,1,0,1,0,2,0,12,0,5.0,1,1
1,36.0,112,76,0,0,1,0,3,2,0,0,0,0,2,200,2,0,3.0,1,1
1,2.0,100,0,1,0,5,0,1,0,2,2,2,0,1,0,2,0,0.0,1,1
0,24.0,136,107,0,6,0,0,1,0,1,1,2,1,2,0,2,0,3.0,1,1
1,1.0,100,0,0,0,5,5,1,0,1,1,1,0,1,0,2,0,2.0,0,1
0,6.0,62,44,1,0,1,5,1,1,0,0,1,0,2,1,2,0,7.0,1,1
1,4.0,84,97,0,5,0,0,1,1,1,1,1,0,1,100,2,0,1.0,0,1
0,2.0,136,0,1,1,0,0,1,0,0,0,1,0,1,0,2,0,9.0,1,1
1,1.0,99,0,1,0,1,0,1,1,1,1,1,0,2,20,2,0,1.0,0,1
0,36.0,21,0,0,4,0,0,1,0,0,0,1,0,1,0,12,0,1.0,1,1
0,2.0,136,0,1,0,6,0,1,1,2,2,0,0,1,0,12,0,3.0,1,1
0,2.0,136,0,0,0,6,0,1,0,0,0,0,0,1,0,4,0,3.0,1,1
1,10.0,80,0,1,0,1,5,1,0,1,1,1,0,1,0,2,0,3.0,1,1
0,1.0,158,50,0,0,1,0,1,0,2,2,1,0,1,0,2,0,7.0,1,1
1,3.0,100,78,1,2,3,3,1,1,1,0,1,0,1,0,12,0,0.0,1,1
0,13.0,136,0,1,0,0,0,0,0,0,0,0,0,1,0,3,0,1.0,1,1
1,4.0,100,0,1,5,0,0,1,1,1,1,0,0,1,0,2,0,3.0,1,1
0,4.0,136,0,0,0,1,2,1,1,1,0,1,0,1,0,2,0,17.0,1,1
0,48.0,16,0,0,1,6,0,0,0,0,0,1,0,1,0,2,0,0.0,0,1
0,2.0,136,0,0,0,0,0,1,0,0,0,1,0,1,0,2,0,3.0,1,1
0,2.0,136,0,0,0,1,5,1,0,0,0,2,0,1,0,12,0,7.0,1,1
1,1.0,100,77,1,0,1,4,1,0,1,1,1,0,1,0,2,0,3.0,1,1
0,1.0,136,0,0,0,1,0,1,1,1,1,1,0,1,0,3,0,1.0,1,1
1,3.0,100,0,0,2,4,0,1,0,1,0,1,0,1,0,2,0,2.0,1,1
0,3.0,136,0,1,2,6,0,1,0,0,0,2,0,1,0,2,2,6.0,1,1
0,5.0,65,0,0,1,6,0,1,0,0,0,0,0,1,0,2,0,7.0,1,1
1,5.0,100,0,0,0,2,4,1,0,2,0,0,0,1,0,12,0,4.0,1,1
1,4.0,100,0,0,1,2,5,1,0,0,0,1,0,1,0,2,0,24.0,1,1
1,21.0,98,0,0,4,0,0,1,2,0,0,1,0,1,0,2,0,3.0,1,1
0,3.0,136,0,1,1,6,0,1,0,1,1,1,0,1,0,2,0,5.0,1,1
1,17.0,99,0,1,6,0,0,1,1,0,0,1,0,2,0,2,0,4.0,1,1
0,1.0,136,72,1,0,1,0,2,1,0,0,1,0,1,0,2,0,4.0,1,1
1,1.0,100,0,0,0,0,0,0,1,1,1,1,0,1,0,2,0,3.0,1,1
0,96.0,31,0,0,0,2,3,1,2,0,0,0,0,1,0,2,0,9.0,1,1
1,1.0,100,0,0,3,0,0,0,0,1,1,1,0,1,0,12,0,4.0,1,1
0,4.0,39,107,1,1,6,0,1,0,2,2,1,0,1,0,2,0,4.0,1,1
0,2.0,136,0,0,1,0,0,1,1,0,0,1,0,1,0,2,0,1.0,1,1
1,1.0,100,0,2,0,6,0,0,0,1,1,1,0,5,0,2,0,8.0,1,1
0,36.0,136,0,0,1,0,0,1,1,1,1,1,1,1,1,2,0,2.0,1,1
0,3.0,136,107,0,0,6,0,1,1,0,0,1,0,1,0,2,0,5.0,1,1
1,36.0,108,76,1,0,6,0,1,1,0,0,1,0,1,0,12,0,3.0,1,1
0,18.0,136,107,1,0,4,0,1,1,1,1,0,0,2,0,2,0,2.0,0,1
1,8.0,99,0,1,5,0,0,1,1,0,0,0,0,1,0,12,0,5.0,1,1
1,4.0,84,63,1,0,5,5,0,0,1,0,1,0,1,250,2,0,3.0,1,1
1,1.0,100,67,2,0,1,4,0,0,1,1,1,0,3,0,2,0,5.0,1,1
1,1.0,100,0,0,0,1,5,2,1,1,1,1,0,3,0,2,0,0.0,1,1
0,5.0,56,107,0,1,4,0,2,0,2,2,2,0,1,0,2,0,3.0,1,1
0,2.0,57,0,2,0,1,5,0,2,1,1,1,0,3,250,12,0,5.0,1,1
1,5.0,129,76,0,3,6,0,1,2,1,1,1,0,1,0,2,0,2.0,1,1
0,24.0,136,107,1,0,1,5,1,1,2,0,2,0,1,0,7,0,1.0,1,1
1,7.0,100,0,1,0,1,5,0,0,0,0,0,0,1,0,2,0,3.0,1,1
1,2.0,100,78,2,0,2,5,1,0,1,1,1,0,5,0,2,0,8.0,1,1
1,18.0,100,0,1,0,0,0,1,1,0,0,0,0,1,0,12,0,0.0,1,1
1,48.0,99,0,0,0,5,5,2,2,2,2,2,0,1,10,12,0,4.0,1,1
1,4.0,100,0,0,0,6,0,2,0,1,0,1,0,2,0,2,0,0.0,1,1
0,8.0,38,50,1,1,0,0,1,1,1,1,1,0,1,0,4,0,3.0,1,1
0,2.0,136,0,1,4,0,0,1,0,1,1,1,0,1,0,2,0,2.0,1,1
1,6.0,100,0,1,2,3,0,1,0,0,0,0,0,1,0,2,0,5.0,1,1
1,1.0,99,0,1,0,5,5,1,1,1,1,1,0,1,0,2,0,4.0,1,1
0,4.0,136,107,1,0,3,5,1,0,1,1,1,0,3,0,12,0,0.0,1,1
1,22.0,100,0,1,1,6,0,1,1,0,0,0,0,1,0,12,0,1.0,1,1
0,10.0,136,0,1,1,6,0,1,0,0,0,0,0,1,0,12,0,4.0,1,1
0,2.0,136,0,1,0,1,0,1,0,1,0,1,0,1,0,2,0,5.0,1,1
0,4.0,136,0,1,1,6,0,1,0,0,0,1,0,1,0,2,0,1.0,1,1
1,1.0,99,0,2,0,1,3,1,1,1,1,1,0,5,0,2,0,3.0,1,1
0,32.0,8,0,1,2,0,0,2,2,0,0,1,0,1,0,12,0,1.0,1,1
1,1.0,115,0,0,0,0,0,1,0,1,1,1,0,1,0,2,0,1.0,1,1
0,2.0,136,112,0,6,0,0,1,1,0,0,0,0,1,0,7,0,7.0,1,1
0,2.0,136,0,1,0,0,0,1,1,0,0,1,0,1,0,2,0,5.0,1,1
1,7.0,100,0,0,0,1,0,1,0,1,1,1,0,2,0,12,0,5.0,1,1
0,36.0,136,0,0,0,1,0,1,0,1,1,1,1,1,0,2,0,3.0,1,1
1,4.0,100,0,1,2,3,5,0,0,1,1,1,0,1,0,12,0,1.0,0,1
0,36.0,24,0,1,6,0,0,0,0,0,0,0,0,1,200,2,0,4.0,1,1
1,2.0,100,0,2,3,6,0,0,1,1,0,1,0,2,0,9,0,2.0,1,1
1,8.0,100,0,0,0,0,0,1,0,0,0,1,0,1,0,2,1,1.0,1,1
1,60.0,110,78,1,0,5,5,1,1,0,0,0,0,2,0,3,0,2.0,1,1
1,1.0,99,0,0,0,1,3,1,1,0,0,0,0,1,0,12,0,1.0,1,1
0,2.0,136,0,1,0,1,5,1,0,1,1,1,0,1,0,2,0,5.0,1,1
1,2.0,100,0,0,1,0,0,0,0,1,1,1,0,1,20,2,0,2.0,1,1
0,30.0,136,0,0,0,0,0,1,1,0,0,0,0,1,0,2,0,1.0,1,1
0,2.0,136,0,0,1,6,0,1,1,0,0,1,0,1,0,2,0,3.0,1,1
1,18.0,117,0,2,1,5,5,0,1,0,0,1,0,2,0,9,0,2.0,1,1
0,2.0,136,0,1,1,0,0,1,0,0,0,1,0,2,0,2,0,5.0,1,1
1,1.0,100,0,1,2,5,0,1,0,0,0,0,0,1,0,12,1,3.0,1,1
0,27.0,157,0,1,0,6,0,2,0,0,0,1,0,1,100,2,0,1.0,1,1
0,12.0,136,0,0,0,2,5,1,0,2,2,2,0,1,0,3,0,3.0,1,1
1,12.0,100,0,1,0,1,5,1,0,0,0,0,0,1,0,2,0,6.0,1,1
0,6.0,136,0,1,1,0,0,1,1,0,0,0,0,1,0,12,0,0.0,1,1
0,36.0,136,0,2,0,2,0,2,2,2,2,2,0,4,0,2,0,3.0,0,1
0,5.0,5,107,1,0,1,0,1,1,2,2,1,0,1,0,2,0,3.0,1,1
0,3.0,136,0,1,0,1,0,1,1,1,1,1,0,1,0,7,0,2.0,0,1
0,3.0,136,107,1,0,0,0,0,1,0,0,1,0,1,0,12,0,1.0,1,1
1,2.0,100,101,2,0,0,0,1,0,1,1,1,0,2,0,2,0,1.0,1,1
1,1.0,100,0,1,0,1,2,0,0,1,1,1,0,1,0,1,0,1.0,1,1
0,2.0,136,51,1,1,6,0,1,1,0,0,1,0,1,0,2,0,3.0,1,1
1,7.0,100,0,0,3,6,0,1,1,1,1,1,0,1,0,12,0,1.0,1,1
1,4.0,100,0,1,3,4,5,0,0,2,0,1,0,1,0,12,0,8.0,1,1
1,8.0,117,68,1,1,6,0,1,1,0,0,1,0,1,0,2,0,4.0,1,1
0,2.0,38,37,1,1,0,0,0,0,1,1,1,0,1,350,2,0,2.0,1,1
0,3.0,136,0,2,1,4,5,1,1,1,0,1,0,2,0,2,0,11.0,1,1
0,3.0,136,0,0,1,0,0,1,0,0,0,1,0,1,0,2,0,1.0,1,1
0,4.0,48,28,1,6,0,0,0,0,0,0,1,0,1,350,2,0,5.0,1,1
1,1.0,100,0,0,0,0,0,0,0,1,1,1,0,1,0,2,0,3.0,1,1
0,2.0,136,0,0,1,0,0,1,1,1,1,1,1,1,0,2,0,2.0,1,1
0,36.0,151,0,0,4,0,0,1,2,0,0,0,0,1,200,12,0,1.0,1,1
0,2.0,136,0,1,4,6,0,1,0,1,1,1,0,3,0,12,0,2.0,1,1
1,24.0,100,0,0,1,6,0,1,0,0,0,1,0,1,0,12,0,4.0,1,1
1,180.0,99,0,0,0,6,0,1,1,0,0,0,0,1,0,2,0,1.0,1,1
1,3.0,100,78,2,0,5,5,1,1,2,2,2,0,6,0,12,0,4.0,1,1
0,36.0,48,107,0,0,6,0,1,1,2,2,2,0,1,0,2,0,2.0,1,1
1,3.0,117,0,0,4,6,0,1,2,0,0,1,0,1,0,0,0,4.0,1,1
1,6.0,100,0,0,1,2,0,1,0,2,1,1,1,1,0,2,0,4.0,1,1
0,8.0,136,0,1,6,0,0,1,1,0,0,1,0,1,0,2,0,5.0,1,1
1,12.0,100,0,0,2,0,0,1,0,0,0,1,0,1,0,2,0,5.0,1,1
0,2.0,136,107,0,0,1,5,1,1,0,0,1,0,1,0,2,0,5.0,1,1
0,12.0,136,0,1,1,6,0,1,1,0,0,0,0,1,100,3,0,3.0,1,1
1,2.0,100,78,0,3,0,0,0,0,1,0,1,0,1,0,2,0,1.0,1,1
1,2.0,122,0,1,6,0,0,0,2,0,0,1,0,1,0,2,0,0.0,1,1
0,132.0,48,0,1,0,0,0,0,0,0,0,0,0,1,0,3,0,0.0,0,1
1,3.0,99,0,0,0,6,0,2,1,1,1,1,0,1,0,12,0,6.0,1,1
0,3.0,162,107,0,6,0,0,1,0,1,0,2,0,1,0,6,0,9.0,1,1
1,1.0,122,78,2,0,5,5,1,0,1,1,1,0,6,0,12,0,11.0,1,1
0,36.0,136,107,2,0,1,5,1,1,1,1,0,0,3,0,12,0,6.0,1,1
1,4.0,99,78,0,0,3,0,1,1,1,0,1,0,4,0,2,0,17.0,1,1
1,1.0,100,0,0,1,6,0,1,0,1,1,1,0,1,0,12,0,2.0,1,1
0,1.0,136,107,2,1,6,0,1,0,1,1,1,0,3,0,2,0,4.0,1,1
1,6.0,124,0,0,0,5,5,0,0,0,0,0,0,1,0,2,0,3.0,1,1
1,2.0,100,0,0,0,6,0,1,1,1,0,1,0,1,0,2,0,4.0,1,1
1,3.0,88,101,2,3,4,0,1,0,2,0,1,0,2,50,12,0,4.0,1,1
1,8.0,98,77,2,1,3,3,2,2,2,2,2,0,6,100,2,0,0.0,1,1
0,1.0,136,107,2,1,4,5,2,0,1,1,1,1,6,0,2,0,3.0,1,1
1,18.0,117,93,0,4,6,0,2,1,1,1,1,0,1,180,2,0,2.0,1,1
0,24.0,136,14,0,2,4,0,1,0,0,0,1,0,1,0,4,0,3.0,1,1
0,12.0,51,0,0,0,1,5,1,0,0,0,1,0,1,0,7,0,1.0,1,1
1,1.0,100,92,2,0,5,5,0,1,1,1,2,0,4,0,2,0,0.0,0,1
1,12.0,132,104,1,1,3,3,0,1,0,0,1,0,1,0,2,0,1.0,1,1
1,4.0,122,62,1,4,0,0,1,1,1,1,1,0,1,150,12,0,4.0,0,1
1,1.0,100,0,2,0,2,0,0,0,1,1,1,1,2,0,7,0,2.0,0,1
0,2.0,136,0,1,0,0,0,1,0,0,0,1,0,1,0,2,0,4.0,1,1
0,48.0,44,0,0,0,1,0,2,0,0,0,1,0,1,0,2,0,2.0,1,1
1,6.0,100,0,0,0,2,0,2,0,0,0,0,0,2,60,2,0,3.0,1,1
1,18.0,85,78,2,0,5,0,0,0,1,1,1,0,2,0,2,0,3.0,1,1
1,15.0,117,77,0,1,4,5,2,1,0,0,0,0,1,0,2,0,1.0,1,1
1,5.0,122,0,1,5,6,0,2,1,0,0,1,0,1,0,2,0,3.0,1,1
1,12.0,100,0,0,0,0,0,0,0,1,1,1,0,1,0,2,0,1.0,0,1
0,10.0,136,0,0,0,0,0,1,0,0,1,2,0,1,0,2,0,3.0,1,1
0,3.0,136,107,0,4,0,0,1,0,2,2,2,0,1,0,2,0,2.0,1,1
0,1.0,35,0,2,0,1,5,1,0,1,1,1,0,3,200,7,0,3.0,0,1
0,36.0,48,107,0,1,5,0,0,1,2,2,0,0,1,0,2,0,4.0,1,1
1,4.0,100,0,1,2,5,5,0,0,0,0,1,0,1,0,12,0,4.0,1,1
0,1.0,136,107,1,0,1,0,0,0,1,1,0,0,1,0,12,0,2.0,1,1
0,2.0,136,0,0,6,0,0,1,0,1,1,1,0,1,50,7,0,1.0,0,1
0,16.0,156,9,1,0,0,0,1,1,0,0,2,0,2,0,2,0,2.0,1,1
0,1.0,136,0,1,0,1,3,1,1,1,1,1,0,1,0,12,0,6.0,0,1
1,42.0,100,0,1,0,3,5,0,0,0,0,0,0,1,0,2,1,4.0,1,1
0,18.0,136,51,0,1,6,0,1,1,0,0,0,0,1,50,2,0,5.0,1,1
0,2.0,75,107,1,1,0,0,1,0,2,2,1,0,1,0,2,0,2.0,1,1
0,10.0,136,0,0,0,1,0,1,1,0,0,1,0,1,0,12,0,1.0,1,1
0,2.0,136,0,0,1,4,5,1,0,0,0,1,0,1,0,2,0,10.0,1,1
1,2.0,100,0,0,0,0,0,1,0,1,1,1,0,1,0,2,0,2.0,1,1
0,12.0,136,0,1,0,0,0,1,1,1,1,0,0,1,0,12,0,4.0,1,1
0,3.0,136,0,0,1,0,0,1,0,0,0,1,0,1,0,7,1,7.0,1,1
0,24.0,21,107,0,3,0,0,2,0,2,2,0,1,1,0,12,0,2.0,1,1
0,1.0,136,0,1,0,1,4,1,1,1,1,1,0,2,0,3,0,5.0,0,1
0,1.0,136,0,0,1,6,0,1,1,1,1,1,0,1,0,12,0,12.0,1,1
1,2.0,100,0,1,0,1,5,0,0,0,0,1,0,5,0,2,0,6.0,0,1
0,2.0,136,0,1,0,1,0,1,0,2,2,1,0,1,0,2,0,1.0,1,1
1,2.0,122,77,0,4,5,5,1,1,1,0,1,0,1,0,2,0,1.0,1,1
0,12.0,136,0,1,0,6,0,0,0,1,1,1,0,1,0,12,0,5.0,1,1
0,3.0,136,0,1,4,0,0,1,0,0,0,0,0,1,0,2,0,4.0,1,1
0,10.0,49,107,1,6,0,0,1,0,2,2,2,0,2,0,12,0,5.0,0,1
0,9.0,136,0,0,1,0,0,1,1,0,0,1,0,1,0,2,0,4.0,1,1
0,4.0,136,0,0,0,2,0,2,0,0,0,1,0,1,0,2,0,1.0,1,1
0,24.0,136,0,0,0,3,0,1,0,2,2,2,0,1,0,7,0,3.0,1,1
1,2.0,100,0,1,0,6,0,0,0,1,0,1,0,1,0,2,0,3.0,1,1
0,9.0,136,0,0,6,0,0,1,0,0,0,0,0,1,150,2,0,5.0,1,1
0,5.0,136,0,1,1,6,0,1,0,0,0,0,0,1,0,2,0,4.0,1,1
1,0.0,100,78,2,1,2,5,1,0,1,1,1,0,5,0,2,0,11.0,1,1
1,2.0,100,0,2,0,6,0,1,0,1,1,1,0,3,0,2,0,1.0,0,1
0,36.0,38,0,0,4,0,0,0,1,0,2,0,0,1,200,12,0,3.0,1,1
0,2.0,136,0,1,0,0,0,2,0,0,0,1,0,2,0,2,1,3.0,1,1
0,2.0,136,0,0,0,1,0,1,0,1,1,1,0,1,0,12,0,4.0,1,1
0,10.0,136,0,1,1,6,0,0,0,0,0,2,0,1,0,2,0,5.0,1,1
0,3.0,136,0,1,0,6,0,1,0,0,0,1,0,3,0,12,0,1.0,1,1
0,1.0,136,107,2,0,1,5,1,1,1,0,1,0,5,0,2,1,6.0,1,1
1,12.0,100,0,1,0,1,2,0,1,2,2,2,0,1,0,12,0,2.0,1,1
0,3.0,136,107,2,0,6,0,0,0,1,1,1,0,2,0,2,0,3.0,1,1
0,8.0,136,0,1,1,0,0,1,0,0,0,0,0,1,0,12,0,9.0,1,1
0,2.0,136,107,1,1,0,0,1,1,0,0,1,0,1,0,2,0,1.0,1,1
0,36.0,8,107,0,2,0,0,1,1,0,0,0,0,1,0,2,0,2.0,1,1
0,24.0,136,0,1,6,0,0,2,0,2,2,0,1,1,0,3,0,2.0,1,1
0,4.0,136,0,1,1,6,0,1,0,1,0,0,0,1,150,2,4,6.0,1,1
0,49.0,8,0,0,2,3,0,2,1,0,0,1,0,1,0,3,0,2.0,1,1
1,3.0,99,0,0,1,4,5,0,1,1,1,0,0,1,160,2,0,8.0,1,1
1,1.0,100,0,2,1,2,2,1,0,1,1,1,0,7,0,12,0,5.0,1,1
1,7.0,99,90,1,0,6,0,1,1,2,2,1,0,2,0,2,0,4.0,1,1
1,12.0,100,0,1,0,5,5,0,0,0,0,1,0,1,0,2,0,3.0,1,1
1,3.0,100,0,1,0,3,5,1,0,1,1,2,0,2,0,2,0,4.0,1,1
1,72.0,100,0,1,2,3,5,0,0,1,1,0,0,1,0,2,0,2.0,1,1
0,1.0,136,0,1,0,0,0,1,0,2,2,1,0,1,0,2,0,1.0,1,1
1,2.0,122,0,0,1,4,5,1,0,1,0,1,0,1,50,2,0,2.0,1,1
0,2.0,28,107,2,0,2,0,0,0,1,1,1,0,2,0,2,0,6.0,1,1
1,2.0,100,0,0,0,6,0,1,0,1,0,1,0,1,0,2,0,16.0,1,1
0,5.0,136,0,0,1,6,0,1,0,1,0,0,0,4,50,12,0,4.0,1,1
1,6.0,100,0,1,5,6,0,1,0,1,1,1,0,1,20,10,0,1.0,1,1
0,24.0,136,0,0,1,5,5,1,0,0,0,0,0,1,0,12,0,1.0,1,1
1,3.0,100,0,2,0,1,3,1,0,0,0,1,0,3,0,2,0,16.0,1,1
1,2.0,98,0,2,2,4,4,1,2,1,1,1,0,11,30,2,0,6.0,0,1
0,1.0,136,0,0,0,1,2,1,1,1,1,1,0,3,0,2,0,4.0,0,1
1,9.0,99,77,2,0,3,5,1,1,1,2,2,0,2,0,4,0,3.0,1,1
0,3.0,21,0,1,0,0,0,2,0,0,0,2,0,1,0,2,0,0.0,1,1
0,24.0,40,0,0,4,0,0,1,0,1,0,0,0,1,100,2,0,2.0,1,1
0,1.0,28,107,2,0,2,0,1,0,0,0,1,0,2,0,2,0,13.0,1,1
0,2.0,136,0,1,0,6,0,1,1,0,0,1,0,3,0,2,0,4.0,1,1
0,84.0,163,0,1,1,0,0,2,1,0,0,0,1,1,0,2,0,1.0,1,1
0,12.0,136,0,0,1,0,0,1,0,1,0,1,0,1,250,12,0,1.0,1,1
0,1.0,136,0,2,0,1,3,1,1,1,1,1,0,8,0,12,0,14.0,1,1
1,2.0,100,0,1,0,0,0,0,0,1,0,1,1,1,0,12,0,0.0,1,1
0,12.0,136,0,0,4,0,0,1,0,0,0,0,0,1,0,2,0,1.0,1,1
0,4.0,136,0,0,1,0,0,2,1,0,0,1,0,1,0,2,0,1.0,1,1
0,6.0,136,0,1,1,0,0,1,0,0,0,1,0,1,0,2,0,1.0,1,1
0,0.0,136,0,2,0,1,0,1,0,1,1,1,0,6,0,2,0,11.0,1,1
0,2.0,62,107,1,6,0,0,1,0,0,0,1,0,5,0,2,0,3.0,1,1
0,3.0,136,0,1,0,1,5,1,0,0,0,1,0,1,0,12,0,2.0,1,1
1,3.0,99,0,0,3,0,0,2,1,0,0,1,0,1,150,2,0,3.0,1,1
0,6.0,57,30,0,0,1,0,0,2,2,0,1,0,1,300,12,0,6.0,1,1
0,8.0,136,0,1,4,0,0,1,0,1,1,1,0,1,20,3,0,1.0,1,1
1,29.0,88,92,0,3,4,0,1,1,0,0,1,0,1,70,2,0,3.0,1,1
1,12.0,100,0,0,1,5,5,1,0,1,0,0,0,1,0,12,0,5.0,1,1
0,3.0,136,0,0,0,1,5,1,0,1,0,1,0,1,0,7,0,6.0,1,1
0,2.0,136,107,0,1,3,3,0,0,0,0,1,0,1,0,4,0,2.0,1,1
0,9.0,5,0,0,0,0,0,2,0,0,0,0,0,1,300,12,0,1.0,1,1
0,18.0,136,107,1,0,1,2,2,0,0,0,0,0,4,0,3,0,3.0,1,1
1,12.0,122,85,0,0,2,5,1,1,2,0,1,0,1,100,2,0,4.0,1,1
1,24.0,100,0,1,5,6,0,0,0,0,0,0,0,1,100,3,0,2.0,1,1
0,5.0,5,107,1,0,1,0,1,0,0,0,0,0,1,0,2,0,4.0,1,1
0,3.0,136,107,2,0,1,0,2,0,2,2,2,0,3,0,2,0,12.0,0,1
0,3.0,136,0,1,1,6,0,1,1,0,0,1,0,1,0,2,0,2.0,1,1
0,18.0,34,51,1,4,0,0,0,1,2,0,2,0,1,100,2,0,4.0,1,1
1,2.0,100,0,0,2,0,0,1,0,1,0,1,0,1,0,2,1,7.0,1,1
0,2.0,136,0,1,1,6,0,1,0,0,0,0,0,1,50,3,0,9.0,1,1
0,42.0,57,0,0,0,5,5,0,2,2,2,1,1,1,100,12,0,2.0,1,1
1,24.0,100,101,1,0,1,0,1,0,1,0,0,0,1,0,2,0,4.0,1,1
0,6.0,38,107,0,1,0,0,0,1,2,2,2,0,1,0,2,0,0.0,1,1
0,2.0,136,0,0,0,0,0,1,0,1,0,1,0,1,0,2,0,3.0,0,1
0,13.0,28,107,1,2,0,0,0,0,0,0,0,0,1,0,2,0,6.0,1,1
0,1.0,136,0,2,0,1,5,2,0,1,1,1,0,4,0,12,0,3.0,1,1
1,1.0,100,0,0,0,6,0,1,0,2,2,2,0,1,0,12,0,3.0,1,1
0,7.0,136,0,1,4,6,0,1,0,0,0,0,0,1,0,2,0,4.0,1,1
0,4.0,136,0,1,2,0,0,2,0,0,0,1,0,1,0,7,0,4.0,1,1
1,5.0,100,76,0,0,6,0,1,0,1,1,0,0,1,0,2,0,5.0,1,1
0,36.0,136,8,2,0,2,0,2,0,0,0,0,0,2,0,2,0,5.0,1,1
1,4.0,135,78,0,0,6,0,0,0,2,0,1,0,1,0,12,0,5.0,1,1
1,4.0,100,0,0,1,0,0,1,0,1,0,0,0,1,0,2,0,2.0,1,1
0,36.0,158,107,1,0,1,5,1,0,0,0,0,0,1,0,2,0,5.0,1,1
0,1.0,136,0,0,5,6,0,1,0,1,1,1,0,1,0,2,0,11.0,1,1
1,3.0,100,0,2,1,3,0,1,0,0,0,0,0,5,100,2,0,5.0,1,1
1,2.0,100,0,0,0,1,5,1,0,1,1,1,0,1,0,12,1,7.0,1,1
0,4.0,136,107,0,0,1,2,1,1,0,0,1,0,1,0,2,0,5.0,1,1
0,48.0,136,0,0,1,0,0,0,0,0,0,1,0,1,0,12,0,1.0,1,1
1,14.0,99,77,1,3,5,5,1,1,1,0,1,0,1,0,12,0,4.0,1,1
0,2.0,136,107,1,0,1,5,1,1,1,0,1,0,1,0,2,0,4.0,1,1
0,2.0,136,0,1,0,1,5,1,0,2,2,1,0,1,0,2,0,3.0,1,1
0,2.0,136,107,1,0,1,0,1,1,1,0,1,0,1,0,2,0,5.0,1,1
1,9.0,100,0,1,2,0,0,0,0,2,2,1,0,1,1,2,0,2.0,1,1
1,15.0,100,0,0,3,6,0,2,0,0,0,0,0,1,0,12,0,2.0,1,1
1,0.0,100,0,2,0,1,0,1,1,1,1,1,0,4,0,2,0,1.0,0,1
1,4.0,99,0,2,4,6,0,0,1,0,0,0,0,2,0,12,0,4.0,0,1
0,12.0,136,0,0,0,3,0,1,0,1,0,1,0,1,0,7,0,5.0,1,1
0,1.0,136,107,1,1,2,0,0,0,2,2,2,0,1,0,2,0,8.0,1,1
0,2.0,136,107,1,0,1,0,1,1,1,1,1,0,1,59,2,0,1.0,1,1
0,48.0,136,0,0,1,6,0,1,0,0,0,0,0,1,0,2,0,4.0,1,1
0,84.0,38,0,0,0,1,4,1,2,0,0,1,0,1,0,2,0,2.0,1,1
0,48.0,136,0,0,1,3,0,2,0,2,1,1,0,1,1,2,0,0.0,1,1
1,2.0,100,0,1,2,4,4,0,0,1,0,1,0,1,0,12,0,3.0,1,1
1,1.0,100,0,2,1,2,0,0,0,1,1,1,0,4,0,2,0,3.0,1,1
0,60.0,8,107,0,1,3,5,1,1,0,0,0,0,1,0,2,0,5.0,1,1
1,36.0,99,77,1,0,5,0,1,1,1,1,1,0,1,0,12,0,5.0,1,1
1,2.0,129,0,1,0,6,0,1,0,1,0,1,0,1,0,2,0,1.0,1,0
1,3.0,100,0,0,0,0,0,0,0,1,0,1,0,1,0,2,1,3.0,1,1
1,20.0,99,69,0,0,6,0,1,1,0,0,0,0,1,0,4,0,7.0,1,1
0,2.0,136,107,0,1,0,0,1,0,1,1,1,0,1,0,2,0,3.0,1,1
0,1.0,136,107,0,1,0,0,1,0,1,1,1,0,1,0,12,0,5.0,1,1
0,4.0,136,0,1,1,6,0,1,0,0,0,1,0,1,100,2,0,3.0,1,1
0,8.0,136,0,1,1,0,0,0,0,1,0,1,0,1,0,12,0,2.0,1,1
1,8.0,129,0,0,2,0,0,1,0,0,0,0,0,1,0,2,0,2.0,1,1
1,4.0,100,0,0,6,0,0,1,0,1,1,1,0,1,0,2,0,1.0,1,1
0,2.0,136,0,0,0,6,0,0,0,1,1,1,0,1,0,4,0,2.0,1,1
1,3.0,100,0,0,5,6,0,1,0,1,1,1,0,1,0,2,0,3.0,1,1
1,0.0,100,0,2,0,2,5,0,0,1,1,1,0,2,0,2,0,8.0,1,1
1,24.0,129,0,1,0,5,0,0,0,0,0,0,0,1,0,4,0,4.0,1,1
0,2.0,136,0,0,0,1,3,1,0,1,1,1,0,1,0,2,0,2.0,1,1
0,21.0,136,113,1,3,4,0,1,1,0,1,1,0,1,0,2,0,2.0,1,1
0,4.0,136,6,0,2,0,0,1,1,0,1,0,0,1,0,2,0,3.0,1,1
0,30.0,136,0,1,0,6,0,1,0,0,0,0,0,1,80,2,0,1.0,1,1
1,3.0,100,0,1,6,0,0,1,1,2,2,1,0,1,50,12,0,3.0,1,1
1,4.0,100,77,1,0,6,0,1,1,0,1,1,0,1,0,2,0,4.0,1,1
0,2.0,136,107,1,1,0,0,1,1,1,0,1,0,1,0,2,0,9.0,1,1
0,11.0,136,51,1,2,0,0,1,0,0,0,0,0,1,0,2,0,9.0,1,1
0,4.0,58,4,1,0,1,0,2,1,0,0,1,0,1,350,2,0,2.0,1,1
1,7.0,117,78,2,1,6,0,1,1,0,0,1,0,2,250,12,0,16.0,1,1
0,60.0,136,0,1,0,1,0,1,0,0,0,0,0,1,0,2,0,6.0,1,1
1,5.0,100,0,1,1,3,4,1,0,1,1,1,0,1,0,2,0,2.0,1,1
0,2.0,136,0,0,6,0,0,1,0,1,1,1,0,1,0,12,0,4.0,1,1
0,24.0,38,0,0,6,0,0,0,1,2,2,2,0,1,0,12,0,3.0,1,1
1,2.0,100,0,0,2,5,5,0,1,1,0,1,0,1,0,3,0,2.0,1,1
0,2.0,136,107,2,0,1,3,0,0,1,0,1,0,2,0,12,0,1.0,1,1
0,3.0,136,0,1,0,0,0,1,0,1,0,1,0,1,0,2,0,2.0,1,1
0,24.0,136,107,1,4,6,0,1,1,0,0,0,0,1,0,12,0,2.0,1,1
0,2.0,136,107,1,0,1,0,1,0,2,2,2,0,1,0,2,0,2.0,1,1
0,6.0,136,0,1,1,0,0,1,0,0,0,0,0,1,0,12,0,1.0,1,1
0,1.0,136,0,1,0,1,5,1,0,1,0,1,0,7,0,2,0,3.0,1,1
1,2.0,100,0,1,0,6,0,1,0,1,0,1,0,1,0,2,0,5.0,1,1
1,10.0,100,0,1,0,2,5,1,0,0,0,0,0,1,50,12,0,1.0,1,1
1,2.0,100,78,1,2,5,0,1,0,0,0,1,0,1,0,2,0,4.0,1,1
1,2.0,100,0,0,2,0,0,0,0,1,1,1,0,1,50,2,0,4.0,1,1
1,1.0,99,0,0,0,6,0,1,1,1,0,1,0,1,0,2,0,4.0,1,1
1,1.0,100,0,1,1,5,5,0,0,1,0,1,0,1,0,2,0,3.0,0,1
0,12.0,62,107,1,6,0,0,1,1,2,2,2,0,1,0,2,0,4.0,1,1
1,3.0,100,0,0,0,0,0,1,0,1,0,1,0,1,0,2,0,2.0,1,1
0,2.0,136,107,1,1,0,0,1,1,0,0,1,0,1,0,2,0,1.0,1,1
1,11.0,100,0,0,0,5,5,1,0,0,0,1,0,1,0,2,0,3.0,1,1
1,4.0,99,0,0,2,0,0,0,1,1,0,1,0,1,0,2,0,6.0,1,1
1,1.0,91,0,2,0,5,5,1,1,1,1,1,0,3,0,2,0,3.0,1,1
0,2.0,136,107,0,1,4,0,1,0,1,1,1,0,1,0,2,0,4.0,1,1
0,4.0,21,107,0,0,0,0,1,0,0,0,0,0,1,0,2,0,11.0,1,1
0,24.0,136,0,0,4,0,0,1,0,0,0,0,0,1,0,12,0,1.0,1,1
0,24.0,57,0,0,5,6,0,0,2,2,2,2,0,1,0,2,0,2.0,1,1
1,15.0,99,0,1,2,6,0,1,1,0,2,2,0,1,1,12,0,1.0,1,1
1,5.0,100,0,0,0,5,0,1,0,1,0,1,0,2,0,2,0,17.0,1,1
1,1.0,91,0,1,0,1,5,0,0,1,1,1,0,1,0,2,0,7.0,1,1
0,2.0,136,0,0,1,6,0,1,1,1,1,1,0,1,0,2,1,3.0,1,1
1,1.0,99,0,2,0,1,0,1,1,1,1,1,0,2,0,12,0,5.0,1,1
1,1.0,129,78,1,0,5,5,1,1,0,0,1,0,1,0,12,0,7.0,1,1
1,9.0,98,0,0,0,6,0,1,2,1,0,1,1,1,0,12,0,2.0,1,1
0,2.0,136,0,1,3,4,5,1,0,1,0,1,0,1,0,2,0,5.0,1,1
1,1.0,114,0,0,0,5,0,1,1,0,0,1,0,1,0,2,0,1.0,1,1
0,2.0,136,0,1,4,0,0,1,0,0,0,1,0,1,0,2,0,5.0,1,1
1,1.0,119,82,1,1,6,0,2,2,1,1,1,0,1,0,2,0,0.0,1,1
1,4.0,129,0,0,3,6,0,0,1,0,0,1,0,1,0,12,0,7.0,1,1
0,4.0,136,107,2,0,0,0,0,1,2,2,1,0,2,0,4,0,5.0,1,1
0,2.0,136,0,1,1,0,0,1,0,2,2,2,0,1,0,2,0,1.0,1,1
0,1.0,136,0,2,0,1,2,0,0,1,1,1,1,2,0,2,0,3.0,0,1
1,60.0,100,0,0,3,0,0,1,1,0,0,0,0,1,0,3,0,1.0,1,1
1,9.0,135,78,0,0,6,0,1,0,0,0,0,0,1,0,12,0,4.0,1,1
0,3.0,39,0,1,0,3,5,0,0,2,2,2,0,1,0,2,0,4.0,1,1
1,3.0,135,0,0,0,6,0,0,0,0,0,1,0,1,0,2,0,3.0,1,1
0,9.0,28,107,0,0,6,0,0,0,2,0,1,0,1,0,1,0,3.0,1,1
0,2.0,136,0,0,0,1,0,0,0,1,1,1,0,1,0,12,0,5.0,1,1
0,50.0,8,0,0,2,0,0,2,2,0,0,1,0,1,0,2,0,3.0,1,1
0,18.0,38,0,0,1,2,0,0,1,0,0,1,0,1,0,12,0,1.0,1,1
0,12.0,10,107,0,1,0,0,2,0,0,0,0,0,1,0,12,0,2.0,1,1
1,1.0,78,58,2,0,1,0,0,0,1,1,1,0,4,0,4,0,3.0,1,1
0,84.0,28,0,0,0,1,0,0,1,2,0,1,1,1,0,12,0,2.0,0,1
1,2.0,100,0,0,3,6,0,1,0,1,0,1,0,1,0,12,0,3.0,1,1
0,2.0,136,0,1,0,1,0,1,0,1,1,1,0,3,0,7,0,3.0,1,1
1,18.0,98,76,1,1,5,5,2,2,1,0,1,0,1,50,2,0,5.0,1,1
1,3.0,100,78,0,2,6,0,1,0,1,0,1,0,1,0,12,0,5.0,1,1
0,12.0,136,0,0,1,2,5,2,0,0,0,1,0,1,0,2,0,2.0,1,1
0,12.0,136,51,1,0,5,0,1,1,0,0,0,0,1,0,0,0,2.0,1,1
0,2.0,136,0,2,0,1,0,1,1,1,0,1,0,4,0,6,0,3.0,1,1
1,12.0,100,0,0,0,6,0,1,0,2,2,1,0,1,50,2,0,1.0,1,1
1,12.0,100,0,0,0,5,5,1,1,0,0,1,0,1,0,2,0,1.0,1,1
0,1.0,136,107,1,1,0,0,1,1,0,0,1,0,1,0,2,0,2.0,1,1
0,1.0,136,51,0,0,4,0,1,0,1,0,1,0,1,0,2,0,2.0,1,1
1,1.0,99,63,0,2,4,5,1,1,1,0,1,0,1,40,2,0,5.0,1,1
0,24.0,48,0,1,5,6,0,0,1,2,2,2,0,1,0,2,0,4.0,1,1
0,2.0,136,0,1,1,0,0,0,0,0,0,1,0,1,0,12,0,5.0,1,1
1,36.0,129,0,0,2,3,0,1,1,2,2,0,0,1,0,2,0,4.0,1,1
1,2.0,100,0,1,1,6,0,0,0,1,1,1,0,1,50,2,0,1.0,1,1
1,2.0,99,0,2,0,3,5,1,1,2,2,2,0,4,0,12,0,4.0,1,1
0,0.0,136,0,1,0,6,0,1,0,1,0,1,0,1,0,2,0,9.0,1,1
1,12.0,99,0,2,0,6,0,1,1,2,2,2,0,4,0,2,0,1.0,1,1
0,2.0,136,107,1,0,0,0,1,1,0,0,1,0,1,0,12,0,2.0,1,1
0,2.0,136,0,1,0,6,0,1,0,1,1,1,0,1,20,3,0,1.0,1,1
1,8.0,100,0,0,0,5,5,1,0,0,0,1,0,1,0,2,0,1.0,1,1
0,2.0,136,0,1,1,0,0,1,1,0,1,1,0,1,40,3,0,1.0,1,1
0,8.0,136,0,1,3,4,5,1,1,0,0,1,0,1,0,2,0,3.0,1,1
1,2.0,98,76,2,0,5,0,1,2,2,2,2,0,2,0,12,0,3.0,1,1
0,38.0,34,0,0,2,4,5,1,1,0,0,1,0,1,0,2,0,1.0,1,1
0,1.0,136,0,0,1,3,0,1,0,1,1,1,0,1,50,2,0,2.0,1,1
1,0.0,99,0,0,1,4,0,0,1,1,1,1,0,1,0,2,0,4.0,1,1
0,4.0,136,0,1,3,0,0,0,1,1,0,0,0,1,0,2,0,8.0,1,1
1,2.0,80,0,1,0,3,5,1,0,1,1,1,0,1,20,2,0,1.0,1,1
0,24.0,21,0,1,0,0,0,2,1,0,0,2,0,1,300,2,0,1.0,1,1
1,2.0,91,0,1,0,1,1,1,0,1,0,1,0,4,0,2,0,10.0,1,1
0,4.0,136,0,0,0,1,0,1,1,0,0,1,0,1,0,2,0,10.0,1,1
1,36.0,100,0,1,5,6,0,1,0,0,2,1,0,1,0,2,0,1.0,1,1
1,3.0,100,0,0,1,2,5,0,0,1,1,1,0,1,0,2,0,3.0,1,1
0,2.0,136,107,1,6,0,0,1,1,1,1,1,0,1,0,2,0,1.0,1,1
1,6.0,120,0,0,5,0,0,1,1,1,0,1,0,1,150,2,0,5.0,1,1
0,2.0,136,0,1,1,4,5,1,1,0,0,1,0,1,100,2,0,2.0,1,1
0,3.0,136,0,1,1,0,0,1,0,2,2,1,0,1,0,2,0,2.0,1,1
1,3.0,100,0,1,0,6,0,0,0,1,1,1,0,1,0,2,0,2.0,1,1
0,1.0,136,107,2,1,6,0,1,0,1,1,1,0,5,0,2,0,0.0,0,1
1,3.0,100,0,0,0,6,0,1,0,1,1,1,0,1,15,2,0,6.0,1,1
0,3.0,21,107,1,0,1,0,1,0,0,0,1,0,1,0,2,0,4.0,1,1
1,2.0,100,0,0,5,0,0,1,0,0,0,1,0,1,0,12,0,3.0,1,1
0,3.0,136,0,1,0,1,0,1,1,1,0,1,0,1,0,2,0,6.0,1,1
1,4.0,100,0,1,4,6,0,1,0,0,0,0,0,1,0,2,0,1.0,1,1
0,1.0,136,0,1,0,6,0,1,0,1,0,1,0,1,0,12,0,1.0,0,1
0,2.0,136,0,1,1,6,0,1,0,1,1,1,0,1,0,2,0,1.0,1,1
0,4.0,136,0,1,0,3,0,1,1,0,0,1,0,1,0,2,0,2.0,1,1
0,2.0,136,107,1,1,6,0,1,1,1,0,1,0,1,0,2,0,5.0,1,1
1,1.0,100,0,0,0,6,0,0,0,2,2,2,0,1,0,3,0,1.0,1,1
0,30.0,13,0,0,0,5,5,2,1,0,0,0,0,1,0,2,0,3.0,1,1
1,7.0,100,77,1,1,2,0,0,0,1,0,1,0,1,0,12,0,3.0,1,1
0,0.0,136,0,2,0,1,0,1,1,1,2,1,0,3,0,7,0,1.0,1,1
0,5.0,136,0,1,1,0,0,1,1,1,1,1,0,1,0,7,0,3.0,1,1
0,63.0,8,107,1,0,0,0,1,0,0,0,0,0,1,50,2,0,5.0,1,1
1,16.0,117,78,0,4,0,0,2,2,1,1,0,0,1,0,1,0,4.0,1,1
1,3.0,100,0,1,0,6,0,1,1,1,1,1,0,1,0,12,0,5.0,1,1
1,3.0,98,78,0,0,5,5,1,1,1,1,1,0,1,80,2,0,5.0,1,1
0,7.0,21,107,1,1,0,0,1,0,0,0,0,0,1,0,2,0,3.0,1,1
1,1.0,100,0,1,2,3,3,1,0,1,1,1,0,1,0,1,0,3.0,1,1
1,1.0,100,0,0,0,6,0,0,0,1,1,1,0,1,0,2,0,2.0,1,1
1,1.0,99,77,0,3,4,5,1,1,1,0,1,0,2,0,12,0,15.0,1,1
1,4.0,100,0,0,1,5,0,1,0,1,1,1,0,1,0,12,0,5.0,1,1
0,34.0,136,0,1,0,1,0,1,0,0,0,0,0,1,100,2,0,4.0,1,1
1,2.0,100,0,0,0,6,0,1,0,1,1,1,0,1,0,12,0,4.0,1,1
1,3.0,100,78,1,0,5,0,0,0,1,1,1,0,1,0,2,0,5.0,1,1
0,4.0,136,0,1,4,6,0,1,0,0,0,0,0,1,0,4,0,3.0,1,1
0,4.0,136,0,1,3,6,0,1,0,1,0,1,0,1,0,4,0,2.0,1,1
1,2.0,100,78,2,0,3,5,1,0,1,1,1,0,3,1,3,0,3.0,1,1
0,6.0,38,0,0,1,0,0,0,1,0,0,1,0,1,350,12,0,1.0,1,1
0,3.0,136,0,1,6,0,0,1,0,1,1,1,0,1,20,3,0,1.0,1,1
0,3.0,136,107,0,0,0,0,1,0,1,1,1,0,1,0,2,0,5.0,1,1
1,3.0,129,0,0,0,5,0,1,0,1,0,1,0,1,0,2,0,3.0,1,1
1,1.0,100,0,1,1,3,5,0,0,1,1,1,0,1,0,2,0,1.0,1,1
0,8.0,136,0,0,0,0,0,1,0,0,0,0,0,1,0,2,0,3.0,1,1
0,1.0,5,0,1,0,1,0,1,0,1,0,1,0,2,0,12,0,3.0,1,1
1,12.0,100,0,0,0,5,0,1,0,0,0,1,0,1,0,12,0,2.0,1,1
0,48.0,136,107,0,4,6,0,0,2,0,0,2,0,2,0,12,0,5.0,1,1
0,16.0,136,0,2,1,3,5,1,0,2,2,2,0,5,0,3,0,5.0,0,1
0,1.0,136,0,1,0,1,4,1,1,1,1,2,0,4,0,2,0,5.0,1,1
0,2.0,136,107,1,1,6,0,1,1,1,0,1,0,1,0,2,0,1.0,1,1
1,2.0,80,0,1,5,0,0,1,0,1,1,1,0,1,20,2,0,1.0,1,1
1,1.0,99,0,2,0,4,5,0,1,1,1,1,0,5,0,2,0,1.0,1,1
0,2.0,136,33,0,0,0,0,2,0,1,1,1,0,2,0,2,0,2.0,1,1
1,12.0,100,0,1,5,6,0,1,0,0,0,0,0,1,0,12,0,1.0,1,1
0,1.0,136,0,1,0,6,0,1,1,0,0,1,0,1,0,2,0,1.0,1,1
1,3.0,100,0,1,5,6,0,1,0,1,1,1,0,1,0,4,0,2.0,1,1
0,3.0,136,0,1,4,6,0,1,1,1,1,1,0,1,0,3,0,3.0,1,1
1,3.0,100,78,2,0,5,5,0,0,1,1,1,0,5,0,2,0,4.0,1,1
0,12.0,51,0,0,0,1,5,1,0,0,0,0,0,1,0,4,0,3.0,1,1
0,1.0,136,0,1,1,6,0,1,0,1,1,1,0,1,0,2,0,2.0,1,1
0,2.0,136,107,1,0,1,0,1,1,1,0,1,0,1,0,2,0,3.0,1,1
0,24.0,38,107,0,6,0,0,1,0,0,0,2,0,1,0,2,0,5.0,1,1
1,3.0,99,0,0,0,1,1,0,1,0,0,0,0,1,0,5,0,5.0,1,1
0,60.0,57,0,1,0,6,0,0,1,2,0,1,0,1,200,12,2,7.0,0,1
0,1.0,136,107,1,0,6,0,1,0,1,2,1,0,1,0,2,0,1.0,1,1
0,2.0,136,0,2,0,1,3,1,1,0,0,1,0,3,0,2,0,4.0,1,1
1,2.0,135,78,1,0,6,0,0,0,1,0,1,0,1,0,12,0,2.0,1,1
0,5.0,136,0,1,0,0,0,1,0,2,2,2,0,1,0,12,0,2.0,1,1
1,12.0,99,0,2,0,6,0,0,1,1,1,1,0,2,0,2,0,3.0,1,1
0,36.0,136,0,0,0,1,0,2,0,0,0,0,0,1,0,12,0,2.0,1,1
0,2.0,136,0,2,1,4,0,1,0,0,0,1,0,2,0,4,0,8.0,1,1
0,60.0,136,0,1,1,6,0,1,1,0,0,0,0,1,0,5,0,4.0,1,1
0,1.0,136,107,0,0,1,0,1,1,1,1,1,0,1,0,2,0,1.0,1,1
0,1.0,44,107,2,0,1,0,1,1,2,0,1,0,2,0,12,0,4.0,1,1
1,1.0,99,0,1,0,3,5,0,1,1,0,1,0,1,0,3,0,4.0,1,1
0,3.0,136,0,1,1,0,0,1,0,0,0,1,0,1,0,2,0,10.0,1,1
1,3.0,100,0,1,4,0,0,1,0,0,0,1,0,1,50,12,0,11.0,1,1
0,8.0,21,107,0,0,1,0,2,1,1,0,1,0,1,0,2,0,0.0,1,1
0,1.0,65,41,2,0,1,3,1,1,1,1,1,0,4,250,12,0,3.0,1,1
0,1.0,136,0,0,0,1,0,1,0,2,0,1,0,1,0,2,0,2.0,1,1
0,2.0,136,0,1,1,0,0,1,0,0,0,1,0,1,0,2,0,3.0,1,1
0,3.0,136,0,1,0,1,5,1,1,0,0,1,0,1,0,2,0,9.0,1,1
1,4.0,100,0,1,0,0,0,0,0,1,1,1,0,1,0,12,0,3.0,1,1
1,3.0,100,0,1,1,6,0,1,0,1,1,1,0,2,0,2,0,5.0,1,1
1,12.0,129,0,2,0,1,1,1,1,1,1,1,0,7,0,12,0,6.0,1,1
0,15.0,136,0,1,1,0,0,1,0,1,0,1,0,1,0,2,0,4.0,1,1
0,3.0,136,0,0,1,6,0,1,1,2,2,2,0,1,0,4,0,1.0,1,1
1,8.0,98,0,1,2,3,5,1,2,2,2,1,0,1,0,12,0,1.0,1,1
0,10.0,16,0,1,1,6,0,0,0,0,0,1,0,1,50,7,0,2.0,1,1
0,3.0,136,1,0,0,1,0,1,1,1,0,1,0,1,0,2,0,5.0,1,1
1,12.0,99,0,1,1,4,0,1,1,1,1,1,0,2,0,2,0,4.0,0,1
1,6.0,100,0,0,2,6,0,0,0,1,1,1,0,1,0,2,0,1.0,1,1
1,10.0,100,0,0,1,0,0,2,0,2,2,2,0,1,0,5,0,2.0,1,1
1,18.0,122,77,1,4,0,0,1,1,0,0,0,0,1,0,12,0,2.0,1,1
1,8.0,100,0,0,2,3,0,0,0,1,0,2,0,1,0,2,0,8.0,1,1
1,36.0,129,0,1,1,0,0,1,0,0,0,0,0,1,0,12,0,6.0,1,1
0,24.0,136,0,0,0,1,0,1,1,2,2,2,0,3,0,0,0,2.0,1,1
0,2.0,136,107,0,1,0,0,1,1,1,0,1,0,1,0,12,0,5.0,1,1
0,1.0,136,0,2,1,0,0,1,1,1,0,1,0,2,0,12,0,3.0,1,1
0,2.0,136,107,1,0,3,0,1,0,1,0,1,0,2,0,3,0,3.0,1,1
0,2.0,136,0,1,1,0,0,1,0,1,0,1,0,1,0,3,0,1.0,1,1
1,3.0,98,97,2,0,3,4,0,1,1,1,1,0,4,0,2,0,5.0,1,1
0,3.0,136,0,2,0,1,3,1,1,2,2,1,0,4,0,2,1,2.0,1,1
1,48.0,98,92,0,6,0,0,2,2,0,0,0,0,1,300,2,0,3.0,1,1
1,2.0,99,0,0,2,0,0,1,1,1,1,1,0,1,0,12,0,7.0,1,1
1,3.0,100,0,1,0,0,0,0,0,2,2,2,0,1,0,12,0,3.0,1,1
0,12.0,48,0,0,5,0,0,0,1,0,0,1,0,1,200,2,0,4.0,1,1
0,10.0,65,10,1,1,6,0,0,0,2,2,0,0,1,0,3,0,3.0,1,1
1,24.0,100,0,1,0,3,5,1,0,0,0,0,0,1,100,2,0,11.0,1,1
1,40.0,100,0,1,0,5,5,1,0,0,0,0,0,1,0,12,0,5.0,1,1
1,1.0,100,0,2,0,1,5,0,0,1,1,1,0,5,0,7,0,9.0,0,1
0,1.0,136,0,0,0,1,0,1,0,0,0,1,0,1,0,2,0,4.0,1,1
0,2.0,136,0,0,1,0,0,1,0,0,0,1,0,1,0,12,0,1.0,1,1
1,12.0,100,97,1,1,0,0,1,0,0,0,0,0,1,0,2,0,4.0,1,1
0,8.0,136,107,2,0,1,5,1,0,0,0,2,0,8,0,2,0,14.0,0,1
1,2.0,100,0,2,0,3,5,0,0,1,1,1,0,3,0,12,0,7.0,1,1
0,24.0,136,107,0,0,1,1,1,1,2,2,2,0,2,0,12,0,4.0,1,1
0,2.0,136,0,1,1,0,0,1,1,0,0,1,0,1,0,2,0,1.0,1,1
1,120.0,122,90,1,1,5,5,0,0,0,0,0,0,1,0,12,0,4.0,1,1
1,1.0,100,0,1,2,3,0,1,0,1,1,1,0,1,5,12,0,1.0,1,1
1,1.0,98,92,2,0,6,0,1,1,1,1,1,0,4,0,12,0,9.0,1,1
0,0.0,136,0,2,1,4,0,1,0,1,1,1,0,2,0,2,0,14.0,1,1
1,3.0,100,0,2,0,5,5,0,0,1,1,1,0,2,0,2,0,5.0,1,1
1,2.0,117,76,1,5,6,0,1,2,1,1,1,0,1,350,3,0,7.0,1,1
0,2.0,136,0,2,1,4,0,1,1,0,0,1,0,6,0,2,3,16.0,1,1
1,24.0,100,0,1,3,5,5,1,0,0,0,0,0,1,0,12,0,3.0,1,1
1,4.0,99,0,1,4,0,0,1,1,0,0,1,0,1,0,2,0,3.0,1,1
1,15.0,129,0,0,3,6,0,1,0,0,0,1,0,1,0,12,0,3.0,1,1
1,3.0,100,0,0,3,6,0,1,0,1,1,1,0,1,0,12,0,1.0,1,1
0,5.0,136,0,1,0,1,5,1,0,1,0,1,0,1,0,7,1,2.0,1,1
0,2.0,136,107,1,6,0,0,1,1,0,0,1,0,1,0,2,0,1.0,1,1
0,1.0,136,107,0,1,0,0,1,0,1,1,1,0,1,0,5,0,1.0,1,1
0,108.0,44,0,1,0,0,0,2,1,2,2,2,1,1,0,12,0,1.0,1,1
1,1.0,129,78,2,2,4,0,1,0,1,1,1,0,2,0,12,0,7.0,1,1
1,1.0,99,0,2,0,3,4,0,1,2,2,1,0,4,0,12,0,1.0,1,1
0,2.0,136,0,1,0,2,3,1,0,2,2,2,0,6,0,3,0,1.0,1,1
1,1.0,100,78,2,0,6,0,1,0,1,1,1,0,4,0,12,0,21.0,1,1
1,2.0,80,0,1,5,0,0,0,0,1,1,2,0,1,0,2,0,0.0,1,1
1,4.0,100,0,0,2,0,0,1,0,0,0,0,0,1,100,2,0,2.0,1,1
0,60.0,65,107,0,4,5,0,1,1,2,2,1,0,1,0,2,0,5.0,1,1
0,2.0,21,51,0,0,1,0,1,0,0,0,1,0,1,0,2,0,10.0,1,1
0,60.0,33,0,1,4,0,0,0,1,0,0,0,0,1,0,2,0,2.0,1,1
0,4.0,136,0,0,0,6,0,1,0,0,0,1,0,1,0,2,0,1.0,1,1
0,4.0,52,107,1,1,0,0,0,0,2,2,2,0,1,0,2,0,5.0,1,1
0,30.0,28,0,1,0,2,0,0,0,0,2,1,0,1,50,2,0,3.0,1,1
0,72.0,136,0,0,4,0,0,1,0,0,2,1,0,1,0,3,0,1.0,0,1
1,5.0,100,0,1,2,0,0,1,0,1,1,1,0,1,60,12,0,2.0,1,1
0,60.0,136,0,0,0,4,5,2,2,2,2,2,0,1,0,2,0,1.0,1,1
0,5.0,136,107,1,3,4,5,1,1,1,1,1,0,1,0,12,0,2.0,1,1
1,2.0,99,0,1,0,4,4,1,1,2,2,2,0,1,0,3,0,1.0,1,1
0,28.0,136,0,1,1,6,0,1,0,0,0,0,0,1,0,2,0,1.0,1,1
0,12.0,21,0,0,0,6,0,2,0,2,2,1,0,1,0,2,0,6.0,1,1
0,72.0,8,0,0,2,0,0,1,1,0,0,1,0,1,30,2,0,3.0,1,1
1,24.0,100,0,1,0,3,5,2,0,1,1,1,0,1,0,12,0,1.0,1,1
1,2.0,100,0,0,0,6,0,0,0,1,1,1,0,1,0,2,1,5.0,1,1
0,12.0,8,0,0,2,0,0,2,2,0,0,1,0,1,0,2,0,1.0,1,1
0,8.0,136,0,1,1,0,0,2,1,2,2,0,0,1,0,2,1,1.0,1,1
0,24.0,136,0,1,0,6,0,1,0,0,0,0,1,1,0,0,0,3.0,1,1
1,0.0,99,0,2,0,0,0,0,1,1,1,1,0,3,0,2,0,2.0,1,1
1,1.0,98,78,1,0,1,2,0,1,1,1,1,0,1,100,7,0,2.0,1,1
0,4.0,136,107,1,1,6,0,1,1,1,0,1,0,1,0,12,0,7.0,1,1
0,3.0,136,0,1,0,0,0,1,1,0,0,1,0,1,0,2,0,1.0,1,1
1,8.0,100,0,2,2,0,0,1,0,2,2,2,0,2,0,7,0,5.0,1,1
0,2.0,136,0,1,1,0,0,0,0,2,2,2,0,2,0,12,0,1.0,1,1
0,1.0,136,0,0,1,6,0,0,1,1,1,1,1,1,0,2,0,2.0,1,1
1,5.0,99,0,0,0,0,0,2,1,0,1,1,0,1,0,12,0,3.0,1,1
1,4.0,99,78,1,0,0,0,1,1,1,0,1,0,1,0,2,0,2.0,1,1
1,8.0,129,0,0,4,6,0,1,1,1,1,1,0,2,0,2,0,3.0,1,1
0,96.0,57,0,1,4,0,0,1,1,0,0,0,0,1,0,12,0,4.0,1,1
1,1.0,99,78,2,0,3,5,0,1,1,1,1,0,4,0,12,0,3.0,1,1
0,11.0,136,4,0,0,1,0,1,1,2,2,2,0,1,0,2,0,4.0,1,1
0,1.0,136,0,2,1,0,0,1,1,1,1,1,0,4,0,2,0,4.0,0,1
1,4.0,129,0,0,0,5,5,1,0,1,1,1,0,1,0,2,0,5.0,1,1
0,3.0,136,0,1,1,0,0,1,1,1,1,1,0,1,0,12,0,3.0,1,1
1,12.0,122,0,2,1,0,0,1,0,2,0,1,0,6,0,2,0,3.0,1,1
1,5.0,114,0,1,5,6,0,1,1,2,2,2,0,1,0,2,0,2.0,1,1
1,1.0,132,0,1,0,1,5,0,1,1,1,1,0,1,0,2,1,2.0,1,1
1,2.0,100,0,0,0,1,0,0,0,1,1,1,0,1,0,12,0,1.0,1,1
0,36.0,57,0,1,0,1,5,0,1,0,0,1,0,1,0,2,0,4.0,1,1
1,6.0,100,0,1,0,6,0,1,0,0,0,0,0,1,90,2,0,5.0,1,1
1,2.0,100,0,0,1,6,0,1,0,1,0,1,0,1,0,2,0,10.0,1,1
1,8.0,99,0,0,6,0,0,1,1,1,0,1,0,1,0,12,0,5.0,1,1
0,1.0,136,0,1,4,0,0,0,0,1,1,1,0,1,0,2,0,1.0,1,1
1,2.0,100,0,0,0,0,0,1,0,0,0,0,0,1,100,2,0,3.0,1,1
0,1.0,136,107,0,1,0,0,0,0,2,2,1,0,1,0,6,0,3.0,1,1
0,6.0,136,0,1,1,0,0,1,1,0,0,2,2,1,0,2,0,5.0,1,1
0,6.0,136,0,0,0,6,0,1,1,0,0,0,0,1,0,2,0,5.0,1,1
1,32.0,132,0,1,0,2,5,1,0,0,0,0,0,1,0,2,0,0.0,1,1
0,2.0,136,0,0,1,0,0,1,0,0,0,1,0,1,0,2,0,3.0,1,1
0,12.0,136,18,0,0,2,0,1,1,0,0,1,0,1,100,2,1,10.0,1,1
1,0.0,100,101,0,0,5,5,1,0,1,1,1,0,1,0,12,0,10.0,1,1
0,1.0,136,0,2,0,1,0,1,0,0,0,1,0,5,0,2,0,12.0,1,1
0,46.0,136,0,0,0,1,5,1,1,0,0,0,0,2,0,12,0,6.0,1,1
0,2.0,136,0,0,0,1,5,0,1,0,0,1,0,1,0,2,0,5.0,1,1
1,4.0,91,78,1,0,2,5,1,0,1,1,1,0,1,0,2,0,1.0,0,1
1,72.0,100,0,1,0,0,0,1,1,0,0,0,0,2,0,12,0,3.0,1,1
0,2.0,136,0,2,0,1,5,0,0,1,1,1,0,10,0,12,0,2.0,0,1
1,2.0,100,0,0,1,0,0,1,1,0,0,1,0,1,0,2,0,2.0,1,1
1,12.0,100,85,0,0,1,0,2,0,2,0,1,0,1,0,12,0,3.0,1,1
1,1.0,99,78,1,1,6,0,1,1,2,2,1,0,3,0,2,0,3.0,1,1
1,6.0,99,0,1,5,0,0,1,1,1,0,1,0,1,0,1,0,4.0,1,1
0,6.0,39,36,1,1,0,0,2,1,0,0,0,0,1,0,2,0,7.0,1,1
1,3.0,99,0,1,0,3,5,1,1,1,0,1,0,1,100,2,0,2.0,1,1
0,2.0,136,107,2,1,3,3,0,0,1,1,2,0,6,0,2,0,4.0,1,1
0,12.0,136,0,0,1,0,0,1,0,0,0,0,0,1,0,12,0,2.0,0,1
1,7.0,100,0,1,1,6,0,1,0,0,0,1,0,1,0,2,0,6.0,1,1
0,2.0,136,0,0,0,1,5,1,0,1,1,1,0,2,0,2,0,3.0,1,1
0,4.0,136,0,1,2,0,0,1,0,0,0,1,0,1,0,12,0,1.0,1,1
0,4.0,136,0,1,1,4,0,0,0,0,0,2,0,1,0,12,0,2.0,1,1
0,4.0,157,107,0,0,6,0,1,0,0,0,1,0,1,0,2,0,3.0,1,1
1,12.0,100,0,1,0,6,0,1,0,0,0,0,0,1,0,12,0,5.0,1,1
0,1.0,136,0,0,1,0,0,0,0,1,1,1,0,1,0,2,0,6.0,1,1
0,3.0,65,0,0,2,4,0,1,0,1,0,1,0,1,0,2,0,2.0,1,1
1,4.0,99,0,0,6,0,0,1,1,0,0,1,0,1,0,2,0,1.0,1,1
1,12.0,82,0,1,0,1,5,1,2,1,0,0,0,1,300,12,0,3.0,1,1
1,3.0,99,0,1,0,1,1,1,1,0,0,1,0,1,0,2,0,0.0,1,1
1,1.0,129,0,2,0,2,3,1,1,1,1,1,0,4,0,2,0,12.0,1,1
0,48.0,57,0,0,0,1,5,0,2,1,1,1,0,1,50,7,0,1.0,0,1
1,5.0,130,101,0,0,1,5,1,0,1,1,1,0,2,0,12,0,2.0,1,1
0,1.0,136,107,0,0,1,5,1,0,0,0,1,0,1,100,2,0,4.0,1,1
1,3.0,100,101,0,0,1,0,0,0,1,1,0,0,1,0,2,0,3.0,1,1
1,42.0,100,0,0,0,0,0,2,0,0,0,0,0,1,0,12,0,4.0,1,1
0,1.0,136,0,0,1,0,0,0,0,1,1,1,0,1,0,2,0,0.0,1,1
0,3.0,136,0,2,1,4,5,0,0,1,1,1,0,3,0,12,0,4.0,1,1
1,24.0,98,0,1,0,3,3,1,2,0,0,1,0,1,0,2,0,5.0,1,1
0,2.0,136,0,1,1,0,0,1,1,1,0,1,0,1,0,3,0,1.0,1,1
0,12.0,136,0,0,1,6,0,1,0,2,2,0,0,1,0,2,0,4.0,1,1
0,3.0,136,0,1,1,0,0,1,0,1,1,1,0,1,50,12,0,2.0,1,1
0,9.0,65,107,0,2,4,0,1,0,0,0,1,0,1,0,2,0,3.0,1,1
0,48.0,136,107,0,0,1,0,1,1,0,0,0,0,1,0,2,0,2.0,1,1
1,6.0,100,0,0,1,6,0,1,0,1,1,1,0,2,0,12,0,4.0,1,1
1,3.0,100,0,1,6,0,0,0,0,0,0,1,0,1,0,12,0,3.0,1,1
1,2.0,100,0,0,1,0,0,1,1,0,0,1,0,1,0,2,0,0.0,0,1
0,36.0,5,107,0,0,0,0,1,0,1,1,1,0,1,0,2,0,1.0,1,1
0,1.0,136,0,1,0,1,0,1,0,0,0,1,0,1,0,2,0,1.0,1,1
1,1.0,99,78,2,0,5,5,0,1,1,1,1,0,2,0,2,0,16.0,1,1
1,2.0,100,0,1,0,5,0,0,0,1,0,1,0,1,0,12,0,2.0,1,1
0,4.0,136,107,2,1,3,5,1,1,1,1,1,0,4,0,2,0,3.0,0,1
0,3.0,136,0,1,1,0,0,1,1,0,0,1,0,1,0,2,0,8.0,1,1
0,1.0,136,0,1,0,1,3,1,1,1,1,1,0,1,0,12,0,4.0,0,1
1,4.0,100,0,0,1,0,0,1,0,1,0,1,0,1,0,3,0,5.0,1,1
1,2.0,100,0,0,5,0,0,0,0,1,0,1,0,1,0,12,0,1.0,1,1
0,30.0,151,0,1,1,0,0,1,1,0,0,0,0,1,350,7,0,2.0,1,1
1,15.0,85,78,1,4,0,0,1,1,0,0,0,0,1,200,12,0,2.0,0,1
1,8.0,100,0,2,1,5,5,1,0,0,0,0,0,2,0,12,0,1.0,1,1
0,1.0,136,107,0,1,4,5,1,1,0,0,1,0,1,0,2,0,2.0,1,1
1,18.0,100,0,0,3,0,0,1,0,0,0,0,0,1,0,12,0,1.0,1,1
0,36.0,13,9,0,0,6,0,2,2,0,0,1,0,1,0,2,0,1.0,1,1
1,3.0,100,0,1,3,6,0,1,0,1,0,1,0,1,0,2,0,9.0,1,1
0,2.0,136,107,0,1,6,0,1,1,0,0,1,0,1,0,2,0,1.0,1,1
1,2.0,100,0,1,0,0,0,0,0,1,1,1,0,1,0,12,0,1.0,1,1
0,35.0,8,14,1,2,0,0,1,1,1,0,0,0,1,50,7,0,2.0,1,1
1,2.0,99,0,1,6,0,0,0,1,1,1,1,0,1,10,2,0,1.0,1,1
1,2.0,108,92,0,2,4,5,1,1,1,0,1,0,1,100,2,0,2.0,1,1
0,24.0,164,107,0,1,6,0,0,2,2,2,2,0,1,0,0,0,2.0,1,1
0,32.0,40,0,0,0,4,0,0,0,0,0,1,0,2,0,2,0,2.0,1,1
1,3.0,129,0,0,1,0,0,1,0,2,2,2,0,1,0,7,0,3.0,1,1
0,1.0,136,0,2,0,1,0,0,0,1,1,2,0,6,0,5,0,0.0,1,1
0,2.0,44,0,1,0,2,0,2,1,2,2,1,0,1,300,2,0,2.0,1,1
1,6.0,120,0,0,5,0,0,1,0,2,2,1,0,1,0,2,0,3.0,1,1
1,1.0,100,0,0,0,3,5,1,0,1,0,1,0,2,100,2,0,14.0,1,1
0,3.0,136,33,1,0,1,0,1,1,0,0,1,0,1,0,2,1,5.0,1,1
0,96.0,45,40,0,1,2,2,1,0,0,0,0,0,1,0,12,0,2.0,1,1
0,1.0,136,107,0,0,1,0,1,1,1,0,1,0,1,0,2,0,3.0,1,1
0,2.0,136,0,0,6,0,0,1,0,1,0,1,0,1,0,2,0,9.0,1,1
1,2.0,100,90,1,0,1,5,0,0,1,0,1,0,1,100,2,0,10.0,1,1
0,4.0,136,0,0,4,6,0,1,0,0,2,1,0,1,299,12,0,15.0,1,1
1,20.0,100,97,1,1,4,5,0,0,1,0,0,0,1,30,2,0,3.0,1,1
0,2.0,136,0,0,4,6,0,1,1,1,1,1,0,3,20,2,0,1.0,1,1
1,12.0,100,77,2,1,2,5,1,0,1,0,0,0,2,0,7,0,5.0,1,1
0,1.0,136,107,2,0,1,5,1,0,1,1,1,0,8,0,12,0,3.0,1,1
0,12.0,136,0,0,4,0,0,1,0,2,2,2,0,1,0,2,0,2.0,1,1
0,60.0,144,107,0,4,5,5,2,0,0,0,0,0,1,0,2,0,5.0,1,1
1,9.0,100,78,0,2,0,0,1,1,1,0,0,0,1,30,2,0,4.0,1,1
0,4.0,136,107,0,1,6,0,1,1,2,2,2,0,1,0,2,0,1.0,1,1
1,18.0,135,78,0,0,6,0,1,0,1,0,0,0,1,0,12,0,1.0,1,1
0,2.0,136,107,1,1,0,0,1,1,0,0,1,0,1,0,2,0,1.0,1,1
0,3.0,136,0,0,1,0,0,1,1,0,0,1,0,1,0,2,0,3.0,1,1
0,1.0,136,123,2,0,1,3,1,0,0,0,0,0,4,8,12,0,4.0,1,1
1,1.0,99,77,2,0,1,5,1,1,1,1,1,0,2,0,12,0,5.0,1,1
0,6.0,16,39,0,1,4,5,1,0,0,0,1,0,1,0,2,0,3.0,1,1
0,3.0,136,107,1,0,6,0,1,0,1,1,2,0,2,0,2,0,2.0,1,1
1,1.0,99,101,0,5,0,0,0,1,1,1,1,1,1,0,2,0,7.0,1,1
0,2.0,136,14,2,1,6,0,1,0,2,2,2,0,2,0,2,0,2.0,0,1
0,29.0,157,0,1,0,1,5,2,0,0,0,1,0,1,1,2,0,0.0,1,1
0,18.0,23,0,0,5,6,0,1,2,0,0,0,0,1,0,2,0,2.0,1,1
1,2.0,99,0,1,0,6,0,1,1,1,1,1,0,1,0,2,0,5.0,1,1
0,24.0,38,0,0,4,0,0,0,0,0,0,2,0,1,350,2,0,3.0,1,1
1,11.0,100,0,0,2,6,0,1,0,1,1,1,0,1,0,5,0,3.0,1,1
0,4.0,136,107,1,0,6,0,1,0,0,0,1,0,1,100,2,0,12.0,1,1
0,1.0,136,0,1,4,0,0,1,1,1,1,1,0,1,0,2,0,2.0,1,1
1,36.0,100,0,1,0,5,5,1,1,1,1,0,0,1,0,12,0,4.0,1,1
1,2.0,100,0,0,3,4,0,2,1,1,1,2,0,2,0,2,0,4.0,1,1
0,2.0,136,0,1,6,0,0,1,0,1,1,1,0,1,20,3,0,1.0,1,1
0,2.0,136,0,1,0,1,0,1,0,1,0,1,0,1,0,2,0,1.0,1,1
0,3.0,39,107,1,1,6,0,1,0,2,2,1,0,1,0,2,0,4.0,1,1
1,3.0,100,0,2,1,4,0,0,0,1,2,1,0,4,0,2,0,1.0,1,1
1,1.0,100,0,1,0,3,5,1,0,1,0,1,0,1,0,2,0,11.0,1,1
1,1.0,99,0,0,0,0,0,1,1,1,1,1,0,1,0,12,0,4.0,1,1
0,1.0,136,107,2,0,1,5,1,1,1,1,2,0,7,0,2,0,8.0,1,1
1,2.0,129,78,1,0,1,4,0,1,1,1,1,0,1,0,2,0,0.0,0,1
0,1.0,136,0,1,0,1,0,1,0,1,1,1,0,4,0,4,0,5.0,1,1
1,3.0,99,0,1,4,0,0,1,1,1,0,1,0,1,0,2,0,6.0,1,1
0,3.0,136,0,1,0,1,0,1,1,0,0,1,0,1,0,2,0,2.0,1,1
0,1.0,136,0,2,0,1,0,0,0,1,1,1,0,4,0,2,0,1.0,0,1
0,48.0,147,0,1,2,5,5,0,0,0,0,0,0,1,50,3,0,5.0,1,1
0,3.0,136,0,0,1,6,0,1,0,0,0,0,0,1,0,2,0,3.0,1,1
1,24.0,89,0,1,1,2,3,1,1,0,0,1,0,1,0,2,0,3.0,1,1
1,24.0,106,0,0,1,6,0,1,0,2,2,1,2,1,0,5,0,3.0,1,1
1,12.0,99,0,0,1,6,0,1,1,0,0,0,0,1,0,2,0,2.0,1,1
1,1.0,100,0,2,1,4,4,0,0,1,0,1,0,2,0,12,0,1.0,1,1
0,5.0,136,0,1,1,0,0,0,0,1,1,1,0,1,0,12,0,6.0,1,1
1,1.0,100,0,1,1,2,2,0,0,1,0,1,0,4,0,4,0,2.0,1,1
1,13.0,99,87,1,2,6,0,1,1,0,0,0,0,1,0,2,0,4.0,1,1
0,2.0,136,0,0,0,6,0,1,1,1,1,1,0,2,0,12,0,2.0,1,1
1,5.0,99,0,0,0,1,0,1,1,1,1,1,0,1,0,2,0,3.0,1,1
0,3.0,136,107,2,0,1,5,1,0,1,1,1,0,6,0,7,0,1.0,1,1
1,12.0,100,0,0,3,0,0,1,0,0,0,2,0,1,0,2,0,5.0,1,1
1,36.0,91,0,1,0,2,5,1,0,0,0,1,0,1,100,4,0,5.0,1,1
1,2.0,117,0,1,5,0,0,1,2,0,0,1,0,1,350,4,0,2.0,1,1
0,10.0,136,0,0,0,1,0,1,0,0,0,0,0,1,0,12,0,6.0,1,1
0,6.0,136,0,1,1,0,0,1,0,0,0,0,0,1,0,7,0,1.0,1,1
0,9.0,136,0,0,1,0,0,1,0,0,2,0,0,1,0,12,0,1.0,1,1
0,1.0,136,0,2,1,6,0,1,1,1,1,1,0,5,0,3,0,8.0,0,1
0,2.0,136,0,0,0,1,0,1,0,1,0,1,0,1,0,3,0,6.0,1,1
0,17.0,136,0,1,1,4,5,0,0,1,0,0,0,2,0,12,0,0.0,1,1
0,3.0,136,0,2,0,1,3,1,0,1,0,1,0,2,0,4,0,1.0,1,1
1,3.0,100,0,1,0,5,5,1,0,1,0,1,0,1,0,12,0,5.0,1,1
1,24.0,100,0,1,1,3,0,1,0,1,1,0,0,1,0,2,0,1.0,1,1
0,2.0,136,0,2,0,1,0,1,0,0,0,1,0,2,0,2,0,1.0,1,1
1,1.0,100,0,0,5,6,0,0,0,1,1,1,0,2,0,2,0,9.0,1,1
0,5.0,155,120,0,0,6,0,0,1,0,0,1,0,1,0,2,0,10.0,1,1
0,84.0,136,0,1,1,6,0,0,0,0,0,0,0,1,0,2,0,2.0,1,1
1,6.0,99,0,2,0,5,0,0,1,1,0,0,0,3,100,2,0,3.0,0,1
0,2.0,136,0,1,1,4,5,1,2,0,0,1,0,1,0,12,0,5.0,1,1
0,2.0,136,0,1,0,1,0,0,1,0,0,1,0,1,0,2,0,4.0,1,1
0,2.0,136,0,2,0,1,2,1,0,1,1,1,0,20,0,2,0,2.0,1,1
1,8.0,100,0,1,5,6,0,1,0,0,0,0,0,1,50,12,0,1.0,1,1
1,2.0,100,0,2,0,4,4,0,0,0,0,1,0,2,80,12,0,15.0,1,1
1,2.0,100,0,0,0,6,0,1,0,0,0,1,0,1,0,2,0,4.0,1,1
1,3.0,100,0,1,0,3,4,1,0,1,1,1,0,1,50,12,0,4.0,0,1
1,5.0,100,0,2,6,0,0,1,0,1,0,1,0,2,0,2,0,4.0,1,1
0,39.0,136,0,0,0,6,0,1,0,0,0,1,0,1,0,2,0,5.0,1,1
1,2.0,100,78,2,0,1,5,1,0,1,1,2,0,2,1,12,0,5.0,1,1
1,6.0,100,0,1,0,1,4,1,0,0,0,0,0,1,0,12,0,1.0,1,1
0,4.0,136,0,1,1,0,0,1,0,0,0,0,0,1,0,12,0,5.0,1,1
0,1.0,136,0,1,0,1,0,1,0,1,1,1,0,1,0,2,0,5.0,1,1
1,36.0,99,0,1,0,5,0,1,1,1,1,1,0,1,0,12,0,3.0,1,1
0,3.0,136,0,1,1,0,0,1,0,2,2,2,0,1,0,2,0,2.0,1,1
0,84.0,16,0,1,1,6,0,0,0,0,0,0,0,1,0,2,0,4.0,1,1
0,24.0,1,0,2,3,0,0,1,0,0,0,0,0,2,0,4,0,5.0,1,1
1,1.0,100,0,0,2,0,0,1,1,1,1,1,0,1,0,2,0,6.0,1,1
0,3.0,136,0,1,0,1,5,1,0,1,1,1,0,1,0,2,0,4.0,0,1
0,2.0,136,0,1,0,1,0,1,0,1,0,1,0,1,0,2,0,5.0,1,1
1,2.0,100,0,1,5,0,0,1,0,0,0,1,0,1,0,2,0,9.0,1,1
1,1.0,100,0,2,0,6,0,0,0,1,1,1,0,2,0,2,0,8.0,1,1
0,48.0,136,107,1,6,0,0,2,0,0,0,0,0,1,100,5,0,4.0,1,1
1,4.0,100,0,1,4,6,0,0,0,0,0,0,0,1,50,12,0,5.0,1,1
1,60.0,98,76,2,0,5,5,2,2,0,0,0,0,2,0,2,0,2.0,1,1
0,3.0,136,0,1,0,0,0,1,0,1,1,1,0,1,0,2,0,2.0,1,1
1,21.0,99,0,2,0,1,5,1,0,0,0,1,0,8,0,2,0,5.0,0,1
0,12.0,136,0,0,4,0,0,1,1,2,2,1,0,1,0,12,1,5.0,1,1
0,2.0,136,0,0,0,3,0,1,1,1,1,1,0,2,0,2,0,19.0,1,1
1,5.0,100,0,0,0,6,0,1,0,1,0,1,0,1,0,2,0,4.0,1,1
0,7.0,136,121,2,0,4,0,0,0,0,0,1,0,2,350,2,0,3.0,1,1
0,2.0,158,107,2,0,2,3,1,0,0,0,1,0,2,0,2,0,8.0,1,1
0,18.0,139,14,1,3,4,5,1,1,1,0,0,0,1,100,12,0,2.0,1,1
1,1.0,99,0,2,0,5,5,0,1,1,1,1,0,2,0,12,0,4.0,1,1
1,24.0,84,97,1,5,0,0,2,1,2,0,0,0,1,150,12,0,1.0,1,1
1,3.0,129,0,0,0,5,0,1,0,1,0,1,0,1,0,2,0,4.0,1,1
1,3.0,100,0,0,0,6,0,1,0,1,0,1,0,1,0,2,0,1.0,0,1
0,8.0,136,0,1,0,1,0,1,0,0,0,0,0,1,0,12,0,3.0,1,1
1,18.0,98,0,1,0,0,0,2,2,0,0,1,0,1,300,2,0,2.0,1,1
0,1.0,62,107,2,1,4,5,1,1,1,1,1,0,7,0,2,0,5.0,1,1
1,3.0,129,0,1,0,1,5,0,0,1,0,0,0,5,30,2,0,0.0,0,1
1,1.0,100,0,2,0,3,4,1,0,1,0,1,0,5,0,12,0,11.0,1,1
1,4.0,122,76,0,0,6,0,1,1,2,0,1,0,2,100,12,0,2.0,1,1
0,1.0,136,0,1,0,0,0,0,0,1,0,1,0,2,0,2,0,7.0,1,1
1,2.0,79,60,1,1,0,0,0,0,1,0,1,0,1,0,7,0,5.0,1,1
0,2.0,94,107,1,0,1,0,3,0,0,0,1,0,1,0,2,0,3.0,1,1
1,18.0,100,0,1,0,1,5,1,1,0,0,0,0,1,0,2,0,5.0,1,1
1,5.0,100,0,2,0,1,5,0,0,2,2,2,0,3,0,12,0,1.0,1,1
1,6.0,100,0,2,0,5,5,1,0,1,0,0,0,4,0,12,0,5.0,1,1
0,2.0,54,107,0,1,4,0,2,0,1,1,1,0,1,0,2,0,11.0,1,1
0,2.0,136,0,1,0,1,0,1,0,1,0,1,0,1,0,4,0,1.0,0,1
0,96.0,70,107,1,6,0,0,0,1,2,2,2,0,1,0,2,0,1.0,1,1
0,6.0,136,4,1,2,4,5,1,1,0,0,1,0,1,0,2,0,11.0,1,1
1,5.0,100,0,2,0,1,1,1,0,0,0,1,0,3,0,5,0,5.0,1,1
0,2.0,136,18,1,1,5,0,1,0,1,0,0,0,1,0,2,0,8.0,1,1
1,2.0,100,0,1,0,1,0,0,0,1,0,1,0,1,0,2,0,11.0,1,1
0,19.0,136,51,0,0,1,0,1,0,0,0,1,0,1,0,2,0,3.0,1,1
1,11.0,100,78,1,0,3,5,1,0,0,0,0,0,1,0,2,0,5.0,1,1
1,2.0,122,78,2,1,4,5,1,0,1,1,1,0,2,0,12,0,3.0,1,1
1,1.0,100,0,2,1,4,5,0,0,1,1,1,0,7,0,2,0,1.0,0,1
1,2.0,117,76,1,0,1,3,1,2,1,0,1,0,1,100,2,0,5.0,1,1
0,1.0,136,0,1,0,1,0,1,0,1,0,1,0,1,0,12,0,9.0,1,1
0,2.0,38,37,1,1,0,0,0,1,1,0,1,0,1,350,2,0,0.0,1,1
1,7.0,99,0,1,0,1,2,1,1,1,0,1,0,1,0,12,0,4.0,1,1
0,2.0,136,0,0,1,0,0,1,1,1,2,1,0,1,0,2,0,1.0,0,1
0,0.0,136,0,1,1,6,0,1,1,1,1,1,0,1,0,2,0,4.0,1,1
0,12.0,136,0,0,1,6,0,1,0,0,0,0,0,1,0,2,0,1.0,1,1
1,2.0,100,78,2,0,1,1,1,0,1,1,1,0,5,0,2,0,3.0,1,1
1,3.0,100,0,1,0,0,0,1,1,1,1,1,0,1,0,2,0,1.0,1,1
1,2.0,100,0,1,2,3,0,0,0,1,1,1,0,1,0,12,0,3.0,1,1
0,4.0,136,0,1,4,0,0,1,0,0,0,0,0,1,0,4,0,5.0,1,1
0,1.0,136,0,0,1,0,0,1,0,1,1,1,0,1,20,3,0,1.0,1,1
0,2.0,136,0,0,1,0,0,1,0,0,0,1,0,1,0,12,0,3.0,1,1
1,3.0,98,0,0,0,2,0,0,2,1,1,1,0,1,150,2,0,3.0,1,1
0,24.0,136,0,1,0,1,0,1,1,0,0,0,0,1,0,2,0,3.0,1,1
1,4.0,100,78,0,6,0,0,1,0,0,0,1,0,1,0,2,0,4.0,1,1
0,2.0,136,0,0,0,1,0,1,0,1,1,1,0,1,0,2,0,2.0,1,1
0,3.0,136,4,0,0,6,0,1,1,0,0,1,0,1,0,2,0,5.0,1,1
1,2.0,100,0,1,0,3,5,0,0,1,1,1,0,1,20,2,1,4.0,0,1
1,24.0,100,0,1,3,0,0,1,0,0,0,1,0,1,0,12,0,6.0,1,1
0,36.0,136,107,0,0,1,5,1,2,0,0,0,0,2,250,12,0,2.0,1,1
1,2.0,100,0,1,0,0,0,0,1,1,0,1,0,1,0,2,0,3.0,1,1
0,4.0,59,107,1,4,0,0,1,1,0,0,0,0,1,0,2,0,2.0,1,1
0,17.0,136,0,0,4,6,0,1,1,0,0,2,0,1,100,3,0,2.0,1,1
0,3.0,136,116,1,0,0,0,0,0,0,0,1,0,1,0,2,0,8.0,1,1
0,60.0,21,107,0,4,6,0,1,1,0,0,0,0,1,0,2,0,9.0,1,1
0,3.0,136,0,1,1,6,0,0,0,2,2,2,1,1,0,2,0,0.0,1,1
1,4.0,99,0,1,2,6,0,1,1,1,0,1,0,2,0,12,0,9.0,1,1
1,4.0,100,0,1,1,6,0,0,0,1,0,1,0,1,0,12,0,3.0,1,1
1,2.0,99,90,1,2,6,0,1,1,1,0,1,0,1,50,3,0,2.0,1,1
1,12.0,88,74,1,5,0,0,1,1,0,0,1,0,1,160,2,0,3.0,1,1
1,1.0,99,0,0,3,6,0,1,1,1,1,1,0,1,0,12,0,5.0,1,1
1,6.0,100,0,1,0,5,0,1,0,0,0,0,0,1,50,12,1,10.0,1,1
1,36.0,91,0,1,0,3,5,1,0,2,2,1,0,1,0,2,0,4.0,1,1
1,4.0,135,0,0,0,1,5,1,1,1,0,1,0,1,0,2,0,5.0,1,1
1,4.0,99,0,1,0,5,5,1,1,1,0,2,0,1,0,2,0,4.0,1,1
0,3.0,136,11,1,4,0,0,1,0,0,0,1,0,1,0,2,0,1.0,1,1
0,2.0,44,0,0,0,1,0,1,0,1,1,1,0,1,0,12,0,2.0,1,1
1,4.0,99,0,0,2,6,0,0,1,2,0,1,1,1,0,2,0,9.0,1,1
0,3.0,136,0,0,0,0,0,1,0,2,2,2,0,1,0,2,0,1.0,1,1
1,4.0,100,0,1,0,2,0,0,0,1,1,1,0,1,0,12,0,1.0,1,1
1,2.0,100,0,0,3,6,0,1,0,1,0,1,0,1,0,2,0,22.0,1,1
1,5.0,99,0,1,2,0,0,1,1,1,0,1,0,1,0,0,0,2.0,1,1
0,3.0,136,0,1,1,0,0,1,1,1,0,1,0,1,0,12,0,1.0,1,1
1,24.0,99,0,1,4,5,5,1,1,0,0,0,0,1,0,12,0,3.0,1,1
0,2.0,136,0,1,0,1,5,1,0,0,0,1,0,3,0,2,0,4.0,1,1
1,2.0,100,0,0,0,5,5,1,0,0,0,1,0,4,100,2,0,5.0,1,1
0,3.0,136,0,0,0,0,0,1,0,1,0,1,0,1,0,12,0,7.0,1,1
0,2.0,136,0,1,0,1,5,1,1,0,0,1,0,1,0,2,0,3.0,1,1
1,2.0,99,0,0,3,6,0,1,1,1,1,1,0,1,0,12,0,7.0,1,1
0,42.0,18,107,2,0,6,0,1,1,0,0,0,0,2,0,2,0,4.0,1,1
0,21.0,57,0,0,1,4,5,0,2,0,0,1,0,1,200,12,0,2.0,1,1
1,2.0,100,0,1,3,6,0,0,0,0,0,1,0,3,0,12,0,7.0,1,1
0,2.0,136,0,1,2,0,0,1,1,1,0,1,0,1,0,2,0,2.0,1,1
0,5.0,51,0,1,1,6,0,1,1,0,0,1,0,1,0,2,0,1.0,1,1
0,72.0,5,0,1,0,1,0,2,1,1,0,2,1,1,0,2,0,2.0,1,1
1,84.0,98,76,2,0,6,0,1,1,0,0,0,0,2,50,2,0,3.0,1,1
0,1.0,136,0,2,0,1,5,1,0,1,1,2,0,7,0,6,0,0.0,0,1
0,4.0,136,0,1,0,1,0,1,0,0,0,1,0,1,0,2,0,1.0,1,1
0,72.0,51,0,1,1,3,5,1,0,2,2,2,0,1,0,12,0,1.0,1,1
0,3.0,136,0,0,1,0,0,1,1,2,2,2,0,1,0,2,0,3.0,1,1
1,2.0,100,0,0,0,6,0,2,0,1,1,1,0,4,0,2,0,3.0,1,1
1,3.0,100,0,2,1,4,4,1,0,0,0,1,0,4,0,2,0,1.0,1,1
1,1.0,100,0,2,0,3,5,1,0,1,0,1,0,6,0,2,1,9.0,1,1
0,2.0,136,0,0,1,0,0,1,0,1,1,1,0,1,0,12,0,1.0,1,1
0,3.0,8,107,0,1,2,5,1,2,1,1,1,0,1,0,2,0,6.0,1,1
1,6.0,100,78,0,0,5,0,0,0,1,0,0,0,1,0,2,0,1.0,1,1
1,12.0,122,0,1,4,0,0,2,0,0,0,0,0,1,0,12,0,2.0,1,1
0,24.0,136,0,0,0,6,0,1,0,0,0,0,0,1,120,2,0,1.0,1,1
0,36.0,136,53,0,1,4,0,0,2,0,0,0,0,1,150,2,0,13.0,1,1
0,24.0,157,0,1,0,6,0,1,0,0,0,2,0,1,0,12,0,2.0,1,1
1,4.0,100,0,0,0,5,5,0,0,1,1,1,0,1,0,2,0,10.0,1,1
0,3.0,136,0,0,1,6,0,1,1,0,0,1,0,1,0,2,0,2.0,1,1
1,8.0,99,101,1,0,1,0,1,1,0,0,1,0,1,0,2,0,2.0,1,1
0,2.0,136,0,1,5,6,0,0,0,1,0,2,0,1,0,2,0,1.0,1,1
0,2.0,136,107,0,0,0,0,1,1,0,0,1,0,1,0,12,0,2.0,1,1
0,2.0,136,107,0,0,1,5,1,1,1,1,1,0,1,0,2,0,2.0,1,1
1,30.0,129,78,0,2,3,3,1,0,0,0,0,0,1,0,12,0,2.0,1,1
